ID	원문hex	위치
D00001	90bb956994c58352815b8358	0:18
D00002	8366836f8362834e8352815b8358	0:25
D00003	92b290ae8352815b8358	0:34
D00004	8272826f8352815b8358	0:3F
D00005	94bd92ac82ad82f182cc8352815b8358	0:4A
D00006	8db2948c82ad82f182cc8352815b8358	0:5B
D00007	8aaa938782ad82f182cc8352815b8358	0:6C
D00008	8dc58f8982a982e78ec08d73	0:7D
D00009	8db2948c82ad82f18ec08d73	0:8A
D00010	8365835883678352815b83588ec08d73	0:97
D00011	8e7e82df82e9	0:A8
D00012	8db2948c8366836f8362834f	0:AF
D00013	838d8393834f838c83938357	0:BC
D00014	834183688378839383608383	0:C9
D00015	8380815b8372815b	0:D6
D00016	82608263826f8262826c	0:DF
D00017	82608262826c8251825082518250	0:F6
D00018	82608262826c8251825082518254	0:111
D00019	82628267824f8250	0:120
D00020	82628267824f8251	0:129
D00021	82628267824f8252	0:132
D00022	82628267824f8253	0:13B
D00023	82628267824f8254	0:144
D00024	82e282c182cf8e7e82df82e9	0:14D
D00025	825082a982e7825782dc82c5	0:15A
D00026	825882a982e78250825082c6826e826f8145826f8250	0:167
D00027	826c826e8275826882648dc490b6	0:17E
D00028	824f8250817c8251	0:18D
D00029	824f8251	0:196
D00030	824f8252	0:19B
D00031	824f8253	0:1A0
D00032	824f8254	0:1A5
D00033	824f8255	0:1AA
D00034	824f8256	0:1AF
D00035	824f8257	0:1B4
D00036	96df82e9	0:1B9
D00037	824f8258817c8250	0:200
D00038	824f8258817c8251	0:209
D00039	824f8258817c8252	0:212
D00040	824f8258817c8253	0:21B
D00041	8258817c824f8251	0:224
D00042	8250824f	0:22D
D00043	82508250	0:232
D00044	826e826f	0:237
D00045	826f8250	0:23C
D00046	82508260	0:29D
D00047	82508261	0:2A2
D00048	8251	0:2A7
D00049	8252	0:2AA
D00050	8253	0:2AD
D00051	8254	0:2B0
D00052	8255	0:2B3
D00053	81408256	0:2B6
D00054	81408257	0:2BB
D00055	81408258	0:2C0
D00056	82508251	0:2C5
D00057	82508252	0:2CA
D00058	825082538260	0:2CF
D00059	825082538261	0:2D6
D00060	82508254	0:2DD
D00061	82508255	0:2E2
D00062	825082568260	0:2E7
D00063	825082568261	0:2EE
D00064	82508257	0:2F5
D00065	82508258	0:2FA
D00066	8251824f	0:2FF
D00067	82518250	0:304
D00068	82518251	0:309
D00069	82518252	0:30E
D00070	82518253	0:313
D00071	838683698175834c8383815b815b815b815b836298730a8376838a8393835a83588d8682aa81608160	0:318=838683698175834c8383815b815b815b815b836298730a0909090909098376838a8393835a83588d8682aa81608160 228000:AFF=838683698175834c8383815b815b815b815b836298730a09090909090909098376838a8393835a83588d8682aa81608160
D00072	82cd82a2	0:36C C8000:7D5
D00073	82a282a282a6	0:371 C8000:7DA
D00074	82dc82be835483938376838b82f08ca982dc82b782a98148	0:378
D00075	826282678250	0:391
D00076	826282678251	0:398
D00077	826282678252	0:39F
D00078	826282678253	0:3A6
D00079	826282678254914f	0:3AD
D00080	8262826782549286	0:3B6
D00081	8262826782548ce3	0:3BF
D00082	82bb82cc91bc8250	0:3C8
D00083	8250	0:3D1
D00084	8254824f	0:3D4
D00085	82548250	0:3D9
D00086	8256	0:3DE
D00087	8257	0:3E1
D00088	8258	0:3E4
D00089	82548251	0:3E7
D00090	82548252816982508252816a	0:3EC
D00091	82548253816982508254814182548254814182548256816a	0:3F9
D00092	8255824f816982558253814182558250814182558252816a	0:412
D00093	82558256816982558257816a	0:42B
D00094	82558257816982568250814182508257816a	0:438
D00095	8255825781698256824f814182558258816a	0:44B
D00096	82508258816982568256816a	0:45E
D00097	82518254	0:46B
D00098	82568258	0:470
D00099	82518255	0:475
D00100	82518256	0:47A
D00101	8257824f	0:47F
D00102	82578250	0:484
D00103	82578251	0:489
D00104	82578252	0:48E
D00105	82578253	0:493
D00106	825082508250	0:498
D00107	82578254	0:49F
D00108	82578255	0:4A4
D00109	82578256	0:4A9
D00110	82578257	0:4AE
D00111	82578258	0:4B3
D00112	8258824f	0:4B8
D00113	82588250	0:4BD
D00114	82588251	0:4C2
D00115	82588252	0:4C7
D00116	82588253	0:4CC
D00117	82518258	0:4D1
D00118	82588257	0:4D6
D00119	82588255	0:4DB
D00120	82588258	0:4E0
D00121	825082508251	0:4E5
D00122	8250824f824f	0:4EC
D00123	8250824f8250	0:4F3
D00124	825082518250	0:4FA
D00125	8250824f8251	0:501
D00126	8250824f8252	0:508
D00127	8250824f8253	0:50F
D00128	8250824f8254	0:516
D00129	8250824f8255	0:51D
D00130	8250824f8256	0:524
D00131	8250824f8257	0:52B
D00132	8250824f8258	0:532
D00133	82508250824f	0:539
D00134	8252824f	0:540
D00135	82528250	0:545
D00136	82528251	0:54A
D00137	83868369817582a482ed8160816082a28149	0:55A 8000:5D
D00138	83868369817582e082a48f7482be82c8829f81630a959182bf82e182f182aa814082a895a082b182ed82b582c40a8ef68bc682cd918182ad8f4982ed82e982b581638163	0:578=83868369817582e082a48f7482be82c8829f81630a090909090909959182bf82e182f182aa814082a895a082b182ed82b582c40a0909090909098ef68bc682cd918182ad8f4982ed82e982b581638163 8000:7B=83868369817582e082a48f7482be82c8829f81630a090909090909959182bf82e182f182aa814082a895a082b182ed82b582c40a0909090909098ef68bc682cd918182ad8f4982ed82e982b581638163
D00139	817582db82a982db82a982c6926782a982a282b581630a82c882f182a98345834c8345834c82b582bf82e182a49873	0:5D4=817582db82a982db82a982c6926782a982a282b581630a09090909090982c882f182a98345834c8345834c82b582bf82e182a49873 8000:D7=817582db82a982db82a982c6926782a982a282b581630a09090909090982c882f182a98345834c8345834c82b582bf82e182a49873
D00140	838683698175889f96eb8cc182bf82e182f181630a82b182ea82aa926e8b8582cc8f7482c182c482a282a482f182be82e681630a8b438e9d82bf82a282a282c582b582e581638163	0:615=838683698175889f96eb8cc182bf82e182f181630a09090909090982b182ea82aa926e8b8582cc8f7482c182c482a282a482f182be82e681630a0909090909098b438e9d82bf82a282a282c582b582e581638163 8000:135=838683698175889f96eb8cc182bf82e182f181630a09090909090982b182ea82aa926e8b8582cc8f7482c182c482a282a482f182be82e681630a0909090909098b438e9d82bf82a282a282c582b582e581638163
D00141	8386815b838a8342817582cd82ae82cd82ae82cd82ae816381630a8386836982b382f1814095e082ad82cc91ac82a282c582b782a3987a	0:675=8386815b838a8342817582cd82ae82cd82ae82cd82ae816381630a0909090909098386836982b382f1814095e082ad82cc91ac82a282c582b782a3987a 8000:1BA=8386815b838a8342817582cd82ae82cd82ae82cd82ae816381630a0909090909098386836982b382f1814095e082ad82cc91ac82a282c582b782a3987a
D00142	83868369817582c182c481638386815b838a834281490a82a282c282cc8ad482c982bb82f182c882e082cc8140948382c182bd82cc82e69874	0:6BE=83868369817582c182c481638386815b838a834281490a09090909090982a282c282cc8ad482c982bb82f182c882e082cc8140948382c182bd82cc82e69874 8000:203=83868369817582c182c481638386815b838a834281490a09090909090982a282c282cc8ad482c982bb82f182c882e082cc8140948382c182bd82cc82e69874
D00143	8386815b838a8342817582be82c182c481408352835282cc0a834583818349834a834a838983438358836f815b834b815b82c182c40a8dc58d8282c982a882a282b582a282f182c582b782a39876	0:709=8386815b838a8342817582be82c182c481408352835282cc0a090909090909834583818349834a834a838983438358836f815b834b815b82c182c40a0909090909098dc58d8282c982a882a282b582a282f182c582b782a39876 8000:24E=8386815b838a8342817582be82c182c481408352835282cc0a090909090909834583818349834a834a838983438358836f815b834b815b82c182c40a0909090909098dc58d8282c982a882a282b582a282f182c582b782a39876
D00144	817593c195ca82c981408386836982b382f182c982e00a88ea82c2814082a082b082dc82b782c582b782a39876	0:76F=817593c195ca82c981408386836982b382f182c982e00a09090909090988ea82c2814082a082b082dc82b782c582b782a39876 8000:2B4=817593c195ca82c981408386836982b382f182c982e00a09090909090988ea82c2814082a082b082dc82b782c582b782a39876
D00145	83868369817583478377836298768140837a8393836782cd82a082bd82b582e00a82a895a0837782c182c482bd82f182be829f8149	0:7AE=83868369817583478377836298768140837a8393836782cd82a082bd82b582e00a09090909090982a895a0837782c182c482bd82f182be829f8149 8000:2F3=83868369817583478377836298768140837a8393836782cd82a082bd82b582e00a09090909090982a895a0837782c182c482bd82f182be829f8149
D00146	817582a282c182bd82be82ab82dc815b82b79873	0:7F5 8000:33A
D00147	8386836981758382834f8382834f81638163837a8140837a8393836782be829f81490a8352838c814082c682c182c482e082a882a282b582a281490a83548393834c8385815b81408386815b838a83429876	0:815=8386836981758382834f8382834f81638163837a8140837a8393836782be829f81490a0909090909098352838c814082c682c182c482e082a882a282b582a281490a09090909090983548393834c8385815b81408386815b838a83429876 8000:3C2=8386836981758382834f8382834f81638163837a8140837a8393836782be829f81490a0909090909098352838c814082c682c182c482e082a882a282b582a281490a09090909090983548393834c8385815b81408386815b838a83429876
D00148	8386815b838a834281758386836982b382f182aa8aec82f182c582ad82ea82c40a8386815b838a8342814082c682c182c482e082a482ea82b582a282c582b782a38149	0:87F=8386815b838a834281758386836982b382f182aa8aec82f182c582ad82ea82c40a0909090909098386815b838a8342814082c682c182c482e082a482ea82b582a282c582b782a38149 8000:42C=8386815b838a834281758386836982b382f182aa8aec82f182c582ad82ea82c40a0909090909098386815b838a8342814082c682c182c482e082a482ea82b582a282c582b782a38149
D00149	83868369817582a082ea82a581408e8d904482bf82e182f181490a8da193fa82cd82c782a482b582bd82cc8148814082a8948382a282e082cc8148	0:8D4=83868369817582a082ea82a581408e8d904482bf82e182f181490a0909090909098da193fa82cd82c782a482b582bd82cc8148814082a8948382a282e082cc8148 8000:4B5=83868369817582a082ea82a581408e8d904482bf82e182f181490a0909090909098da193fa82cd82c782a482b582bd82cc8148814082a8948382a282e082cc8148
D00150	8e8d9044817582a68160816082c68160816081600a82bb82a482be82c182bd82e682a482c88160816081600a88e182a482e682a482c8816081608160	0:921=8e8d9044817582a68160816082c68160816081600a09090909090982bb82a482be82c182bd82e682a482c88160816081600a09090909090988e182a482e682a482c8816081608160 8000:502=8e8d9044817582a68160816082c68160816081600a09090909090982bb82a482be82c182bd82e682a482c88160816081600a09090909090988e182a482e682a482c8816081608160
D00151	83868369817582cd82a08163816381638163816382a082ea8148	0:975 8000:556
D00152	83868369817589bd82be82eb82a481480a8b7d82c98bf382aa88c382ad82c882c182c482ab82bd8163	0:99B=83868369817589bd82be82eb82a481480a0909090909098b7d82c98bf382aa88c382ad82c882c182c482ab82bd8163 8000:599=83868369817589bd82be82eb82a481480a0909090909098b7d82c98bf382aa88c382ad82c882c182c482ab82bd8163
D00153	8e8d9044817582c882f182a981608160816082b782c182b281608160816082ad0a82a282e2816082c8814082e682a982f182aa82b582dc82b7816081608160	0:9D7=8e8d9044817582c882f182a981608160816082b782c182b281608160816082ad0a09090909090982a282e2816082c8814082e682a982f182aa82b582dc82b7816081608160 8000:5D5=8e8d9044817582c882f182a981608160816082b782c182b281608160816082ad0a09090909090982a282e2816082c8814082e682a982f182aa82b582dc82b7816081608160
D00154	83868369817582ed829f815b815b815b815b815b82c181490a82a98140978b82be829f816082c1987a	0:A28=83868369817582ed829f815b815b815b815b815b82c181490a09090909090982a98140978b82be829f816082c1987a 8000:655=83868369817582ed829f815b815b815b815b815b82c181490a09090909090982a98140978b82be829f816082c1987a
D00155	8386815b838a8342817582a88377835c8ee682e782ea82c882a282e682a482c90a894282b782c582b782a38149	0:A63=8386815b838a8342817582a88377835c8ee682e782ea82c882a282e682a482c90a090909090909894282b782c582b782a38149 8000:690=8386815b838a8342817582a88377835c8ee682e782ea82c882a282e682a482c90a090909090909894282b782c582b782a38149
D00156	8386815b838a834281758371815b838d815b83568387815b82cc0a88ab96f082dd82bd82a282c582b782a3	0:AA2=8386815b838a834281758371815b838d815b83568387815b82cc0a09090909090988ab96f082dd82bd82a282c582b782a3 8000:8BC=8386815b838a834281758371815b838d815b83568387815b82cc0a09090909090988ab96f082dd82bd82a282c582b782a3
D00157	83868369817582c182c482b182c682cd814082e082b582a982b582bd82e70a837c838a838a815b8369976c82aa83568385836f83568385836f836282c6816381630a838f834e838f834e9876	0:ADF=83868369817582c182c482b182c682cd814082e082b582a982b582bd82e70a090909090909837c838a838a815b8369976c82aa83568385836f83568385836f836282c6816381630a090909090909838f834e838f834e9876 8000:8F9=83868369817582c182c482b182c682cd814082e082b582a982b582bd82e70a090909090909837c838a838a815b8369976c82aa83568385836f83568385836f836282c6816381630a090909090909838f834e838f834e9876
D00158	838683698175834781408347838b8369815b98740a8b7d82c982c782a482b582bd82cc83488148	0:B43=838683698175834781408347838b8369815b98740a0909090909098b7d82c982c782a482b582bd82cc83488148 8000:9A2=838683698175834781408347838b8369815b98740a0909090909098b7d82c982c782a482b582bd82cc83488148
D00159	8347838b8369815b817582e082cc90a682a28ed788ab82c897cd82f00a834c83838362836082b582bd82cc82c581408b7d82a282c50a82c682f182c582ab82bd82f182c582b78149	0:B7C=8347838b8369815b817582e082cc90a682a28ed788ab82c897cd82f00a090909090909834c83838362836082b582bd82cc82c581408b7d82a282c50a09090909090982c682f182c582ab82bd82f182c582b78149 8000:9DB=8347838b8369815b817582e082cc90a682a28ed788ab82c897cd82f00a090909090909834c83838362836082b582bd82cc82c581408b7d82a282c50a09090909090982c682f182c582ab82bd82f182c582b78149
D00160	83868369817582a682a682c19874814082b682e1814082a082ea82cd9873	0:BDC 8000:A3B
D00161	83868369817582c8816389bd82c582b782c182c49874	0:C06 18000:243
D00162	8386815b838a834281758386815b838a83428140957c82a282c582b782a38163	0:C28 18000:265
D00163	83868369817582c8814089bd82a082ea98740a8347838b8369815b814082a082ea82e088c582cc8e648bc682c882cc8148	0:C54=83868369817582c8814089bd82a082ea98740a0909090909098347838b8369815b814082a082ea82e088c582cc8e648bc682c882cc8148 18000:385=83868369817582c8814089bd82a082ea98740a0909090909098347838b8369815b814082a082ea82e088c582cc8e648bc682c882cc8148
D00164	8347838b8369815b817582ed82a982e882dc82b982f181630a82bd82be81408bad91e582c8817788ab817882cc97cd82f08ab482b682dc82b78163	0:C97=8347838b8369815b817582ed82a982e882dc82b982f181630a09090909090982bd82be81408bad91e582c8817788ab817882cc97cd82f08ab482b682dc82b78163 18000:3C8=8347838b8369815b817582ed82a982e882dc82b982f181630a09090909090982bd82be81408bad91e582c8817788ab817882cc97cd82f08ab482b682dc82b78163
D00165	83868369817582a282c182bd82a2814082b182ea82a982e70a82c782a482c882c182c482ad82cc81638163	0:CE4=83868369817582a282c182bd82a2814082b182ea82a982e70a09090909090982c782a482c882c182c482ad82cc81638163 18000:415=83868369817582a282c182bd82a2814082b182ea82a982e70a09090909090982c782a482c882c182c482ad82cc81638163
D00166	8386815b838a8342817582ae82c182b782f1816381630a834781608393814083478160839381408da282c182bd82c582b782a38160987a	0:D21=8386815b838a8342817582ae82c182b782f1816381630a090909090909834781608393814083478160839381408da282c182bd82c582b782a38160987a 20000:2E=8386815b838a8342817582ae82c182b782f1816381630a090909090909834781608393814083478160839381408da282c182bd82c582b782a38160987a
D00167	8386836981758386815b838a8342816381630a82bb82f182c882c98140926e8b8582cc82b182c682f081638163	0:D6A=8386836981758386815b838a8342816381630a09090909090982bb82f182c882c98140926e8b8582cc82b182c682f081638163 20000:77=8386836981758386815b838a8342816381630a09090909090982bb82f182c882c98140926e8b8582cc82b182c682f081638163
D00168	8386815b838a83428175834983498367838d838983438358836f815b834b815b0a82dc82be8140904882d78f4982ed82c182c482c882a982c182bd82cc82c9834281630a82c782b182a982c98140978e82c682b582bf82e182c182bd82c582b782a39873	0:DA9=8386815b838a83428175834983498367838d838983438358836f815b834b815b0a09090909090982dc82be8140904882d78f4982ed82c182c482c882a982c182bd82cc82c9834281630a09090909090982c782b182a982c98140978e82c682b582bf82e182c182bd82c582b782a39873 20000:B6=8386815b838a83428175834983498367838d838983438358836f815b834b815b0a09090909090982dc82be8140904882d78f4982ed82c182c482c882a982c182bd82cc82c9834281630a09090909090982c782b182a982c98140978e82c682b582bf82e182c182bd82c582b782a39873
D00169	83868369817582be82a082a082a082a082c18149	0:E25 20000:14B
D00170	8386815b838a8342817582ae82c182b782f182c582b782a38163	0:E45 20000:16B
D00171	83868369817582c6814082c682b182eb82c58347838b8369815b0a8a5882cc95fb82cd91e58fe4957682c882cc8148	0:E6B=83868369817582c6814082c682b182eb82c58347838b8369815b0a0909090909098a5882cc95fb82cd91e58fe4957682c882cc8148 20000:19C=83868369817582c6814082c682b182eb82c58347838b8369815b0a0909090909098a5882cc95fb82cd91e58fe4957682c882cc8148
D00172	8347838b8369815b817582bb82ea82aa816381630a8ff38bb582cd88ab82ad82c882e982ce82a982e882c582b7987a0a82a082ea82f08ca982c48149	0:EAC=8347838b8369815b817582bb82ea82aa816381630a0909090909098ff38bb582cd88ab82ad82c882e982ce82a982e882c582b7987a0a09090909090982a082ea82f08ca982c48149 20000:1DD=8347838b8369815b817582bb82ea82aa816381630a0909090909098ff38bb582cd88ab82ad82c882e982ce82a982e882c582b7987a0a09090909090982a082ea82f08ca982c48149
D00173	83868369817589bd81408352838c98740a8a5892868140838d837b8362836782c582a282c182cf82a282b682e182c882a282cc8149	0:F00=83868369817589bd81408352838c98740a0909090909098a5892868140838d837b8362836782c582a282c182cf82a282b682e182c882a282cc8149 20000:259=83868369817589bd81408352838c98740a0909090909098a5892868140838d837b8362836782c582a282c182cf82a282b682e182c882a282cc8149
D00174	8347838b8369815b817582c782b182a982e782a90a835d838d835d838d814082ed82ab8f6f82c482ab82bd82f182c582b78163	0:F47=8347838b8369815b817582c782b182a982e782a90a090909090909835d838d835d838d814082ed82ab8f6f82c482ab82bd82f182c582b78163 20000:2A0=8347838b8369815b817582c782b182a982e782a90a090909090909835d838d835d838d814082ed82ab8f6f82c482ab82bd82f182c582b78163
D00175	817582bb82b582c48140836c8349938c8b9e82cc82d982c682f182c782aa0a90a788b382b382ea82c482b582dc82a282dc82b582bd8149	0:F8C=817582bb82b582c48140836c8349938c8b9e82cc82d982c682f182c782aa0a09090909090990a788b382b382ea82c482b582dc82a282dc82b582bd8149 20000:2E5=817582bb82b582c48140836c8349938c8b9e82cc82d982c682f182c782aa0a09090909090990a788b382b382ea82c482b582dc82a282dc82b582bd8149
D00176	83868369817582bb82f182c8829f8160987a	0:FD5 20000:32E
D00177	8386815b838a8342817582a0816082c198740a82bd814091e595cf82c582b782a39873	0:FF3=8386815b838a8342817582a0816082c198740a09090909090982bd814091e595cf82c582b782a39873 20000:34C=8386815b838a8342817582a0816082c198740a09090909090982bd814091e595cf82c582b782a39873
D00178	83868369817582c782a482b582bd82cc81408386815b838a83429874	0:1028 20000:381
D00179	8386815b838a83428175836f8393834c839381458368815b8369836382aa0a8f5082ed82ea82c482dc82b782a38149	0:1050=8386815b838a83428175836f8393834c839381458368815b8369836382aa0a0909090909098f5082ed82ea82c482dc82b782a38149 20000:3A9=8386815b838a83428175836f8393834c839381458368815b8369836382aa0a0909090909098f5082ed82ea82c482dc82b782a38149
D00180	8175834d8387815b835582cc96d28fab82e081490a8350815b834c82cc95738e80906789ae82e09873	0:1091=8175834d8387815b835582cc96d28fab82e081490a0909090909098350815b834c82cc95738e80906789ae82e09873 20000:3EA=8175834d8387815b835582cc96d28fab82e081490a0909090909098350815b834c82cc95738e80906789ae82e09873
D00181	8e8d9044817582dc82a081608160814095ba97c690d382df82c582b782cb816081600a82c882a982c882a9829f8160934782b382f182e08d6c82a682c482dc82b782cb81608160	0:10CC=8e8d9044817582dc82a081608160814095ba97c690d382df82c582b782cb816081600a09090909090982c882a982c882a9829f8160934782b382f182e08d6c82a682c482dc82b782cb81608160 20000:425=8e8d9044817582dc82a081608160814095ba97c690d382df82c582b782cb816081600a09090909090982c882a982c882a9829f8160934782b382f182e08d6c82a682c482dc82b782cb81608160
D00182	838683698175838681408386815b838a834282e08e8d904482bf82e182f182e081630a82bb82ea82c782b182eb82b682e182c882a282e6987a	0:1125=838683698175838681408386815b838a834282e08e8d904482bf82e182f182e081630a09090909090982bb82ea82c782b182eb82b682e182c882a282e6987a 20000:47E=838683698175838681408386815b838a834282e08e8d904482bf82e182f182e081630a09090909090982bb82ea82c782b182eb82b682e182c882a282e6987a
D00183	83868369817582a0816082f1987a0a82c782a482b582e682a481408347838b836981608160987a	0:1170=83868369817582a0816082f1987a0a09090909090982c782a482b582e682a481408347838b836981608160987a 20000:4D4=83868369817582a0816082f1987a0a09090909090982c782a482b582e682a481408347838b836981608160987a
D00184	8347838b8369815b8175934782cc8c5290a882cd0a8d4c94cd88cd82c993578a4a82b582c482a282dc82b781630a96a195fb82aa82b182ea82be82af82c582cd81638163	0:11A9=8347838b8369815b8175934782cc8c5290a882cd0a0909090909098d4c94cd88cd82c993578a4a82b582c482a282dc82b781630a09090909090996a195fb82aa82b182ea82be82af82c582cd81638163 20000:50D=8347838b8369815b8175934782cc8c5290a882cd0a0909090909098d4c94cd88cd82c993578a4a82b582c482a282dc82b781630a09090909090996a195fb82aa82b182ea82be82af82c582cd81638163
D00185	83868369817582a082a082c1987481408a5882aa0a82b182f182c882c982c882c182c482e982c182c482b182c682cd81638163	0:1205=83868369817582a082a082c1987481408a5882aa0a09090909090982b182f182c882c982c882c182c482e982c182c482b182c682cd81638163 20000:569=83868369817582a082a082c1987481408a5882aa0a09090909090982b182f182c882c982c882c182c482e982c182c482b182c682cd81638163
D00186	83868369817591bc82cc82dd82f182c882cd814096b38e9682c882cc82a982c898740a959182bf82e182f182e28347838a834a82bf82e182f182cd81638163	0:124A=83868369817591bc82cc82dd82f182c882cd814096b38e9682c882cc82a982c898740a090909090909959182bf82e182f182e28347838a834a82bf82e182f182cd81638163 20000:5D7=83868369817591bc82cc82dd82f182c882cd814096b38e9682c882cc82a982c898740a090909090909959182bf82e182f182e28347838a834a82bf82e182f182cd81638163
D00187	8e8d9044817582bb82a482a282a682ce816081600a8a778d5a82cc95fb82c982e0816082a282c182cf82a2934782b382f182aa81608160	0:129B=8e8d9044817582bb82a482a282a682ce816081600a0909090909098a778d5a82cc95fb82c982e0816082a282c182cf82a2934782b382f182aa81608160 20000:628=8e8d9044817582bb82a482a282a682ce816081600a0909090909098a778d5a82cc95fb82c982e0816082a282c182cf82a2934782b382f182aa81608160
D00188	83868369817582bb82f182c8836d8393834c82c8829f987a0a918182ad8f9582af82c98d7382a982c882ad82bf82e19873	0:12E4=83868369817582bb82f182c8836d8393834c82c8829f987a0a090909090909918182ad8f9582af82c98d7382a982c882ad82bf82e19873 20000:67C=83868369817582bb82f182c8836d8393834c82c8829f987a0a090909090909918182ad8f9582af82c98d7382a982c882ad82bf82e19873
D00189	8386815b838a8342817582a0816082f1987a0a91d282c182c482ad82be82b382a282c582b782a381490a8386815b838a834282e081408d7382ad82c582b782a39873	0:1327=8386815b838a8342817582a0816082f1987a0a09090909090991d282c182c482ad82be82b382a282c582b782a381490a0909090909098386815b838a834282e081408d7382ad82c582b782a39873 20000:6BF=8386815b838a8342817582a0816082f1987a0a09090909090991d282c182c482ad82be82b382a282c582b782a381490a0909090909098386815b838a834282e081408d7382ad82c582b782a39873
D00190	8e8d9044817582a082c10a82ed82bd82b582e081608160816082a282ab82dc82b78160816081608160	0:1381=8e8d9044817582a082c10a09090909090982ed82bd82b582e081608160816082a282ab82dc82b78160816081608160 20000:719=8e8d9044817582a082c10a09090909090982ed82bd82b582e081608160816082a282ab82dc82b78160816081608160
D00191	8386836981758370837082c6837d837d82cd814091e58fe4957682a982c89874	0:13BC 20000:76D
D00192	8386815b838a834281759053947a82c582b782a381638163	0:13E8 20000:799
D00193	8347838b8369815b817582c682c982a982ad814082b782ae82c90a8d7382c182c482dd82dc82b582e582a48149	0:140C=8347838b8369815b817582c682c982a982ad814082b782ae82c90a0909090909098d7382c182c482dd82dc82b582e582a48149 20000:7BD=8347838b8369815b817582c682c982a982ad814082b782ae82c90a0909090909098d7382c182c482dd82dc82b582e582a48149
D00194	8347838b8369815b8175934795ba8e6d82cc909482a982e78d6c82a682c482e00a96a195fb82aa82b182ea82be82af82c582cd91ce8d5282b582ab82ea82dc82b982f10a88b3937c934982c990ed97cd957391ab82c582b78149	0:144B=8347838b8369815b8175934795ba8e6d82cc909482a982e78d6c82a682c482e00a09090909090996a195fb82aa82b182ea82be82af82c582cd91ce8d5282b582ab82ea82dc82b982f10a09090909090988b3937c934982c990ed97cd957391ab82c582b78149 38000:11=8347838b8369815b8175934795ba8e6d82cc909482a982e78d6c82a682c482e00a09090909090996a195fb82aa82b182ea82be82af82c582cd91ce8d5282b582ab82ea82dc82b982f10a09090909090988b3937c934982c990ed97cd957391ab82c582b78149
D00195	9591817591e58fe4957682e682a78149814082a282b482c682c882c182bd82e70a82a082bd82b588ea906c82c5814082a082f182c88355835295ba8e6d82cc0a9553954382e290e79543814082e282c182c282af82c482e282e982a982e78163	0:14BD=9591817591e58fe4957682e682a78149814082a282b482c682c882c182bd82e70a09090909090982a082bd82b588ea906c82c5814082a082f182c88355835295ba8e6d82cc0a0909090909099553954382e290e79543814082e282c182c282af82c482e282e982a982e78163 38000:8E=9591817591e58fe4957682e682a78149814082a282b482c682c882c182bd82e70a09090909090982a082bd82b588ea906c82c5814082a082f182c88355835295ba8e6d82cc0a0909090909099553954382e290e79543814082e282c182c282af82c482e282e982a982e78163
D00196	83868369817592878ad482f08f5782df82e982c182c482a282c182c482e00a82dd82f182c882cc8d7395fb82e0814082ed82a982e782c882a282b581630a8a778d5a82c9978882ea82ce89ef82a682e982c68e7682c182bd82cc82c983428163	0:1535=83868369817592878ad482f08f5782df82e982c182c482a282c182c482e00a09090909090982dd82f182c882cc8d7395fb82e0814082ed82a982e782c882a282b581630a0909090909098a778d5a82c9978882ea82ce89ef82a682e982c68e7682c182bd82cc82c983428163 38000:155=83868369817592878ad482f08f5782df82e982c182c482a282c182c482e00a09090909090982dd82f182c882cc8d7395fb82e0814082ed82a982e782c882a282b581630a0909090909098a778d5a82c9978882ea82ce89ef82a682e982c68e7682c182bd82cc82c983428163
D00197	8386815b838a834281758da282c182bd82c582b782a38163	0:15AD 38000:1CD
D00198	8347838b8369815b81758347838a834a81638347838a834a825682cc96ca815882cd0a8da1814082c782b182c982a282e982f182c582b782a98148	0:15D1=8347838b8369815b81758347838a834a81638347838a834a825682cc96ca815882cd0a0909090909098da1814082c782b182c982a282e982f182c582b782a98148 38000:1FC=8347838b8369815b81758347838a834a81638347838a834a825682cc96ca815882cd0a0909090909098da1814082c782b182c982a282e982f182c582b782a98148
D00199	8347838a834a81758da182cd81408a658ea982cc834e8389837582aa965a82b582ad82c40a82bb82ea82bc82ea8a8893ae82b582c482e982ed8163	0:161E=8347838a834a81758da182cd81408a658ea982cc834e8389837582aa965a82b582ad82c40a09090909090982bb82ea82bc82ea8a8893ae82b582c482e982ed8163 38000:249=8347838a834a81758da182cd81408a658ea982cc834e8389837582aa965a82b582ad82c40a09090909090982bb82ea82bc82ea8a8893ae82b582c482e982ed8163
D00200	817582c582e091e58fe495768149814082c782b182c982a282e982a982cd0a82be82a282bd82a282ed82a982e982a982e7814082b782ae82c98347838a834a825682f00a8f5782df82c48e518fe382b782e982ed8149	0:166B=817582c582e091e58fe495768149814082c782b182c982a282e982a982cd0a09090909090982be82a282bd82a282ed82a982e982a982e7814082b782ae82c98347838a834a825682f00a0909090909098f5782df82c48e518fe382b782e982ed8149 38000:296=817582c582e091e58fe495768149814082c782b182c982a282e982a982cd0a09090909090982be82a282bd82a282ed82a982e982a982e7814082b782ae82c98347838a834a825682f00a0909090909098f5782df82c48e518fe382b782e982ed8149
D00201	8386836981758347838a834a82bf82e182f181638d7382c182bf82e182a482cc8148	0:16D9 38000:328
D00202	8347838b8369815b817583868369814090ed97cd82cd0a88ea906c82c582e091bd82a295fb82aa82a282a282f182c582b78149	0:1707=8347838b8369815b817583868369814090ed97cd82cd0a09090909090988ea906c82c582e091bd82a295fb82aa82a282a282f182c582b78149 38000:356=8347838b8369815b817583868369814090ed97cd82cd0a09090909090988ea906c82c582e091bd82a295fb82aa82a282a282f182c582b78149
D00203	817582bb82ea82c994de8f9782e092878ad482cc8e9682aa9053947a82c882cd82b881630a82ed82a982c182c482a082b082c882b382a28163	0:174C=817582bb82ea82c994de8f9782e092878ad482cc8e9682aa9053947a82c882cd82b881630a09090909090982ed82a982c182c482a082b082c882b382a28163 38000:39B=817582bb82ea82c994de8f9782e092878ad482cc8e9682aa9053947a82c882cd82b881630a09090909090982ed82a982c182c482a082b082c882b382a28163
D00204	83868369817582ed82a982c182bd81638b4382f082c282af82c482cb8149	0:1797 38000:3F9
D00205	8347838a834a81759053947a82c982cd814082a882e682ce82c882a282ed81490a82bb82ea82c582cd8eb897e781408349815b8362837a8362837a8362837a83628149	0:17C1=8347838a834a81759053947a82c982cd814082a882e682ce82c882a282ed81490a09090909090982bb82ea82c582cd8eb897e781408349815b8362837a8362837a8362837a83628149 38000:423=8347838a834a81759053947a82c982cd814082a882e682ce82c882a282ed81490a09090909090982bb82ea82c582cd8eb897e781408349815b8362837a8362837a8362837a83628149
D00206	83868369817582e6816082b581490a82a082bd82b582e0814082aa82f182ce82e782c882ad82bf82e19873	0:1816=83868369817582e6816082b581490a09090909090982a082bd82b582e0814082aa82f182ce82e782c882ad82bf82e19873 38000:478=83868369817582e6816082b581490a09090909090982a082bd82b582e0814082aa82f182ce82e782c882ad82bf82e19873
D00207	81758347838a834a825682cd81408347838a834a82bf82e182f182c982dc82a982b982c40a82b182c182bf82e082b382c182bb82ad814092878ad482f0917b82b582c90a8d7382ab82dc82b582e58149	0:1853=81758347838a834a825682cd81408347838a834a82bf82e182f182c982dc82a982b982c40a09090909090982b182c182bf82e082b382c182bb82ad814092878ad482f0917b82b582c90a0909090909098d7382ab82dc82b582e58149 38000:4C0=81758347838a834a825682cd81408347838a834a82bf82e182f182c982dc82a982b982c40a09090909090982b182c182bf82e082b382c182bb82ad814092878ad482f0917b82b582c90a0909090909098d7382ab82dc82b582e58149
D00208	8386815b838a834281758d7382ad82c582b782a38149	0:18BB 38000:528
D00209	9591817582bf814082bf82e582c182c6814083418393835e924298730a827382758bc782c591e595cf82c882b182c682c982c882c182c482e982ed82e69873	0:18DD=9591817582bf814082bf82e582c182c6814083418393835e924298730a090909090909827382758bc782c591e595cf82c882b182c682c982c882c182c482e982ed82e69873 38000:54A=9591817582bf814082bf82e582c182c6814083418393835e924298730a090909090909827382758bc782c591e595cf82c882b182c682c982c882c182c482e982ed82e69873
D00210	838683698175834783629874814082c782a482b582bd82cc8148	0:192E 38000:59B
D00211	83868369817582bb82f182c881630a83748340839382cc8e71924282aa95df82dc82c182c482e98149	0:1954=83868369817582bb82f182c881630a09090909090983748340839382cc8e71924282aa95df82dc82c182c482e98149 38000:5DE=83868369817582bb82f182c881630a09090909090983748340839382cc8e71924282aa95df82dc82c182c482e98149
D00212	8386815b838a8342817582a082a082c181490a837e834c82b382f182aa90ed82c182c482e982c582b782a39873	0:198F=8386815b838a8342817582a082a082c181490a090909090909837e834c82b382f182aa90ed82c182c482e982c582b782a39873 38000:624=8386815b838a8342817582a082a082c181490a090909090909837e834c82b382f182aa90ed82c182c482e982c582b782a39873
D00213	83868369817582bd81408f9582af82c98d7382a982c882ab82e19873	0:19CE 38000:663
D00214	8347838b8369815b817591d282c182c481408386836981490a838f836982a982e082b582ea82dc82b982f18149	0:19F6=8347838b8369815b817591d282c182c481408386836981490a090909090909838f836982a982e082b582ea82dc82b982f18149 38000:68B=8347838b8369815b817591d282c182c481408386836981490a090909090909838f836982a982e082b582ea82dc82b982f18149
D00215	83868369817582c582e08163816382c582e0814082a082bd82b58d7382ad81490a82dd82f182c882a082bd82b582cc814091e58e9682c882a89746924282be82e082f18149	0:1A35=83868369817582c582e08163816382c582e0814082a082bd82b58d7382ad81490a09090909090982dd82f182c882a082bd82b582cc814091e58e9682c882a89746924282be82e082f18149 38000:6CA=83868369817582c582e08163816382c582e0814082a082bd82b58d7382ad81490a09090909090982dd82f182c882a082bd82b582cc814091e58e9682c882a89746924282be82e082f18149
D00216	9591817582d382a3816381638e6495fb82c882a282ed82cb82a5	0:1A8C 38000:72C
D00217	817582b182cc8177985a967b96d882cc9591817882aa0a93c195ca82c98ba697cd82b582c4814082a082b082e682a482b682e182c882a282cc81630a8ab48ed382b582c882b382a282e68140838683698149	0:1AB2=817582b182cc8177985a967b96d882cc9591817882aa0a09090909090993c195ca82c98ba697cd82b582c4814082a082b082e682a482b682e182c882a282cc81630a0909090909098ab48ed382b582c882b382a282e68140838683698149 38000:752=817582b182cc8177985a967b96d882cc9591817882aa0a09090909090993c195ca82c98ba697cd82b582c4814082a082b082e682a482b682e182c882a282cc81630a0909090909098ab48ed382b582c882b382a282e68140838683698149
D00218	838683698175959182bf82e182f1816382a082e882aa82c682a48149	0:1B1C 38000:7BC
D00219	82b182cc8345834283938368834582cc9286906782aa82ab82ea82a282c982c882c182c40a20202082a982e78358834e838d815b838b82b782e982a98148	0:1B4F=82b182cc8345834283938368834582cc9286906782aa82ab82ea82a282c982c882c182c40a090920202082a982e78358834e838d815b838b82b782e982a98148
D00220	837a838f83438367814583438393	0:1B90
D00221	89e696ca82f082e482c182ad82e883748346815b8368834183458367	0:1BAA
D00222	8e9e8ad48e7792e882c589b990ba8dc490b6	0:1BC7
D00223	82cd82e882ab82c182c482a282c182c482dd82e682a48149	0:1BE5
D00224	81758386836982b3816082f1987a	8000:1A0
D00225	817582a081608160816082c181408386836982b3829f81608160816082f10a82b182f182c982bf82ed8160816081608160	8000:365=817582a081608160816082c181408386836982b3829f81608160816082f10a0909090982b182f182c982bf82ed8160816081608160
D00226	8386815b838a834282c6986282b7	8000:39B
D00227	82dc82ed82e882f08ca982e9	8000:3AA
D00228	81758386836982b381608160816082f18163	8000:497
D00229	817583748374837483748362816381630a836e815b8362836e836e836e836e83628149	8000:6DA=817583748374837483748362816381630a09090909836e815b8362836e836e836e836e83628149
D00230	83868369817582a282c182bd82a28140924e82cc90ba9874	8000:702
D00231	83868369817582c8814089bd82c882cc814082a082ea82cd81480a89bd82a982cc834383788393836782a982b582e78148	8000:743=83868369817582c8814089bd82c882cc814082a082ea82cd81480a09090909090989bd82a982cc834383788393836782a982b582e78148
D00232	8386815b838a8342817582b882a282d482f182c60a82a882c182ab82c8906c82c582b782a381638163	8000:786=8386815b838a8342817582b882a282d482f182c60a09090909090982a882c182ab82c8906c82c582b782a381638163
D00233	8175837483748374837481638140836e815b836e836e836e836e836281490a8bf082a982c8906c8ad482c782e082e6814095b782ad82aa82a282a28149	8000:7D7=8175837483748374837481638140836e815b836e836e836e836e836281490a090909098bf082a982c8906c8ad482c782e082e6814095b782ad82aa82a282a28149
D00234	81758da1814082b182cc8e9e82a982e78140926e8b8582cd0a89e482aa8b408a4289bb92e98d9182cc8e78947a89ba82c682c882c182bd8149	8000:824=81758da1814082b182cc8e9e82a982e78140926e8b8582cd0a0909090989e482aa8b408a4289bb92e98d9182cc8e78947a89ba82c682c882c182bd8149
D00235	81758b4d976c82e782cd814082e082aa82ab8bea82b582dd82c882aa82e70a82b182cc90af82e082eb82c682e0814096c582f182c582a282ad82cc82be8149	8000:878=81758b4d976c82e782cd814082e082aa82ab8bea82b582dd82c882aa82e70a0909090982b182cc90af82e082eb82c682e0814096c582f182c582a282ad82cc82be8149
D00236	8347838b8369815b817583868369815b8149814083868369815b8149	8000:96F
D00237	8175837483748374837483628163816381630a8ee88e6e82df82c9814082b182cc8a5882a982e7946a89f382b582c482e282e982ed8163	8000:A7B=8175837483748374837483628163816381630a090909098ee88e6e82df82c9814082b182cc8a5882a982e7946a89f382b582c482e282e982ed8163
D00238	817582a282c582e6814981408b408a4289bb95ba8e6d92429873	8000:AC3
D00239	8347838b8369815b817591e595cf82c582b7814981408b408a4282cc95ba8e6d82aa0a8a5882cc906c82f08f5082c182c482a282dc82b79873	8000:B0D=8347838b8369815b817591e595cf82c582b7814981408b408a4282cc95ba8e6d82aa0a0909090909098a5882cc906c82f08f5082c182c482a282dc82b79873
D00240	83868369817582ab81408b408a4282cc95ba82c182c48148814082c782a482b582c481480a82a282c182bd82a2814082c782b182a982e78cbb82ea82bd82cc8148	8000:B58=83868369817582ab81408b408a4282cc95ba82c182c48148814082c782a482b582c481480a09090909090982a282c182bd82a2814082c782b182a982e78cbb82ea82bd82cc8148
D00241	90ed82a48149	8000:BAB
D00242	8386815b838a8342924282c6986282b7	8000:BB2
D00243	8386836981758e8d904482bf82e182f181408386815b838a834281490a8ee8936082c182c49873	8000:BCE=8386836981758e8d904482bf82e182f181408386815b838a834281490a0909090909098ee8936082c182c49873
D00244	8386815b838a8342817582cd82a282c582b782a38149	8000:C07
D00245	8e8d9044817582ed82a982e882dc82b582bd8160816081608160	8000:C29
D00246	8175906c8ad482c882c782e682e889e482aa8b408a4289bb92e98d9182aa977982a982c90a974482ea82c482a282e982b182c682f08e7682a2926d82e982aa82a282a28149	10000:47=8175906c8ad482c882c782e682e889e482aa8b408a4289bb92e98d9182aa977982a982c90a09090909974482ea82c482a282e982b182c682f08e7682a2926d82e982aa82a282a28149
D00247	838683698175918182ad82c882f182c682a982b582c882a282c68149	10000:9D
D00248	8347838b8369815b8175978e82bf928582a282c481408386836981490a94de82e782cd8e84924282c982c682c182c493e482cc90ed97cd82c582b70a82e682ad8d6c82a682c48d7393ae82b582dc82b582e582a48149	10000:C6=8347838b8369815b8175978e82bf928582a282c481408386836981490a09090909090994de82e782cd8e84924282c982c682c182c493e482cc90ed97cd82c582b70a09090909090982e682ad8d6c82a682c48d7393ae82b582dc82b582e582a48149
D00249	8386815b838a8342817582e082a4814093ae82af82dc82b982f182c582b782a38160	10000:15C 28000:1DD 30000:1B7 40000:611 50000:3DD 58000:4CD 60000:265 80000:2B7 90000:822 98000:90C A8000:9F8 B0000:8C9 D8000:386 E8000:42C 108000:33D 110000:251 120000:2BD 138000:1C7 148000:BC 158000:C2 188000:46F 198000:DE 1A0000:390 1A8000:239 1E0000:759 200000:351 220000:2AE 228000:407 238000:466 240000:52C 278000:542 2C8000:2A8 2D8000:BA 300000:570 308000:1F6 310000:23E 340000:5B 350000:5B 360000:5B 370000:5B 388000:653 398000:1D2 3A8000:58 3B0000:F8 3B8000:D6 3C0000:B5 3E8000:40F 3F0000:AC 400000:C0 408000:C8
D00250	8e8d9044817582b282df82f182c882b382a2816081608160816081600a8eb897e782b582dc82b781608160816081608160	10000:19A=8e8d9044817582b282df82f182c882b382a2816081608160816081600a09090909090909090909090909098eb897e782b582dc82b781608160816081608160 28000:21B=8e8d9044817582b282df82f182c882b382a2816081608160816081600a09090909090909090909090909098eb897e782b582dc82b781608160816081608160 30000:1F5=8e8d9044817582b282df82f182c882b382a2816081608160816081600a09090909090909090909090909098eb897e782b582dc82b781608160816081608160 40000:64F=8e8d9044817582b282df82f182c882b382a2816081608160816081600a09090909090909090909090909098eb897e782b582dc82b781608160816081608160 50000:41B=8e8d9044817582b282df82f182c882b382a2816081608160816081600a09090909090909090909090909098eb897e782b582dc82b781608160816081608160 58000:50B=8e8d9044817582b282df82f182c882b382a2816081608160816081600a09090909090909090909090909098eb897e782b582dc82b781608160816081608160 60000:2A3=8e8d9044817582b282df82f182c882b382a2816081608160816081600a09090909090909090909090909098eb897e782b582dc82b781608160816081608160 80000:2F5=8e8d9044817582b282df82f182c882b382a2816081608160816081600a09090909090909090909090909098eb897e782b582dc82b781608160816081608160 90000:860=8e8d9044817582b282df82f182c882b382a2816081608160816081600a09090909090909090909090909098eb897e782b582dc82b781608160816081608160 98000:94A=8e8d9044817582b282df82f182c882b382a2816081608160816081600a09090909090909090909090909098eb897e782b582dc82b781608160816081608160 A8000:A36=8e8d9044817582b282df82f182c882b382a2816081608160816081600a09090909090909090909090909098eb897e782b582dc82b781608160816081608160 B0000:907=8e8d9044817582b282df82f182c882b382a2816081608160816081600a09090909090909090909090909098eb897e782b582dc82b781608160816081608160 D8000:3C4=8e8d9044817582b282df82f182c882b382a2816081608160816081600a09090909090909090909090909098eb897e782b582dc82b781608160816081608160 E8000:46A=8e8d9044817582b282df82f182c882b382a2816081608160816081600a09090909090909090909090909098eb897e782b582dc82b781608160816081608160 108000:37B=8e8d9044817582b282df82f182c882b382a2816081608160816081600a09090909090909090909090909098eb897e782b582dc82b781608160816081608160 110000:28F=8e8d9044817582b282df82f182c882b382a2816081608160816081600a09090909090909090909090909098eb897e782b582dc82b781608160816081608160 120000:2FB=8e8d9044817582b282df82f182c882b382a2816081608160816081600a09090909090909090909090909098eb897e782b582dc82b781608160816081608160 138000:205=8e8d9044817582b282df82f182c882b382a2816081608160816081600a09090909090909090909090909098eb897e782b582dc82b781608160816081608160 148000:FA=8e8d9044817582b282df82f182c882b382a2816081608160816081600a09090909090909090909090909098eb897e782b582dc82b781608160816081608160 158000:100=8e8d9044817582b282df82f182c882b382a2816081608160816081600a09090909090909090909090909098eb897e782b582dc82b781608160816081608160 188000:4AD=8e8d9044817582b282df82f182c882b382a2816081608160816081600a09090909090909090909090909098eb897e782b582dc82b781608160816081608160 198000:11C=8e8d9044817582b282df82f182c882b382a2816081608160816081600a09090909090909090909090909098eb897e782b582dc82b781608160816081608160 1A0000:3CE=8e8d9044817582b282df82f182c882b382a2816081608160816081600a09090909090909090909090909098eb897e782b582dc82b781608160816081608160 1A8000:277=8e8d9044817582b282df82f182c882b382a2816081608160816081600a09090909090909090909090909098eb897e782b582dc82b781608160816081608160 1E0000:797=8e8d9044817582b282df82f182c882b382a2816081608160816081600a09090909090909090909090909098eb897e782b582dc82b781608160816081608160 200000:38F=8e8d9044817582b282df82f182c882b382a2816081608160816081600a09090909090909090909090909098eb897e782b582dc82b781608160816081608160 220000:2EC=8e8d9044817582b282df82f182c882b382a2816081608160816081600a09090909090909090909090909098eb897e782b582dc82b781608160816081608160 228000:445=8e8d9044817582b282df82f182c882b382a2816081608160816081600a09090909090909090909090909098eb897e782b582dc82b781608160816081608160 238000:4A4=8e8d9044817582b282df82f182c882b382a2816081608160816081600a09090909090909090909090909098eb897e782b582dc82b781608160816081608160 240000:56A=8e8d9044817582b282df82f182c882b382a2816081608160816081600a09090909090909090909090909098eb897e782b582dc82b781608160816081608160 278000:580=8e8d9044817582b282df82f182c882b382a2816081608160816081600a09090909090909090909090909098eb897e782b582dc82b781608160816081608160 2C8000:2E6=8e8d9044817582b282df82f182c882b382a2816081608160816081600a09090909090909090909090909098eb897e782b582dc82b781608160816081608160 2D8000:F8=8e8d9044817582b282df82f182c882b382a2816081608160816081600a09090909090909090909090909098eb897e782b582dc82b781608160816081608160 300000:5AE=8e8d9044817582b282df82f182c882b382a2816081608160816081600a09090909090909090909090909098eb897e782b582dc82b781608160816081608160 308000:234=8e8d9044817582b282df82f182c882b382a2816081608160816081600a09090909090909090909090909098eb897e782b582dc82b781608160816081608160 310000:27C=8e8d9044817582b282df82f182c882b382a2816081608160816081600a09090909090909090909090909098eb897e782b582dc82b781608160816081608160 340000:99=8e8d9044817582b282df82f182c882b382a2816081608160816081600a09090909090909090909090909098eb897e782b582dc82b781608160816081608160 350000:99=8e8d9044817582b282df82f182c882b382a2816081608160816081600a09090909090909090909090909098eb897e782b582dc82b781608160816081608160 360000:99=8e8d9044817582b282df82f182c882b382a2816081608160816081600a09090909090909090909090909098eb897e782b582dc82b781608160816081608160 370000:99=8e8d9044817582b282df82f182c882b382a2816081608160816081600a09090909090909090909090909098eb897e782b582dc82b781608160816081608160 388000:691=8e8d9044817582b282df82f182c882b382a2816081608160816081600a09090909090909090909090909098eb897e782b582dc82b781608160816081608160 398000:210=8e8d9044817582b282df82f182c882b382a2816081608160816081600a09090909090909090909090909098eb897e782b582dc82b781608160816081608160 3A8000:96=8e8d9044817582b282df82f182c882b382a2816081608160816081600a09090909090909090909090909098eb897e782b582dc82b781608160816081608160 3B0000:136=8e8d9044817582b282df82f182c882b382a2816081608160816081600a09090909090909090909090909098eb897e782b582dc82b781608160816081608160 3B8000:114=8e8d9044817582b282df82f182c882b382a2816081608160816081600a09090909090909090909090909098eb897e782b582dc82b781608160816081608160 3C0000:F3=8e8d9044817582b282df82f182c882b382a2816081608160816081600a09090909090909090909090909098eb897e782b582dc82b781608160816081608160 3E8000:44D=8e8d9044817582b282df82f182c882b382a2816081608160816081600a09090909090909090909090909098eb897e782b582dc82b781608160816081608160 3F0000:EA=8e8d9044817582b282df82f182c882b382a2816081608160816081600a09090909090909090909090909098eb897e782b582dc82b781608160816081608160 400000:FE=8e8d9044817582b282df82f182c882b382a2816081608160816081600a09090909090909090909090909098eb897e782b582dc82b781608160816081608160 408000:106=8e8d9044817582b282df82f182c882b382a2816081608160816081600a09090909090909090909090909098eb897e782b582dc82b781608160816081608160
D00251	83868369817582a0815b82f1814082e282e782ea82bf82e182c182bd82e68160	10000:1F5 30000:250 40000:75C 90000:A33 98000:B1B A8000:C9A B0000:AE3
D00252	81758f9582af82c482ad82ea82c4814082a082e882aa82c682a49876	10000:22E
D00253	8386815b838a8342817582dd82c882b382f10a96b38e9682c582e682a982c182bd82c582b782a38149	10000:24B=8386815b838a8342817582dd82c882b382f10a09090909090996b38e9682c582e682a982c182bd82c582b782a38149
D00254	83868369817582c582e0814088ea91cc814082c882f182c5836c8349938c8b9e82c90a82a082f182c895ba91e082b382f182aa81638163	10000:287=83868369817582c582e0814088ea91cc814082c882f182c5836c8349938c8b9e82c90a09090909090982a082f182c895ba91e082b382f182aa81638163
D00255	8175837483748374836281630a82b382b782aa82cd81778cf582cc8b7e90a28ee581780a97648b408e4f8e6f968582f0937c82b582bd82be82af82cd82a082e981638163	18000:2E=8175837483748374836281630a0909090982b382b782aa82cd81778cf582cc8b7e90a28ee581780a0909090997648b408e4f8e6f968582f0937c82b582bd82be82af82cd82a082e981638163
D00256	8386836981758e4f8e6f9685816381630a82e082b582a982b582c48140889f96eb8cc182bf82e182f182cc98740a82a082c882bd82cd814082a282c182bd82a28140924e82c882cc9874	18000:7B=8386836981758e4f8e6f9685816381630a09090909090982e082b582a982b582c48140889f96eb8cc182bf82e182f182cc98740a09090909090982a082c882bd82cd814082a282c182bd82a28140924e82c882cc9874
D00257	817589e482aa96bc82cd81778b408a4289bb8d6392e981780a82b182cc91538946928882f088c38d9582cc94de95fb82c90a919282e88b8e82e982bd82df82c990b682dc82ea82c482ab82bd8163	18000:F3=817589e482aa96bc82cd81778b408a4289bb8d6392e981780a0909090982b182cc91538946928882f088c38d9582cc94de95fb82c90a09090909919282e88b8e82e982bd82df82c990b682dc82ea82c482ab82bd8163
D00258	8386836981758b408a4289bb8d6392e9816381630a82b682e182a0814082a082c882bd82cd88c582cc9874	18000:14A=8386836981758b408a4289bb8d6392e9816381630a09090909090982b682e182a0814082a082c882bd82cd88c582cc9874
D00259	8b408a4289bb8d6392e98175834e834e834e8362814082b382a082c8814881630a82be82aa814082a082e282c282e782f08b4d976c82c690ed82ed82b982bd82cc82cd0a82b182cc8e8482be8163	18000:192=8b408a4289bb8d6392e98175834e834e834e8362814082b382a082c8814881630a0909090982be82aa814082a082e282c282e782f08b4d976c82c690ed82ed82b982bd82cc82cd0a0909090982b182cc8e8482be8163
D00260	817582e082c182c682e081408f6f978882aa88ab82a282b982a282a90a8eb8947382b582bd82aa82c881638163	18000:1F4=817582e082c182c682e081408f6f978882aa88ab82a282b982a282a90a090909098eb8947382b582bd82aa82c881638163
D00261	8b408a4289bb8d6392e98175905f8a798de28386836982e681630a8da182cc90ed82a282cd81408fac8ee892b282d782c989df82ac82ca8163	18000:2A7=8b408a4289bb8d6392e98175905f8a798de28386836982e681630a090909098da182cc90ed82a282cd81408fac8ee892b282d782c989df82ac82ca8163
D00262	81758b4d976c82e782cd814089e482e782cc89c88a7797cd82cc914f82c90a82d082b482dc82c382ad8e9682c982c882e982cc82be81490a837483748374836281638163	18000:2F0=81758b4d976c82e782cd814089e482e782cc89c88a7797cd82cc914f82c90a0909090982d082b482dc82c382ad8e9682c982c882e982cc82be81490a09090909837483748374836281638163
D00263	8175836e836e836e836e836e836e836281638163	18000:353
D00264	91bc82cc82dd82f182c882cd8163	20000:5AE
D00265	8370837082c6837d837d82cd8163	20000:5BD
D00266	83708370817582ab81408c4e9242814089bd82f082b782e982f182be81638163	28000:3E
D00267	837d837d8175834c8383815b815b815b83629873	28000:6B
D00268	8347838b8369815b8175838683698149814082a082ea82f08ca982c48149	28000:8C
D00269	83868369817582bd814091e595cf81490a8370837082c6837d837d82aa95df82dc82c182bf82e182a48149	28000:B7=83868369817582bd814091e595cf81490a0909090909098370837082c6837d837d82aa95df82dc82c182bf82e182a48149
D00270	836e838b836981758f9582af82c482ad82ea82c482a082e882aa82c682a4816381630a82cd82a2814082b182ea82a082b082e99873	28000:118=836e838b836981758f9582af82c482ad82ea82c482a082e882aa82c682a4816381630a090909090909090982cd82a2814082b182ea82a082b082e99873
D00271	83868369817582ed815b815b82a28149814082c782a482e082a082e882aa82c682a49876	28000:180
D00272	82a882c982ac82e882f08a6c93be82b582bd	28000:1B1
D00273	838683698175837083708140837d837d814082b282df82f182c882b3816082a2987a	28000:276
D00274	838683698175837083708140837d837d81408350834b82cd82c882a28148	28000:2A5
D00275	83708370817591e58fe4957682be82e68140838683690a82c282a28140896689e682cc8e42896582c9836d82c182c482b582dc82c182bd82e60a82cb82a58140837d837d8163	28000:2D0=83708370817591e58fe4957682be82e68140838683690a09090909090982c282a28140896689e682cc8e42896582c9836d82c182c482b582dc82c182bd82e60a09090909090982cb82a58140837d837d8163
D00276	837d837d817582a682a68140837a8393836782c981630a82a082c1814981408386836981630a82b182ea82f08e9d82c182c482a282ab82c882b382a29876	28000:32F=837d837d817582a682a68140837a8393836782c981630a09090909090982a082c1814981408386836981630a09090909090982b182ea82f08e9d82c182c482a282ab82c882b382a29876
D00277	83868369817582a082e882aa82c682a48163837083708140837d837d9876	28000:386
D00278	8386836981758370837082c6837d837d82cc8367835282c982dc82c5934782aa816381630a8a778d5a82cc82dd82f182c882aa9053947a82be82ed81638163	28000:3B1=8386836981758370837082c6837d837d82cc8367835282c982dc82c5934782aa816381630a0909090909098a778d5a82cc82dd82f182c882aa9053947a82be82ed81638163
D00279	817582b782ae82c98cfc82a982a482ed82e68149	28000:403
D00280	8386815b838a83428175836e834382c582b782a38149	28000:424 C0000:12A
D00281	837083708175975b94d182dc82c582c982cd8b4182c182c482ad82e982f182be82e6	28000:447
D00282	88da93ae90e6826482718271826e8271	28000:47D
D00283	8347838a834a817582dc82bd8140934782cc90568ee88148	30000:35
D00284	959181758ce382a982e78ce382a982e7834583578383834583578383816381630a82e082a48140834583938355838a81638163	30000:65=959181758ce382a982e78ce382a982e7834583578383834583578383816381630a09090909090982e082a48140834583938355838a81638163
D00285	8347838b8369815b817583868369814981408a778d5a928682c90a8b408a4289bb95ba82aa88ec82ea82a982a682c182c482dc82b79873	30000:AB=8347838b8369815b817583868369814981408a778d5a928682c90a0909090909098b408a4289bb95ba82aa88ec82ea82a982a682c182c482dc82b79873
D00286	83868369817582a0814082a082ea82cd8347838a834a82bf82e182f182c60a959182bf82e182f19873	30000:F5=83868369817582a0814082a082ea82cd8347838a834a82bf82e182f182c60a090909090909959182bf82e182f19873
D00287	817582b782ae82c98f9582af82e982a982e782cb8149	30000:131
D00288	8386815b838a834281758386815b838a834282e00a82a88ee8936082a282b782e982c582b782a39873	30000:154=8386815b838a834281758386815b838a834282e00a09090909090982a88ee8936082a282b782e982c582b782a39873
D00289	8347838a834a82bf82e182f18163816383538381839382cb816381630a8f9582af82c482a082b082e782ea82c882ad82c481638163	30000:284=8347838a834a82bf82e182f18163816383538381839382cb816381630a090909090909090909090909098f9582af82c482a082b082e782ea82c882ad82c481638163
D00290	838683698175834c8383815b815b836281498140959182bf82e182f182aa8149	30000:2DA
D00291	8347838a834a81758386836981490a82ab82c182c6978882c482ad82ea82e982c68e7682c182c482bd82ed9876	30000:307=8347838a834a81758386836981490a09090909090982ab82c182c6978882c482ad82ea82e982c68e7682c182c482bd82ed9876
D00292	83868369817582a482a482f18140927882ea82c482b282df82f182cb987a0a8347838a834a82bf82e182f18163959182bf82e182f18163	30000:347=83868369817582a482a482f18140927882ea82c482b282df82f182cb987a0a0909090909098347838a834a82bf82e182f18163959182bf82e182f18163
D00293	9591817582d3815b82f18149814095ca82c982a082f182bd82c90a978882c482e082e782ed82c882ad82c482e08163	30000:391=9591817582d3815b82f18149814095ca82c982a082f182bd82c90a090909090909978882c482e082e782ed82c882ad82c482e08163
D00294	817582a0815b82f182c8937a82e7814082a082bd82b588ea906c82c50a82bf82e582a282bf82e582a282bf82e5816082a282be82c182bd82f182be82a982e78149	30000:3D3=817582a0815b82f182c8937a82e7814082a082bd82b588ea906c82c50a09090909090982bf82e582a282bf82e582a282bf82e5816082a282be82c182bd82f182be82a982e78149
D00295	8347838a834a817582a0816082e781408bb38e7482cc95aa8ddb82c50a90b6936b82cc975593b182e082b582c882a282c58163	30000:427=8347838a834a817582a0816082e781408bb38e7482cc95aa8ddb82c50a09090909090990b6936b82cc975593b182e082b582c882a282c58163
D00296	8175834c8383815b834c8383815b919b82a282c582e782b582bd82cc82cd0a8368835282cc82c782c882bd82be82c182bd82a982b582e78148	30000:46D=8175834c8383815b834c8383815b919b82a282c582e782b582bd82cc82cd0a0909090909098368835282cc82c782c882bd82be82c182bd82a982b582e78148
D00297	9591817582c882c181498140834c8140834c8383815b834c8383815b82c882f182c40a8cbe82c182c482c882a282ed82e6814981408eb897e782c88e7182cb8149	30000:4B9=9591817582c882c181498140834c8140834c8383815b834c8383815b82c882f182c40a0909090909098cbe82c182c482c882a282ed82e6814981408eb897e782c88e7182cb8149
D00298	8e8d9044817582dc82a0816081608160814082a893f1906c82c682e08160816081600a928782aa82e682eb82b582a282e682a482c58160816081608160	30000:50D=8e8d9044817582dc82a0816081608160814082a893f1906c82c682e08160816081600a090909090909928782aa82e682eb82b582a282e682a482c58160816081608160
D00299	9591817582be82a082a082a082a082a082c1987a	30000:576
D00300	817582c782b18ca982c48cbe82c182c482f182cc82e698730a82a082f182bd82c182c48e7182cd81608149	30000:597=817582c782b18ca982c48cbe82c182c482f182cc82e698730a09090909090982a082f182bd82c182c48e7182cd81608149
D00301	8347838b8369815b817582c6814082c682c982a982ad81408347838a834a82c6959182e00a8ca982c282af82e782ea82bd82b5814082c682e882a082a682b88bb38eba82c50a8dec90ed89ef8b6382b582dc82b582e582a49873	30000:5D5=8347838b8369815b817582c6814082c682c982a982ad81408347838a834a82c6959182e00a0909090909098ca982c282af82e782ea82bd82b5814082c682e882a082a682b88bb38eba82c50a0909090909098dec90ed89ef8b6382b582dc82b582e582a49873
D00302	8347838b8369815b817582bb82ea82cd83808360838382c582b781490a82c682c982a982ad8da182cd814092878ad482f08f5782df82c882a282c68163	38000:106=8347838b8369815b817582bb82ea82cd83808360838382c582b781490a09090909090982c682c982a982ad8da182cd814092878ad482f08f5782df82c882a282c68163
D00303	8347838a834a82f082cd82b082dc82b7	38000:304
D00304	8347838a834a82f082d082ab82c682df82e9	38000:315
D00305	83868369817582a0814082a082f182c88367835282c983748340839382cc8e7182aa8149	40000:37
D00306	817582b782ae82c98f9582af82c882a282c68149	40000:68
D00307	8347838b8369815b817582e282c182cf82e88140934782cc838f83699873	40000:9B
D00308	817582e682a482b182bb81498140905f8a798de2838683698149	40000:EF
D00309	83868369817582a082c882bd82cd88ea91cc816381630a83748340839382cc8e71924282cd82c782b182c882cc8148	40000:10A=83868369817582a082c882bd82cd88ea91cc816381630a09090909090983748340839382cc8e71924282cd82c782b182c882cc8148
D00310	817583748362837483628374836281630a82bb82f182c882e082cc82cd8e6e82df82a982e791b68ddd82b582c882a29873	40000:157=817583748362837483628374836281630a09090909090982bb82f182c882e082cc82cd8e6e82df82a982e791b68ddd82b582c882a29873
D00311	817582e082a493a682aa82b382c882a282ed81490a82b182b182aa814082a082c882bd82cc95e68fea82e69873	40000:1AD=817582e082a493a682aa82b382c882a282ed81490a09090909090982b182b182aa814082a082c882bd82cc95e68fea82e69873
D00312	83868369817582bb82a482cd82a282a982c882a282ed8149	40000:1ED
D00313	8175837483938362816382b882a282d482f1974582dc82b582a282ed82cb81490a82a082a282c982ad8e8482cd814082a082c882bd924282cc918a8ee882f00a82b582c482a282e98371837d82cd82c882a282cc81638163	40000:212=8175837483938362816382b882a282d482f1974582dc82b582a282ed82cb81490a09090909090982a082a282c982ad8e8482cd814082a082c882bd924282cc918a8ee882f00a09090909090982b582c482a282e98371837d82cd82c882a282cc81638163
D00314	817595ba8e6d924281408ce382cd82dc82a982b982bd82ed9873	40000:283
D00315	83868369817582a0814082a082ea82cd837e834c82bf82e182f18149	40000:2DF
D00316	8347838b8369815b817594da8baf82c8816381630a82b182ea82c582cd8ee88f6f82b582c582ab82dc82b982f18163	40000:308=8347838b8369815b817594da8baf82c8816381630a090909090909090982b182ea82c582cd8ee88f6f82b582c582ab82dc82b982f18163
D00317	837e834c81758e8482cc82b182c682cd8b4382c982b982b80a82b182a282c282e782f0937c82b582c48149	40000:357=837e834c81758e8482cc82b182c682cd8b4382c982b982b80a090909090909090982b182a282c282e782f0937c82b582c48149
D00318	817582a891d282bf82c882b382a29873	40000:3A3
D00319	837c838a838a815b8369817582a982e682ed82ab89d482c9949782e988ab82cc896581630a82af82ea82c7814082b182cc8e8482aa8e5582e782b982cd82b582c882a28149	40000:3DC=837c838a838a815b8369817582a982e682ed82ab89d482c9949782e988ab82cc896581630a090909090909090982af82ea82c7814082b182cc8e8482aa8e5582e782b982cd82b582c882a28149
D00320	817582a88fec976c89bc96ca837c838a838a815b836981490a88a482c68ba482c9814082b182b182c98e518fe39873	40000:436=817582a88fec976c89bc96ca837c838a838a815b836981490a090909090909090988a482c68ba482c9814082b182b182c98e518fe39873
D00321	838683698175834c8383815b836281498140837c838a838a815b8369976c81609876	40000:4B0
D00322	837e834c817582a082e882aa82c682a481638f9582a982c182bd82ed8149	40000:4DF
D00323	83868369817582e282c182cf82e8814082a082bd82b582c60a837c838a838a815b8369976c82cd81408ca982a682c882a290d482a28e8582c50a8c8b82ce82ea82c482a282bd82cc82cb81609876	40000:50A=83868369817582e282c182cf82e8814082a082bd82b582c60a0909090909090909837c838a838a815b8369976c82cd81408ca982a682c882a290d482a28e8582c50a09090909090909098c8b82ce82ea82c482a282bd82cc82cb81609876
D00324	837c838a838a815b8369817582be829f829f829f829f829f829f82c1987a	40000:58E
D00325	81758da182cd82bb82f182c88fea8d8782b682e182c882a282ed82e681490a90ed82a482cc82e681498140918182ad8149	40000:5B9=81758da182cd82bb82f182c88fea8d8782b682e182c882a282ed82e681490a090909090909090990ed82a482cc82e681498140918182ad8149
D00326	9591817582c882f182c582a5815b814082b182cc82a082bd82b582aa81608160	40000:6AA 50000:476 58000:566 60000:2FE 80000:350 90000:8BB 98000:9A5 A8000:A91 B0000:962 D8000:41F E8000:4C5 108000:3D6 110000:2EA 120000:356 138000:260 148000:155 158000:15B 188000:508 198000:177 1A0000:429 1A8000:2D2 1E0000:7F2 200000:3EA 220000:347 228000:4A0 238000:4FF 240000:5C5 278000:5DB 2C8000:341 2D8000:153 300000:609 308000:28F 310000:2D7 340000:F4 350000:F4 360000:F4 370000:F4 388000:6EC 398000:26B 3A8000:F1 3B0000:191 3B8000:16F 3C0000:14E 3E8000:4A8 3F0000:145 400000:159 408000:161
D00327	837c838a838a815b8369817582b282df82f182cb816381408386836981638163	40000:6E6 50000:4B2 58000:5A2 60000:33A 80000:38C 90000:8F7 98000:9E1 A8000:ACD D8000:45B E8000:501 188000:8C5 198000:534 1A0000:7E6 1A8000:68F 1E0000:BAF 200000:7A7 220000:704 228000:85D 238000:8BC 240000:982 278000:998 2C8000:52F 2D8000:510 300000:9C6 308000:64C 310000:694 340000:4B1 350000:4B1 360000:4B1 370000:4B1 388000:AA9 398000:628 3A8000:4AE 3B0000:54E 3B8000:52C 3C0000:50B 3E8000:865 3F0000:502 400000:516 408000:51E
D00328	837e834c81758e9f82cc968b82dc82c591de8e5582b582dc82b782ed8163	40000:722 50000:4EE 58000:5DE 60000:376 80000:3C8 90000:933 98000:A1D A8000:B09 B0000:99E D8000:497 E8000:53D 108000:412 110000:326 120000:392 138000:29C 148000:191 158000:197 188000:544 198000:1B3 1A0000:465 1A8000:30E 1E0000:82E 200000:426 220000:383 228000:4DC 238000:53B 240000:601 278000:617 290000:33B 2D8000:18F 2F0000:2E3 300000:645 308000:2CB 310000:313 340000:130 350000:130 360000:130 370000:130 388000:728 398000:2A7 3A8000:12D 3B0000:1CD 3B8000:1AB 3C0000:18A 3E8000:4E4 3F0000:181 400000:195 408000:19D
D00329	838683698175837c838a838a815b8369976c829f81609876	48000:1C
D00330	837c838a838a815b836981758386814083868369987a0a82bf82e5814082bf82e582c182c68163	48000:40=837c838a838a815b836981758386814083868369987a0a09090909090982bf82e5814082bf82e582c182c68163
D00331	838683698175837c838a838a815b8369976c81630a82bb82f182c8814082dc82c182b782ae82c98ca982c282df82c48163	48000:79=838683698175837c838a838a815b8369976c81630a09090909090982bb82f182c8814082dc82c182b782ae82c98ca982c282df82c48163
D00332	817593a782ab82c682a882e982e682a482c88140834c838c834382c8987282c50a95f882ab82b582df82e782ea82bd82e7816382a082bd82b58163	48000:BC=817593a782ab82c682a882e982e682a482c88140834c838c834382c8987282c50a09090909090995f882ab82b582df82e782ea82bd82e7816382a082bd82b58163
D00333	817582a082a082c18163835f8381814082bb82f182c882b182c682b582bf82e19876	48000:11B
D00334	837c838a838a815b8369817582c182c48163814082a0814082a082cc82cb82a5987a	48000:14A
D00335	8347838b8369815b817582bb82f182c882b182c682b582c482a282e90a8fea8d8782b682e182c882a282c582b582e5815b8140838683698149	48000:178=8347838b8369815b817582bb82f182c882b182c682b582c482a282e90a0909090909098fea8d8782b682e182c882a282c582b582e5815b8140838683698149
D00336	8386815b838a8342817582bb82a482c582b782a38149814082b182ea82a982e70a8386836982b382f182cd8386815b838a834282c688ea8f8f82c90a94d38353836e839382cc977088d382f082b782e982f182c582b782a38149	48000:1CE=8386815b838a8342817582bb82a482c582b782a38149814082b182ea82a982e70a0909090909098386836982b382f182cd8386815b838a834282c688ea8f8f82c90a09090909090994d38353836e839382cc977088d382f082b782e982f182c582b782a38149
D00337	959181758369836a8cbe82c182c482f182cc82e6814981408da182a982e70a8da193fa82c582ab82c882a982c182bd95e28f4b8ef68bc682f082b782e982cc81490a82ed82a982c182bd82e78140918182ad90c882c982c282ad8149	48000:252=959181758369836a8cbe82c182c482f182cc82e6814981408da182a982e70a090909098da193fa82c582ab82c882a982c182bd95e28f4b8ef68bc682f082b782e982cc81490a0909090982ed82a982c182bd82e78140918182ad90c882c982c282ad8149
D00338	8347838b8369815b817582bb814082bb82ea82e088e182a482c68e7682a482af82c7987a	48000:2B7
D00339	837c838a838a815b8369817582c6814082c682c982a982ad987a	48000:2E7
D00340	837c838a838a815b83698175837e834c82aa96b38e9682c582e682a982c182bd82ed81630a8350834b82cd82c882a28148	48000:318=837c838a838a815b83698175837e834c82aa96b38e9682c582e682a982c182bd82ed81630a0909090909098350834b82cd82c882a28148
D00341	837e834c817582a682a68163814094d4916782cc838a836e815b8354838b92860a82a082c182c682a282a48ad482c9814095df82dc82c182c482b582dc82c182c481630a95738a6f82be82c182bd82ed8163	48000:35C=837e834c817582a682a68163814094d4916782cc838a836e815b8354838b92860a09090909090982a082c182c682a282a48ad482c9814095df82dc82c182c482b582dc82c182c481630a09090909090995738a6f82be82c182bd82ed8163
D00342	837c838a838a815b83698175837e834c81630a82bb82f182c882c98b4382c982b582c882a282c58163	48000:3C6=837c838a838a815b83698175837e834c81630a09090909090982bb82f182c882c98b4382c982b582c882a282c58163
D00343	83868369817582c881638369836a81408da182cc89b99874	48000:436
D00344	8347838b8369815b817583868369814091e595cf82c582b781490a8fe38bf382a982e781408b9091e582c88347836c838b834d815b94bd899e82aa9873	48000:45A=8347838b8369815b817583868369814091e595cf82c582b781490a0909090909098fe38bf382a982e781408b9091e582c88347836c838b834d815b94bd899e82aa9873
D00345	837c838a838a815b8369817582dd82f182c8814981408d7382ad82ed82e69873	48000:4A9
D00346	83868369817582a2814082a282c182bd82a289bd82c882cc82e681408341838c8149	48000:4FC
D00347	8386815b838a8342817591e582c182ab82c881408363837b82c582b782a38163	48000:52A
D00348	817583748374837483748374837483628163	48000:561
D00349	8347838b8369815b81758b408a4289bb8d6392e99873	48000:591
D00350	8b408a4289bb8d6392e981758386836982e681630a8380835f82c890ed82a2814082b28bea984a82be82c182bd82c8	48000:5BE=8b408a4289bb8d6392e981758386836982e681630a090909098380835f82c890ed82a2814082b28bea984a82be82c182bd82c8
D00351	8386836981758380835f82c890ed82a282c882f182c481630a82bb82f182c882b182c6814082c882a282e082f18149	48000:5F2=8386836981758380835f82c890ed82a282c882f182c481630a09090909090982bb82f182c882b182c6814082c882a282e082f18149
D00352	8b408a4289bb8d6392e9817582cd82bd82b582c482bb82a482a982c88148	48000:63E
D00353	837e834c81758ca982c48149	48000:67A
D00354	9591817593ae82ab8f6f82b582bd82ed82e68149	48000:692
D00355	8b408a4289bb8d6392e98175837483748374837483748374836281630a89e482aa92e98d9182aa916e82e88f6f82b582bd0a986690af946a89f3837e83548343838b81408177935689ce8178	48000:6C8=8b408a4289bb8d6392e98175837483748374837483748374836281630a0909090989e482aa92e98d9182aa916e82e88f6f82b582bd0a09090909986690af946a89f3837e83548343838b81408177935689ce8178
D00356	817582b182ea82aa926e8b8582cc9286905382c9924282b582bd8e9e0a906c97de82cd814082b182cc90af82e082eb82c682e00a82b182c182cf82dd82b682f182c98140908182ab94f282d482cc82be9873	48000:728=817582b182ea82aa926e8b8582cc9286905382c9924282b582bd8e9e0a09090909906c97de82cd814082b182cc90af82e082eb82c682e00a0909090982b182c182cf82dd82b682f182c98140908182ab94f282d482cc82be9873
D00357	83868369817582bb814082bb82f182c881630a82bb82f182c882b182c6814082b382b982c882a282ed9873	48000:783=83868369817582bb814082bb82f182c881630a09090909090982bb82f182c882b182c6814082b382b982c882a282ed9873
D00358	8b408a4289bb8d6392e9817582d982a4814088d090a882aa82a282a282b182c682be81630a8b4d976c82cc82a88ee895c082dd814094718ca982b382b982c482e082e782a882a4	48000:7CB=8b408a4289bb8d6392e9817582d982a4814088d090a882aa82a282a282b182c682be81630a090909098b4d976c82cc82a88ee895c082dd814094718ca982b382b982c482e082e782a882a4
D00359	81758374836e836e836e836e836e83628163	48000:822
D00360	837c838a838a815b8369817596ef89ee82c88e9682c982c882c182bd82ed82cb8163	48000:835
D00361	8347838b8369815b817582a082cc8370838f815b82a982e78c768e5a82b782e982c60a837e83548343838b82aa926e8b8582cc9286905382c5949a94ad82b582bd82e70a906c97de82cd8a6d8ec082c982a882b582dc82a282c582b78163	48000:863=8347838b8369815b817582a082cc8370838f815b82a982e78c768e5a82b782e982c60a090909090909837e83548343838b82aa926e8b8582cc9286905382c5949a94ad82b582bd82e70a090909090909906c97de82cd8a6d8ec082c982a882b582dc82a282c582b78163
D00362	83868369817582dd82f182c88149814082c782a482b582bd82e782a282a282cc82a7987a	48000:8E4
D00363	959181758c8882dc82c182c482f182b682e182c882a281490a89bd82c682a982b582c481408e7e82df82e982c182ab82e10a82c882a282c582b582e583489873	48000:914=959181758c8882dc82c182c482f182b682e182c882a281490a09090909090989bd82c682a982b582c481408e7e82df82e982c182ab82e10a09090909090982c882a282c582b582e583489873
D00364	8386815b838a83428175836e834382c582b782a381630a918182ad82b582c882a282c6814082a882a282b582a282b294d182aa0a904882d782e782ea82c882ad82c882c182bf82e182a482c582b782a3987a	48000:96C=8386815b838a83428175836e834382c582b782a381630a090909090909918182ad82b582c882a282c6814082a882a282b582a282b294d182aa0a090909090909904882d782e782ea82c882ad82c882c182bf82e182a482c582b782a3987a
D00365	8347838b8369815b817582c682c982a982ad8140837e83548343838b82f00a8dd782a982ad95aa90cd82b582c482dd82ea82ce814089bd82a90a82ed82a982e982cd82b882c582b78149	48000:9D6=8347838b8369815b817582c682c982a982ad8140837e83548343838b82f00a0909090909098dd782a982ad95aa90cd82b582c482dd82ea82ce814089bd82a90a09090909090982ed82a982e982cd82b882c582b78149
D00366	8e8d9044817582bb82ea82c582cd8160816081600a82b382c182bb82ad816081608160	48000:A55=8e8d9044817582bb82ea82c582cd8160816081600a0909090982b382c182bb82ad816081608160
D00367	95918175836e8343836e8343814981408d7382ad82ed82e6814082dd82f182c89873	48000:A7D
D00368	83868369817582c882f182c491e582ab82a282f182be82eb82a48163	50000:33
D00369	8e8d9044817582a4816081608160816082f10a82b382bc91e582ab816081608160816082a2816081600a8368837283938ff682b582c982c882e982f182c582b582e582a482cb816081608160	50000:5C=8e8d9044817582a4816081608160816082f10a09090909090982b382bc91e582ab816081608160816082a2816081600a0909090909098368837283938ff682b582c982c882e982f182c582b582e582a482cb816081608160
D00370	9591817582c882c982e68149814082b182f182c882e082f18149	50000:C1
D00371	838683698175959182bf82e182f1814082c882f182c50a975d8c7682c882b182c682b782f182cc82e68160987a	50000:10C=838683698175959182bf82e182f1814082c882f182c50a090909090909975d8c7682c882b182c682b782f182cc82e68160987a
D00372	95918175834181408341835e835682cc82b982a282be82c182c48cbe82a482cc9874	50000:14C
D00373	8e8d9044817582b382ed82e782ca905f82c98160816081600a82bd82bd82e882c882b582c582b782e681608160816081608160	50000:17B=8e8d9044817582b382ed82e782ca905f82c98160816081600a09090909090982bd82bd82e882c882b582c582b782e681608160816081608160
D00374	8386815b838a8342817582bd82bd82e882c182c40a904882d782e782ea82e982f182c582b782a9829f8148	50000:1C1=8386815b838a8342817582bd82bd82e882c182c40a090909090909904882d782e782ea82e982f182c582b782a9829f8148
D00375	8347838b8369815b817582dd814082dd82c882b382f1987a0a82bb82f182c882b182c682b582c482a282e98fea8d8782b682e182a082e882dc82b982f10a8da182cd934782f0937c82b782cc82aa90e68c8882c582b582e5987a	50000:1FF=8347838b8369815b817582dd814082dd82c882b382f1987a0a09090909090982bb82f182c882b182c682b582c482a282e98fea8d8782b682e182a082e882dc82b982f10a0909090909098da182cd934782f0937c82b782cc82aa90e68c8882c582b582e5987a
D00376	97ed94fc817582a282e2829f8140927882ea82c48353838183938341838b0a89f382b382ea82bd935882f08f43979d82b582c482bd82e70a82b182f182c88e9e8ad482c982c882c182c482b582dc82c182bd8341838b987a	50000:2B2=97ed94fc817582a282e2829f8140927882ea82c48353838183938341838b0a090909090909090989f382b382ea82bd935882f08f43979d82b582c482bd82e70a090909090909090982b182f182c88e9e8ad482c982c882c182c482b582dc82c182bd8341838b987a
D00377	83868369817597ed94fc82bf82e182f1814096b38e9682be82c182bd82f182be8149	50000:339
D00378	97ed94fc817582bb82a48ac8925082c982e282e782ea82e90a97ed94fc82c582cd82c882a28341838b82e681490a927882ea82bd95aa82cd8ee682e895d482b78341838b8149	50000:368=97ed94fc817582bb82a48ac8925082c982e282e782ea82e90a090909090909090997ed94fc82c582cd82c882a28341838b82e681490a0909090909090909927882ea82bd95aa82cd8ee682e895d482b78341838b8149
D00379	97ed94fc81758f438d7382aa91ab82e882c882a982c182bd8341838b8163	50000:528 58000:618 60000:3B0 80000:402 90000:96D 98000:A57 A8000:B43 B0000:9D8 D8000:4D1 E8000:577 108000:44C 110000:360 120000:3CC 138000:2D6 148000:1CB 158000:1D1 188000:57E 198000:1ED 1A0000:49F 1A8000:348 1E0000:868 200000:460 220000:3BD 228000:516 238000:575 240000:63B 278000:651 2C8000:37D 2D8000:1C9 300000:67F 308000:305 310000:34D 340000:16A 350000:16A 360000:16A 370000:16A 388000:762 398000:2E1 3A8000:167 3B0000:207 3B8000:1E5 3C0000:1C4 3E8000:51E 3F0000:1BB 400000:1CF 408000:1D7
D00380	83868369817582b182cc82dc82dc82b682e18140926e8b8582aa8163	50000:562 58000:652 60000:3EA
D00381	837c838a838a815b83698175934795ba8e6d82cd8140915388f5937c82b582bd82ed81490a8ce382cd82b182ea82f08e7e82df82e982be82af82e68149	50000:5AE=837c838a838a815b83698175934795ba8e6d82cd8140915388f5937c82b582bd82ed81490a0909090909098ce382cd82b182ea82f08e7e82df82e982be82af82e68149 58000:1C=837c838a838a815b83698175934795ba8e6d82cd8140915388f5937c82b582bd82ed81490a0909090909098ce382cd82b182ea82f08e7e82df82e982be82af82e68149
D00382	8175837483748374816382b28b408c9982a282a982aa0a926e8b8582cc82dd82c882b382f18163	50000:609=8175837483748374816382b28b408c9982a282a982aa0a090909090909926e8b8582cc82dd82c882b382f18163 58000:C9=8175837483748374816382b28b408c9982a282a982aa0a090909090909926e8b8582cc82dd82c882b382f18163
D00383	83868369817582a0814082a082c882bd82cd827382758bc782c98cbb82ea82bd81630a82a082c882bd82cd88ea91cc814089bd8ed282c882cc8148	50000:643=83868369817582a0814082a082c882bd82cd827382758bc782c98cbb82ea82bd81630a09090909090982a082c882bd82cd88ea91cc814089bd8ed282c882cc8148 58000:103=83868369817582a0814082a082c882bd82cd827382758bc782c98cbb82ea82bd81630a09090909090982a082c882bd82cd88ea91cc814089bd8ed282c882cc8148
D00384	81758e8482cd8b408a4289bb8d6392e9976c82c982a88e6482a682b782e90a8dc58bad82cc8177985a89d490ed817882cc88ea906c8149814081778b6589d481788149	50000:691=81758e8482cd8b408a4289bb8d6392e9976c82c982a88e6482a682b782e90a0909090909098dc58bad82cc8177985a89d490ed817882cc88ea906c8149814081778b6589d481788149 58000:151=81758e8482cd8b408a4289bb8d6392e9976c82c982a88e6482a682b782e90a0909090909098dc58bad82cc8177985a89d490ed817882cc88ea906c8149814081778b6589d481788149
D00385	8386836981758b6589d48163816381488140985a89d490ed8148	50000:6F9 58000:1B9
D00386	9591817582c782a482e282e781638da182dc82c582cc95ba91e082c682cd0a8f9f8ee882aa88e182a482e682a482cb	50000:720=9591817582c782a482e282e781638da182dc82c582cc95ba91e082c682cd0a0909090909098f9f8ee882aa88e182a482e682a482cb 58000:1E0=9591817582c782a482e282e781638da182dc82c582cc95ba91e082c682cd0a0909090909098f9f8ee882aa88e182a482e682a482cb
D00387	8b6589d4817582b182ea82aa82c882f182be82a982ed82a982e981480a935689ce82f089938a7591808dec82c582ab82e90a835283938367838d815b838b83608362837682e68163	50000:77F=8b6589d4817582b182ea82aa82c882f182be82a982ed82a982e981480a090909090909935689ce82f089938a7591808dec82c582ab82e90a090909090909835283938367838d815b838b83608362837682e68163 58000:23F=8b6589d4817582b182ea82aa82c882f182be82a982ed82a982e981480a090909090909935689ce82f089938a7591808dec82c582ab82e90a090909090909835283938367838d815b838b83608362837682e68163
D00388	817582b182ea82aa82a082ea82ce935689ce82f08e7e82df82e982cc82c882f182c40a91a28dec82e082c882a282b182c6816382c782a48140977e82b582a28148	50000:7E0=817582b182ea82aa82a082ea82ce935689ce82f08e7e82df82e982cc82c882f182c40a09090909090991a28dec82e082c882a282b182c6816382c782a48140977e82b582a28148 58000:2A0=817582b182ea82aa82a082ea82ce935689ce82f08e7e82df82e982cc82c882f182c40a09090909090991a28dec82e082c882a282b182c6816382c782a48140977e82b582a28148
D00389	83868369817582ad82ea82e982cc8148	50000:834 58000:2F4
D00390	8b6589d4817582e082bf82eb82f1816382e082b581408e8482f00a95df82dc82a682e982b182c682aa82c582ab82bd82e782cb8149	50000:851=8b6589d4817582e082bf82eb82f1816382e082b581408e8482f00a09090909090995df82dc82a682e982b182c682aa82c582ab82bd82e782cb8149
D00391	83868369817582a082c19874814091d282c182c48149	50000:899
D00392	837c838a838a815b83698175835f838182e6814981408386836981490a82bb82f182c8934782cc8ee882c988f882c182a982a982c182bf82e1835f83818149	50000:8BC=837c838a838a815b83698175835f838182e6814981408386836981490a09090909090982bb82f182c8934782cc8ee882c988f882c182a982a982c182bf82e1835f83818149
D00393	8386815b838a8342817591d282c182c482ad82be82b3816082a281490a8386836982b38160816082f181408386815b838a834282e08d7382ad82c582b782a3987a	50000:90E=8386815b838a8342817591d282c182c482ad82be82b3816082a281490a0909090909098386836982b38160816082f181408386815b838a834282e08d7382ad82c582b782a3987a
D00394	837c838a838a815b8369817582a082a082c1814981408386815b838a834282dc82c5987a	50000:962
D00395	83868369817582a282c282cc8ad482c982a90a82a082f182c882c990f682c182bf82e182c182c482e981638163	58000:6C=83868369817582a282c282cc8ad482c982a90a09090909090982a082f182c882c990f682c182bf82e182c182c482e981638163
D00396	8b6589d4817582bb82a482cb8163816382b182cc8e8482f0937c82b982bd82e70a8d6c82a682c482a082b082c482e082a282a282ed82e68163	58000:311=8b6589d4817582bb82a482cb8163816382b182cc8e8482f0937c82b982bd82e70a0909090909098d6c82a682c482a082b082c482e082a282a282ed82e68163
D00397	83868369817582b1814082b182ea82cd9874	58000:3A9 120000:69 1D8000:58 1E8000:6E 208000:23A 2B8000:2A5
D00398	837c838a838a815b8369817582dd82f182c881408b4382f082c282af82c481490a8372815b838082cc8d558c8294cd88cd82c993fc82e782c882a282e682a482c90a82b782e982cc82e69873	58000:3C8=837c838a838a815b8369817582dd82f182c881408b4382f082c282af82c481490a0909090909098372815b838082cc8d558c8294cd88cd82c993fc82e782c882a282e682a482c90a09090909090982b782e982cc82e69873
D00399	8b6589d4817582bb82a4814082a482dc82ad82a282ad82a982b582e781638163	58000:42D
D00400	8b6589d4817582b182b182aa814082a082c882bd924282cc0a95e68fea82c682c882e982cc82e69873	58000:45A=8b6589d4817582b182b182aa814082a082c882bd924282cc0a09090909090995e68fea82c682c882e982cc82e69873
D00401	8b6589d4817582c8814082c882c982a182c19874	58000:682 60000:41A
D00402	83868369817582a082c1814082b182b182cd0a82a082bd82b582cc89c682cc814082bb82ce82b682e182c882a28148	60000:28=83868369817582a082c1814082b182b182cd0a09090909090982a082bd82b582cc89c682cc814082bb82ce82b682e182c882a28148
D00403	8b6589d4817582bb82a4816381630a8ea995aa82cc89c682c582e482c182ad82e882c60a8969899382c98b7882de82c882f182c482cc82cd82c782a48148	60000:6A=8b6589d4817582bb82a4816381630a0909090909098ea995aa82cc89c682c582e482c182ad82e882c60a0909090909098969899382c98b7882de82c882f182c482cc82cd82c782a48148
D00404	83868369817582a682c19874814082c782a482a282a482b182c68148	60000:C1
D00405	8b6589d4817582dc82be81408b4382c382a282c482c882a282c882f182c4816381630a967b939682c982a8836f834a82b382f182be82b182c68149	60000:EA=8b6589d4817582dc82be81408b4382c382a282c482c882a282c882f182c4816381630a090909090909967b939682c982a8836f834a82b382f182be82b182c68149
D00406	8386815b838a834281758386836982b3816081608160816082f181490a88cd82dc82ea82bf82e182c182bd82c582b782a3987a	60000:138=8386815b838a834281758386836982b3816081608160816082f181490a09090909090988cd82dc82ea82bf82e182c182bd82c582b782a3987a
D00407	83868369817582b182ea82cd81638163	60000:17E
D00408	8b6589d4817582b382a081408b408a4289bb95ba8e6d924281490a82b382c182b382c68e6e969682b782e982cc82e68149	60000:19B=8b6589d4817582b382a081408b408a4289bb95ba8e6d924281490a09090909090982b382c182b382c68e6e969682b782e982cc82e68149
D00409	837c838a838a815b8369817583868369924282aa0a8bb282dd8c8282bf82c982a082c182c482e982ed8149	60000:1DF=837c838a838a815b8369817583868369924282aa0a0909090909098bb282dd8c8282bf82c982a082c182c482e982ed8149
D00410	8175918182ad81408f9582af82c882ab82e18149	60000:21D
D00411	8b6589d48175834e83628163814082dc814082dc82b382a998740a82b182cc8e8482aa958982af82e982c682cd8163	68000:1C=8b6589d48175834e83628163814082dc814082dc82b382a998740a09090909090982b182cc8e8482aa958982af82e982c682cd8163
D00412	837c838a838a815b836981758e84924282f00a82a082dc82ad8ca982b782ac82bd82e682a482cb8149	68000:5D=837c838a838a815b836981758e84924282f00a09090909090982a082dc82ad8ca982b782ac82bd82e682a482cb8149
D00413	83868369817582bb82f182c88e9682e682e88140918182ad0a8ee882a082c482f082b582c882ab82e1835f838182be82e68149	68000:A3=83868369817582bb82f182c88e9682e682e88140918182ad0a0909090909098ee882a082c482f082b582c882ab82e1835f838182be82e68149
D00414	8b6589d481758374836281638140836f834a82cb81490a8e8482aa82a8914f924282c981408f9582af82f082b182a482c682c582e00a8e7682c182c482e982cc9874	68000:E8=8b6589d481758374836281638140836f834a82cb81490a0909090909098e8482aa82a8914f924282c981408f9582af82f082b182a482c682c582e00a0909090909098e7682c182c482e982cc9874
D00415	83868369817582bb814082bb82f182c881408e8482cd82bd82be8163	68000:142
D00416	8b6589d481758b408a4289bb92e98d9182cd81408c8882b582c40a906c8ad482c882c782c982cd8bfc82b582c882a281630a8ca982e982aa82a282a28149	68000:175=8b6589d481758b408a4289bb92e98d9182cd81408c8882b582c40a090909090909906c8ad482c882c782c982cd8bfc82b582c882a281630a0909090909098ca982e982aa82a282a28149
D00417	83868369817582a082a082c19873	68000:1E8
D00418	81758946928882f08e78947a82b782e982cc82cd8b408a4289bb8d6392e9976c82e681630a8b408a4289bb92e98d9182c989688cf582a082ea987381408374837483748374836281630a836e815b8362836e836e836e836e836e83628149	68000:202=81758946928882f08e78947a82b782e982cc82cd8b408a4289bb8d6392e9976c82e681630a0909090909098b408a4289bb92e98d9182c989688cf582a082ea987381408374837483748374836281630a090909090909836e815b8362836e836e836e836e836e83628149
D00419	837c838a838a815b836981758aeb82c882a29873	68000:278
D00420	83868369817582bb82f182c881638163	68000:2C0
D00421	837c838a838a815b836981758b408a42906c82cd905382c682a282a482e082cc82f00a8e9d82bd82c882a2816381408da182dc82c582cc934782c682cd88e182a481630a8b4382f082c282af82c882ad82c482cd82cb81638163	68000:2DC=837c838a838a815b836981758b408a42906c82cd905382c682a282a482e082cc82f00a0909090909098e9d82bd82c882a2816381408da182dc82c582cc934782c682cd88e182a481630a0909090909098b4382f082c282af82c882ad82c482cd82cb81638163
D00422	97ed94fc817582b582a982b58341838c82cd814082c7815b82b782e98341838b81630a82b182cc82dc82dc82b682e18140926e8b8582cd82a882b582dc82a28341838b82e68163	68000:36B=97ed94fc817582b582a982b58341838c82cd814082c7815b82b782e98341838b81630a09090909090982b182cc82dc82dc82b682e18140926e8b8582cd82a882b582dc82a28341838b82e68163
D00423	837e834c817589bd82c682a982b582c492e28e7e95fb964082f00a8ca982c282af82c882a282c68163	68000:3C4=837e834c817589bd82c682a982b582c492e28e7e95fb964082f00a0909090909098ca982c282af82c882a282c68163
D00424	817596b391ca82be82c8816381638140837483748374836281638163	68000:40A
D00425	83868369817582bb82cc90ba82cd816381408b408a4289bb8d6392e98149	68000:457
D00426	8b408a4289bb8d6392e98175935689ce82f08e7e82df82e982b182c682cd0a957389c2945c81638163	68000:48C=8b408a4289bb8d6392e98175935689ce82f08e7e82df82e982b182c682cd0a09090909957389c2945c81638163
D00427	817596b3979d82c990a78ce482b582e682a482c682b782ea82ce0a8f758e9e82c9949a94ad82b782e982e682a482c98e64916782f182c582a082e98163	68000:4C5=817596b3979d82c990a78ce482b582e682a482c682b782ea82ce0a090909098f758e9e82c9949a94ad82b782e982e682a482c98e64916782f182c582a082e98163
D00428	837c838a838a815b8369817589bd82c582b782c182c48149	68000:507
D00429	8b408a4289bb8d6392e98175835283938367838d815b838b83608362837682aa0a82c882a28da182c682c882c182c482cd81408ee882cc91c582bf82e682a482aa0a82a082e982dc82a28163	68000:541=8b408a4289bb8d6392e98175835283938367838d815b838b83608362837682aa0a0909090982c882a28da182c682c882c182c482cd81408ee882cc91c582bf82e682a482aa0a0909090982a082e982dc82a28163
D00430	817582b982a282ba82a2906c8ad482cc8bf082a982c8926d8c6282f08bec8e6782b582c40a82a082aa82ad82aa82e682a29873814083748374837483748362816381630a836e836e836e836e836e836e83628149	68000:5A1=817582b982a282ba82a2906c8ad482cc8bf082a982c8926d8c6282f08bec8e6782b582c40a0909090982a082aa82ad82aa82e682a29873814083748374837483748362816381630a09090909836e836e836e836e836e836e83628149
D00431	83868369817582ab81408fc182a682bd8163	68000:609
D00432	8347838b8369815b81758386836981408b408a4289bb8d6392e982cc986282cd0a895282c682cd8e7682a682dc82b982f18163	68000:627=8347838b8369815b81758386836981408b408a4289bb8d6392e982cc986282cd0a090909090909895282c682cd8e7682a682dc82b982f18163
D00433	8175837e83548343838b82f096b3979d82c98e7e82df82e682a482c682b782ea82ce0a82a882bb82e782ad82cd81638163	68000:66C=8175837e83548343838b82f096b3979d82c98e7e82df82e682a482c682b782ea82ce0a09090909090982a882bb82e782ad82cd81638163
D00434	838683698175949a94ad814082b582bf82e182a482cc82cb8163	68000:6AF
D00435	8347838b8369815b817582c582e08140837e83548343838b82cc90a78ce49195927582aa0a82a082cc835283938367838d815b838b83608362837682be82af82c682e00a8e7682a682dc82b982f18163	68000:6EB=8347838b8369815b817582c582e08140837e83548343838b82cc90a78ce49195927582aa0a09090909090982a082cc835283938367838d815b838b83608362837682be82af82c682e00a0909090909098e7682a682dc82b982f18163
D00436	81758e8482cc908491aa82aa90b382b582af82ea82ce81408b4f93b98f4390b382e20a8b4e949a90a78ce482f08d7382a48381834383938352839383738385815b835e815b82aa0a82a082e982cd82b882c582b78149	68000:753=81758e8482cc908491aa82aa90b382b582af82ea82ce81408b4f93b98f4390b382e20a0909090909098b4e949a90a78ce482f08d7382a48381834383938352839383738385815b835e815b82aa0a09090909090982a082e982cd82b882c582b78149
D00437	83868369817582c782b182c99874	68000:7C1
D00438	8347838b8369815b8175837e83548343838b82f094ad8ecb82b582bd0a8946928882c982a082e98140934782cc8d558c828aee926e82a989bd82a98163	68000:7DB=8347838b8369815b8175837e83548343838b82f094ad8ecb82b582bd0a0909090909098946928882c982a082e98140934782cc8d558c828aee926e82a989bd82a98163
D00439	817582ab82c182c6814082bb82b182c98d7382af82ce0a8e7e82df82e98e9682aa82c582ab82e982c68e7682a282dc82b79873	68000:82A=817582ab82c182c6814082bb82b182c98d7382af82ce0a0909090909098e7e82df82e98e9682aa82c582ab82e982c68e7682a282dc82b79873
D00440	83868369817582ed82a982c182bd82ed81408347838b8369815b81490a926e8b8582cc82dd82f182c882f08ee782e982bd82df82be82e082f182cb81630a8d7382b182a49873	68000:86F=83868369817582ed82a982c182bd82ed81408347838b8369815b81490a090909090909926e8b8582cc82dd82f182c882f08ee782e982bd82df82be82e082f182cb81630a0909090909098d7382b182a49873
D00441	8e8d9044817582c582e08160816081608160	68000:8CD
D00442	817589469288914482cd8160816082a282c182bd82a28368835282c90a82a082e982f182c582b582e582a4816081608160	68000:8EB=817589469288914482cd8160816082a282c182bd82a28368835282c90a09090909090982a082e982f182c582b582e582a4816081608160
D00443	837c838a838a815b8369817582bb82ea82c882e79053947a82a282e782c882a282ed8163	68000:92E
D00444	837c838a838a815b8369817582dd82f182c881408e8482c982c282a282c482ab82c48149	68000:969
D00445	83868369817582a482ed816082c18163814091e582c182ab82a2914482be82cb82a581490a96bc914f82cd814089bd82c482a282a482cc8148	70000:23=83868369817582a482ed816082c18163814091e582c182ab82a2914482be82cb82a581490a09090909090996bc914f82cd814089bd82c482a282a482cc8148
D00446	837c838a838a815b8369817582dc82be81408c8882dc82c182c482c882a282cc82e68163	70000:6E
D00447	83868369817582bb82c182a9829f81638163814082b682e182a00a81778347838c838183938367837483468341838a83428d86817882c182c40a96bc914f82c982b582e682a482e68149	70000:A9=83868369817582bb82c182a9829f81638163814082b682e182a00a09090909090981778347838c838183938367837483468341838a83428d86817882c182c40a09090909090996bc914f82c982b582e682a482e68149
D00448	837c838a838a815b836981758347838c838183938367837483468341838a834281630a95ca82c982a282a282af82c7814082c782a482a282a488d396a182c882cc8148	70000:10B=837c838a838a815b836981758347838c838183938367837483468341838a834281630a09090909090995ca82c982a282a282af82c7814082c782a482a282a488d396a182c882cc8148
D00449	83868369817582a4815b82f182c682cb816381408e8482cc976490b882dd82bd82a20a82be82c182bd9746924282aa814082b8815b82c182c691a482c982a282c482ad82ea82e90a82e682a482c982c182c488d396a182be82e681638163816382cb82c19876	70000:160=83868369817582a4815b82f182c682cb816381408e8482cc976490b882dd82bd82a20a09090909090982be82c182bd9746924282aa814082b8815b82c182c691a482c982a282c482ad82ea82e90a09090909090982e682a482c982c182c488d396a182be82e681638163816382cb82c19876
D00450	837c838a838a815b836981758386836981638163	70000:1F7
D00451	9591817582e682a7816082b5814082dd82f182c8834081490a82b382c182bb82ad81408f6f94ad82b782e982ed82e683489873	70000:222=9591817582e682a7816082b5814082dd82f182c8834081490a09090909090982b382c182bb82ad81408f6f94ad82b782e982ed82e683489873
D00452	8386815b838a8342817582b682e182a081408386815b838a834282cd0a82b294d18140948382c182c482ad82e982c582b782a39873	70000:267=8386815b838a8342817582b682e182a081408386815b838a834282cd0a09090909090982b294d18140948382c182c482ad82e982c582b782a39873
D00453	817582a882c982ac82e88252824f824f8cc282c90a834a838c815b838b834582aa8254824f824f83708362834e82c681638163	70000:2AE=817582a882c982ac82e88252824f824f8cc282c90a090909090909834a838c815b838b834582aa8254824f824f83708362834e82c681638163
D00454	8386836981758386815b838a83428149814089469288914482c90a90cf82df82e982be82af82c982b582c482cb8149	70000:2F3=8386836981758386815b838a83428149814089469288914482c90a09090909090990cf82df82e982be82af82c982b582c482cb8149
D00455	97ed94fc81758341835e835682cd95908aed82cc90ae94f582b782e98341838b8149	70000:33F
D00456	837e834c817582b682e182a081408e8482cd894692888d71984882cc8a6d944682f08163	70000:36D
D00457	8e8d9044817582bb82ea82b682e182a0816081608e8482cd816081600a82e482c182ad82e882c68160816082a882d082e982cb82f08160	70000:39D=8e8d9044817582bb82ea82b682e182a0816081608e8482cd816081600a09090909090982e482c182ad82e882c68160816082a882d082e982cb82f08160
D00458	83868369817588e182a482c582b582e5815b82c1987a	70000:3FF
D00459	83868369817582a482ed829f816082c181490a82c882f182c4834c838c834382c882f182be82eb82a48163	78000:C2=83868369817582a482ed829f816082c181490a0909090909090982c882f182c4834c838c834382c882f182be82eb82a48163
D00460	97ed94fc81758e7682ed82b88ca982c682ea82c482b582dc82a48341838b82cb8163	78000:100
D00461	9591817582b182f182c8834c838c834382c890af82f089f382bb82a482c60a82b782e982c882f182c481408b408a4289bb906c82cc94fc9349835a8393835882f00a8b5e82c182bf82e182a482ed82cb82a58163	78000:12E=9591817582b182f182c8834c838c834382c890af82f089f382bb82a482c60a09090909090982b782e982c882f182c481408b408a4289bb906c82cc94fc9349835a8393835882f00a0909090909098b5e82c182bf82e182a482ed82cb82a58163
D00462	837e834c817597ce82cc926e8b858163814082c882f182c682b582c482e00a8ee782e782c882ad82c482cd82a282af82dc82b982f182cb8163	78000:19A=837e834c817597ce82cc926e8b858163814082c882f182c682b582c482e00a0909090909098ee782e782c882ad82c482cd82a282af82dc82b982f182cb8163
D00463	8347838b8369815b81758386836981408386836981490a90b391cc957396be82cc8acd914482aa90da8bdf928682c582b79873	78000:202=8347838b8369815b81758386836981408386836981490a09090909090990b391cc957396be82cc8acd914482aa90da8bdf928682c582b79873
D00464	9591817582b382c182bb82ad814088ab8cfb82f00a95b782ab82c282af82bd82dd82bd82a282cb81490a82b182cc8177985a967b96d882cc9591817882aa918a8ee882b582c48163	78000:247=9591817582b382c182bb82ad814088ab8cfb82f00a09090909090995b782ab82c282af82bd82dd82bd82a282cb81490a09090909090982b182cc8177985a967b96d882cc9591817882aa918a8ee882b582c48163
D00465	837c838a838a815b8369817582bf82e582c182c691d282c182c498730a92ca904d82aa93fc82e982ed8149	78000:2A7=837c838a838a815b8369817582bf82e582c182c691d282c182c498730a09090909090992ca904d82aa93fc82e982ed8149
D00466	8386836981758d7382c182c482dd82e682a48149	78000:2E4
D00467	8386836981758347838b8369815b8140934782cc89469288914482c882cc9874	78000:321
D00468	8347838b8369815b817588e182a282dc82b78163814082b182ea82cd81630a8be289cd98418d8782cc8eaf95ca9364946782c582b782cb81490a82d082e582c182c682b582bd82e78163	78000:34D=8347838b8369815b817588e182a282dc82b78163814082b182ea82cd81630a0909090909098be289cd98418d8782cc8eaf95ca9364946782c582b782cb81490a09090909090982d082e582c182c682b582bd82e78163
D00469	817582b182bf82e78be289cd98418d87955d8b6389ef0a88c0915395db8fe1979d8e968bc781408db88e408aaf81638163	78000:3C5=817582b182bf82e78be289cd98418d87955d8b6389ef0a0909090988c0915395db8fe1979d8e968bc781408db88e408aaf81638163
D00470	81758352815b8368836c815b838081638177835a8343838c815b839381788163	78000:406
D00471	83868369817582e282c182cf82e88140837e8354834c82bf82e182f182be829f9876	78000:427
D00472	837e8354834c817582bb82cc90ba82cd81638386836981490a82e282c182cf82e881408386836982c882cc82cb9873	78000:455=837e8354834c817582bb82cc90ba82cd81638386836981490a09090909090982e282c182cf82e881408386836982c882cc82cb9873
D00473	8381834383938358834e838a815b839382f08ca982e9	78000:496
D00474	8d6c82a682e9	78000:4AD
D00475	83868369817582ed829f816082c198760a837e8354834c82bf82e182f182c989ef82a482cc8b7682b582d482e882be82c8829f	78000:4B4=83868369817582ed829f816082c198760a090909090909837e8354834c82bf82e182f182c989ef82a482cc8b7682b582d482e882be82c8829f
D00476	817582c582e0814089bd82c582b182f182c88367835282c90a82a282e982f182be82eb82a48148	78000:4F9=817582c582e0814089bd82c582b182f182c88367835282c90a09090909090982a282e982f182be82eb82a48148
D00477	83868369817582a082a082c18149814082a082ea82cd9874	78000:562
D00478	97ed94fc81758b408a4289bb92e98d918341838b9873	78000:586
D00479	8386815b838a83428175837e8354834c82b382f182cc834e838b815b8355815b82aa0a8d558c8282b382ea82c482e982c582b782a39873	78000:5A8=8386815b838a83428175837e8354834c82b382f182cc834e838b815b8355815b82aa0a0909090909098d558c8282b382ea82c482e982c582b782a39873
D00480	837c838a838a815b8369817588ea8ff08940837e8354834c81630a82c782a482e282e7814094f682af82e782ea82c482bd82e682a482cb8149	78000:5F1=837c838a838a815b8369817588ea8ff08940837e8354834c81630a09090909090982c782a482e282e7814094f682af82e782ea82c482bd82e682a482cb8149
D00481	83868369817582c8814089bd82c5837e8354834c82bf82e182f182aa0a915f82ed82ea82e982cc9874	78000:647=83868369817582c8814089bd82c5837e8354834c82bf82e182f182aa0a090909090909915f82ed82ea82e982cc9874
D00482	837e8354834c817582ad82c1814082a082bd82b582c682b582bd82b182c682aa8163	80000:44
D00483	8386836981758aeb82c882a28149814082b182cc82dc82dc82b682e10a837e8354834c82bf82e182f182aa814082e282e782ea82bf82e182a49873	80000:73=8386836981758aeb82c882a28149814082b182cc82dc82dc82b682e10a090909090909837e8354834c82bf82e182f182aa814082e282e782ea82bf82e182a49873
D00484	837c838a838a815b8369817582c882f182c682b582c482e00a837e8354834c82f08f9582af82e982cc82e69873	80000:C1=837c838a838a815b8369817582c882f182c682b582c482e00a090909090909837e8354834c82f08f9582af82e982cc82e69873
D00485	837e8354834c81758360836281630a934782cc96da955782cd8e8482cc82e682a482cb	80000:126=837e8354834c81758360836281630a0909090909090909934782cc96da955782cd8e8482cc82e682a482cb
D00486	838683698175834c8383815b815b815b815b836281490a837e8354834c82bf82e182f182cc834e838b815b8355815b82aa81608160	80000:15E=838683698175834c8383815b815b815b815b836281490a09090909090909837e8354834c82bf82e182f182cc834e838b815b8355815b82aa81608160
D00487	837e8354834c81758386836982c989ef82a4914f82c9814082b182f182c88f8a82c50a82e282e782ea82e982ed82af82c982cd82a282a982c882a281490a82c882f182c682a98e9d82bf82b182bd82a682c882af82ea82ce8163	80000:1AE=837e8354834c81758386836982c989ef82a4914f82c9814082b182f182c88f8a82c50a090909090909090982e282e782ea82e982ed82af82c982cd82a282a982c882a281490a090909090909090982c882f182c682a98e9d82bf82b182bd82a682c882af82ea82ce8163
D00488	837e8354834c8175934782cc8d558c8282c50a838183438393834783938357839382aa8140965c919682b58e6e82df82c482a282e981490a82b182cc82dc82dc82c582cd949a94ad82b782e982ed	80000:22C=837e8354834c8175934782cc8d558c8282c50a0909090909090909838183438393834783938357839382aa8140965c919682b58e6e82df82c482a282e981490a090909090909090982b182cc82dc82dc82c582cd949a94ad82b782e982ed
D00489	83868369817582b282df82f182c882b382a28163837e8354834c82bf82e182f181638163	80000:43C
D00490	8347838b8369815b817582c782a482e282e78140934782cd0a935091de82b582bd82e682a482c582b78149	80000:47F=8347838b8369815b817582c782a482e282e78140934782cd0a090909090909935091de82b582bd82e682a482c582b78149
D00491	83868369817582e282c182bd829f815b815b815b8149	80000:4BD
D00492	838683698175837e8140837e8354834c82bf82e182f18149814091e58fe495769874	88000:2E
D00493	837e8354834c817582a682a6814082e082bf82eb82f182e681490a8386836982b182bb81408350834b82cd82c882a28148	88000:5C=837e8354834c817582a682a6814082e082bf82eb82f182e681490a0909090909098386836982b182bb81408350834b82cd82c882a28148
D00494	83868369817583478377837783629876814082a082bd82b582cd91e58fe4957681490a82dd82f182c882aa82c282a282c482e982e082f19873	88000:9F=83868369817583478377837783629876814082a082bd82b582cd91e58fe4957681490a09090909090982dd82f182c882aa82c282a282c482e982e082f19873
D00495	837e8354834c8175837e83548343838b82cc8c8f82cd926d82c182c482e982ed0a91e595cf82c88e9682c982c882c182bd82ed82cb8163	88000:EA=837e8354834c8175837e83548343838b82cc8c8f82cd926d82c182c482e982ed0a09090909090991e595cf82c88e9682c982c882c182bd82ed82cb8163
D00496	83868369817582a482f1816389bd82c682a994ad8ecb926e935f82f0917b82b582c40a837e83548343838b82f08e7e82df82c882a282c68140926e8b8582aa8163	88000:133=83868369817582a482f1816389bd82c682a994ad8ecb926e935f82f0917b82b582c40a090909090909837e83548343838b82f08e7e82df82c882a282c68140926e8b8582aa8163
D00497	8347838b8369815b8175837e83548343838b82cc8b4f93b982a982e70a82a882a882e682bb82cc8fea8f8a82cd82ed82a982e982cc82c582b782aa0a8fda82b582a288ca927582dc82c582cd8163	88000:186=8347838b8369815b8175837e83548343838b82cc8b4f93b982a982e70a09090909090982a882a882e682bb82cc8fea8f8a82cd82ed82a982e982cc82c582b782aa0a0909090909098fda82b582a288ca927582dc82c582cd8163
D00498	837e8354834c81758163816381638163816381638163816381638163	88000:1EC
D00499	83868369817582c7814082c782a482b582bd82cc8148	88000:209
D00500	837e8354834c81758386836981630a82a88ae882a2814981408e8482c997cd82f091dd82b582c49873	88000:236=837e8354834c81758386836981630a09090909090982a88ae882a2814981408e8482c997cd82f091dd82b582c49873
D00501	817582b182cc82dc82dc82be82c68946928882aa81630a8be289cd82cc90af815882aa8aeb82c882a282cc814981400a926e8b8582aa91e595cf82c882cc82cd82ed82a982c182c482e9816382c582e08149	88000:271=817582b182cc82dc82dc82be82c68946928882aa81630a0909090909098be289cd82cc90af815882aa8aeb82c882a282cc814981400a090909090909926e8b8582aa91e595cf82c882cc82cd82ed82a982c182c482e9816382c582e08149
D00502	838683698175837e8354834c82bf82e182f18163	88000:2DB
D00503	837c838a838a815b836981758fda82b582ad90e096be82b582c48149	88000:2FB
D00504	837e8354834c81758be289cd98418d8782cc8366815b835e8389834383758389838a82f00a92b282d782c482dd82bd82e781408a4f8946928882c9936082ed82e90a82a082e9936090e082aa958282a982d182a082aa82c182c482ab82bd82cc8163	88000:339=837e8354834c81758be289cd98418d8782cc8366815b835e8389834383758389838a82f00a09090909090992b282d782c482dd82bd82e781408a4f8946928882c9936082ed82e90a09090909090982a082e9936090e082aa958282a982d182a082aa82c182c482ab82bd82cc8163
D00505	837c838a838a815b83698175936090e081638148	88000:3B3
D00506	837e8354834c817591be8cc382cc90cc81408d82937882c895b696be82f00a8cd682c182bd986690af82aa82a082c182bd82ed8163	88000:3FB=837e8354834c817591be8cc382cc90cc81408d82937882c895b696be82f00a090909098cd682c182bd986690af82aa82a082c182bd82ed8163
D00507	8175915382c482aa8b408a4289bb82b382ea81408b438fdb82b782e70a8ea98ddd82c9918082e981778b408a4289bb906c817882cc90af82aa8163	88000:440=8175915382c482aa8b408a4289bb82b382ea81408b438fdb82b782e70a090909098ea98ddd82c9918082e981778b408a4289bb906c817882cc90af82aa8163
D00508	8386836981758b408a4289bb906c81630a8177889f96eb8cc182bf82e182f1817882cc82e682a482c8906c924282cb8149	88000:48B=8386836981758b408a4289bb906c81630a090909098177889f96eb8cc182bf82e182f1817882cc82e682a482c8906c924282cb8149
D00509	837e8354834c817582bb82a4816381408b408a4289bb906c924282cd0a93c68ea982cc906989bb8c6091d482f082c682e8814095bd986182c890a28a4582f00a927a82ab82a082b082c482a282c182bd8163	88000:4D7=837e8354834c817582bb82a4816381408b408a4289bb906c924282cd0a0909090993c68ea982cc906989bb8c6091d482f082c682e8814095bd986182c890a28a4582f00a09090909927a82ab82a082b082c482a282c182bd8163
D00510	817582c582e0816382a082e98e9e82b182cc90af82c9814089c88a7782cc97cd82c50a8946928890aa959e82f082bd82ad82e782de8ed282aa8cbb82ea82bd82cc8163	88000:53D=817582c582e0816382a082e98e9e82b182cc90af82c9814089c88a7782cc97cd82c50a090909098946928890aa959e82f082bd82ad82e782de8ed282aa8cbb82ea82bd82cc8163
D00511	817582bb82cc96bc82cd81778d958d6392e981788149	88000:5AD
D00512	81758d958d6392e982cd88b3937c934982c8959097cd82c58e9f815882c60a8be289cd82cc90af82f0946a89f382b582c482a282c182bd82ed8163	88000:5CF=81758d958d6392e982cd88b3937c934982c8959097cd82c58e9f815882c60a090909098be289cd82cc90af82f0946a89f382b582c482a282c182bd82ed8163
D00513	817582e082a482b182ea82cd90ed918882c68cc482d782e982e082cc82b682e182c882a20a88ea95fb934982c881778b738e45817882e69873	88000:61A=817582e082a482b182ea82cd90ed918882c68cc482d782e982e082cc82b682e182c882a20a0909090988ea95fb934982c881778b738e45817882e69873
D00514	83868369817582d082c782a28163	88000:663
D00515	837e8354834c817582c582e0814082bb82cc8d958d6392e982c991ce8d5282b782d782ad0a817794928d6392e9817882aa97a782bf82a082aa82c182bd82cc8163	88000:67D=837e8354834c817582c582e0814082bb82cc8d958d6392e982c991ce8d5282b782d782ad0a09090909817794928d6392e9817882aa97a782bf82a082aa82c182bd82cc8163
D00516	837e834c817594928d6392e98148	88000:6CE
D00517	837e8354834c817582bb82a48163814095bd986182f088a482b782e994928d6392e982cd0a8ea982e781408d958d6392e982c990ed82a282f092a782f182be82ed8163	88000:6FF=837e8354834c817582bb82a48163814095bd986182f088a482b782e994928d6392e982cd0a090909098ea982e781408d958d6392e982c990ed82a282f092a782f182be82ed8163
D00518	817597bc8ed282cc90ed82a282cd814089ca82c482b582c882ad91b182a282bd82ed8163	88000:752
D00519	9591817582bb82ea82c58c8b8bc7814082c782c182bf82aa8f9f82c182bd82cc82e68148	88000:782
D00520	837e8354834c817582e082bf82eb82f1814094928d6392e982e681490a82c582e0816381638aae915382c982cd937c82b982c882a982c182bd8163	88000:7B2=837e8354834c817582e082bf82eb82f1814094928d6392e982e681490a0909090982c582e0816381638aae915382c982cd937c82b982c882a982c182bd8163
D00521	81758bad91e582c982c882e882b782ac82bd97cd82f0959588f382b782e982cc82aa0a82e282c182c682be82c182bd82e782b582a282ed8163	88000:7FD=81758bad91e582c982c882e882b782ac82bd97cd82f0959588f382b782e982cc82aa0a0909090982e282c182c682be82c182bd82e782b582a282ed8163
D00522	817582bb82cc8ce3814094928d6392e982aa9286905382c682c882c182c40a905682bd82c88b408a4289bb906c82cc8d9182f0916e82e882a082b082bd82cc82e68163	88000:851=817582bb82cc8ce3814094928d6392e982aa9286905382c682c882c182c40a09090909905682bd82c88b408a4289bb906c82cc8d9182f0916e82e882a082b082bd82cc82e68163
D00523	817582b182ea82aa8be289cd82c9936082ed82e90a8d958d6392e982c694928d6392e982cc936090e082e681630a82bb82b582c481638163	88000:8A4=817582b182ea82aa8be289cd82c9936082ed82e90a090909098d958d6392e982c694928d6392e982cc936090e082e681630a0909090982bb82b582c481638163
D00524	817582b182ea82aa81778b408a4289bb92e98d91817882cc89df8b8e82c90a82dc82c282ed82e9986281638163	88000:8F0=817582b182ea82aa81778b408a4289bb92e98d91817882cc89df8b8e82c90a0909090982dc82c282ed82e9986281638163
D00525	837c838a838a815b8369817582c582cd8140959588f382b382ea82bd0a81778d958d6392e9817882c682a282a482cc82cd8163	88000:92D=837c838a838a815b8369817582c582cd8140959588f382b382ea82bd0a090909090981778d958d6392e9817882c682a282a482cc82cd8163
D00526	837e8354834c817582bb82a48163814082a882bb82e782ad82bb82ea82aa0a8cbb8ddd82cc81778b408a4289bb8d6392e9817881638163	88000:971=837e8354834c817582bb82a48163814082a882bb82e782ad82bb82ea82aa0a09090909098cbb8ddd82cc81778b408a4289bb8d6392e9817881638163
D00527	817589bd82a982aa8cb488f682c5959588f382aa89f082af0a8ba588ab82c897cd82aa959c8a8882b582c482b582dc82c182bd82cc82e68163	88000:9B9=817589bd82a982aa8cb488f682c5959588f382aa89f082af0a0909090909098ba588ab82c897cd82aa959c8a8882b582c482b582dc82c182bd82cc82e68163
D00528	837e8354834c81758b408a4289bb92e98d9182aa915f82c182c482a282e982cc82cd0a926e8b8582be82af82b682e182c882a28163	88000:A10=837e8354834c81758b408a4289bb92e98d9182aa915f82c182c482a282e982cc82cd0a090909090909926e8b8582be82af82b682e182c882a28163
D00529	81758cbb82c98da182e081408a6590af8c6e82aa8d558c8282b382ea82c482a282e981490a8e84924281408be289cd98418d8782cc94ed8a5182e0907291e582e68163	88000:A57=81758cbb82c98da182e081408a6590af8c6e82aa8d558c8282b382ea82c482a282e981490a0909090909098e84924281408be289cd98418d8782cc94ed8a5182e0907291e582e68163
D00530	959181758dc582c182c192e182cb8149	88000:AAC
D00531	837e834c81758b9682b982c882a28163	88000:AC8
D00532	97ed94fc81758b408a4289bb8d6392e982cd8b538341838b82a99874	88000:AE4
D00533	837e8354834c817582a88ae882a282e681408386836981490a81778cf582cc8b7e90a28ee5817882cc816381630a82a082c882bd82cc97cd82f091dd82b582c48149	88000:B17=837e8354834c817582a88ae882a282e681408386836981490a090909090981778cf582cc8b7e90a28ee5817882cc816381630a090909090982a082c882bd82cc97cd82f091dd82b582c48149
D00534	83868369817582a482f18149814082ed82a982c182bd9873	88000:B7A
D00535	837e8354834c8175837a8140837a8393836782c99874	88000:B9E
D00536	83868369817582e082c182bf82eb82f198730a8be289cd82cc906c924282cc83738393836082f082be82dc82c182c40a8ca982c482e982ed82af82c982cd814082a282a982c882a282e082f182cb8149	88000:BC0=83868369817582e082c182bf82eb82f198730a0909090909098be289cd82cc906c924282cc83738393836082f082be82dc82c182c40a0909090909098ca982c482e982ed82af82c982cd814082a282a982c882a282e082f182cb8149
D00537	837e8354834c81758386836981638163	88000:C28 238000:14F5 240000:15C7
D00538	837c838a838a815b836981758e8482e08ee882f091dd82b782ed81490a8be289cd82c98b5082ad90af8158814082b182ea88c88fe30a8e5582e782b982cd82b582c882a28149	88000:C44=837c838a838a815b836981758e8482e08ee882f091dd82b782ed81490a0909090909098be289cd82c98b5082ad90af8158814082b182ea88c88fe30a0909090909098e5582e782b982cd82b582c882a28149
D00539	8386815b838a834281758386815b838a834282e00a82b9815b82a282c182cf82a2814082a88ee8936082a282b782e982c582b782a38149	88000:CAD=8386815b838a834281758386815b838a834282e00a09090909090982b9815b82a282c182cf82a2814082a88ee8936082a282b782e982c582b782a38149
D00540	97ed94fc817588ab937d82cd81408341835e835682cc834a83938374815b82c50a8352836583938370839382c982b582c482e282e98341838b8149	88000:CF6=97ed94fc817588ab937d82cd81408341835e835682cc834a83938374815b82c50a0909090909098352836583938370839382c982b582c482e282e98341838b8149
D00541	837e834c81758e8482e0814082a882e682ce82b882c882aa82e70a82a88ee8936082a282b582dc82b78149	88000:D43=837e834c81758e8482e0814082a882e682ce82b882c882aa82e70a09090909090982a88ee8936082a282b582dc82b78149
D00542	9591817582dc829f81408cb381458bb382a68e7182cc978a82dd82be82b582cb834681630a82b182cc92b494fc906c82c5814092b4974482b582a290e690b682e00a97cd82f091dd82b582bd82b082e982ed8149	88000:D80=9591817582dc829f81408cb381458bb382a68e7182cc978a82dd82be82b582cb834681630a09090909090982b182cc92b494fc906c82c5814092b4974482b582a290e690b682e00a09090909090997cd82f091dd82b582bd82b082e982ed8149
D00543	8e8d9044817582a082cc8160816082ed82bd82ad82b582e08160816081600a94f797cd82c582cd82a082e882dc82b782aa8160816081608160	88000:DEC=8e8d9044817582a082cc8160816082ed82bd82ad82b582e08160816081600a09090909090994f797cd82c582cd82a082e882dc82b782aa8160816081608160
D00544	95918175836e8343836e8343816381408e8d904482e08ee8936082a482c182c483548149	88000:E37
D00545	837e8354834c817582dd82c882b382f18163816382a082e882aa82c682a48149	88000:E67
D00546	83868369817582e682a7815b82b581408b7d82aa82c882ad82c182bf82e181490a82b182a482b582c482e98ad482c982e08140915f82ed82ea82c482e990af82aa0a82a082e982a982e082b582ea82c882a282f182be82a982e78163	88000:E9E=83868369817582e682a7815b82b581408b7d82aa82c882ad82c182bf82e181490a09090909090982b182a482b582c482e98ad482c982e08140915f82ed82ea82c482e990af82aa0a09090909090982a082e982a982e082b582ea82c882a282f182be82a982e78163
D00547	8347838b8369815b817582c782a482b782e982c282e082e882c582b78148	88000:F12
D00548	8386836981758c8882dc82c182c482e982b682e182c882a281490a92bc90da81408b408a4289bb8d6392e982c989ef82c182c4814082b182f182c882b182c60a918182ad82e282df82e982e682a482c98cbe82a482cc82e68149	88000:F3C=8386836981758c8882dc82c182c482e982b682e182c882a281490a09090909090992bc90da81408b408a4289bb8d6392e982c989ef82c182c4814082b182f182c882b182c60a090909090909918182ad82e282df82e982e682a482c98cbe82a482cc82e68149
D00549	8347838b8369815b817595b782a282c482ad82ea82e982c60a82a282a282f182c582b782af82c78163	88000:FAE=8347838b8369815b817595b782a282c482ad82ea82e982c60a09090909090982a282a282f182c582b782af82c78163
D00550	837c838a838a815b8369817582c582e081408b8f8fea8f8a82aa0a82ed82a982e782c882a282c6814082c782a482b582e682a482e082c882a282ed82cb8163	88000:FE9=837c838a838a815b8369817582c582e081408b8f8fea8f8a82aa0a09090909090982ed82a982e782c882a282c6814082c782a482b582e682a482e082c882a282ed82cb8163
D00551	837e8354834c817582bb82ea82c882e791e58fe4957681490a8be289cd98418d87967b959482c5837a838d834f8389837483428362834e9364946782cc0a8b749254926d82c990ac8cf782b582bd82cc8149	88000:103A=837e8354834c817582bb82ea82c882e791e58fe4957681490a0909090909098be289cd98418d87967b959482c5837a838d834f8389837483428362834e9364946782cc0a0909090909098b749254926d82c990ac8cf782b582bd82cc8149
D00552	837e8354834c817582b182b182aa8cbb8ddd88ca92758163814082bb82b582c40a82b182b182aa8b408a4289bb92e98d9182cc967b8b92926e8163	88000:10CD=837e8354834c817582b182b182aa8cbb8ddd88ca92758163814082bb82b582c40a09090909090982b182b182aa8b408a4289bb92e98d9182cc967b8b92926e8163
D00553	817591bd95aa82b182b182c98b408a4289bb8d6392e982aa82a282e982cd82b881630a82c582e0814082b182cc8347838a834182cd8be289cd98418d8782c982c682c182c482e00a96a2926d82cc97cc88e68163	88000:111A=817591bd95aa82b182b182c98b408a4289bb8d6392e982aa82a282e982cd82b881630a09090909090982c582e0814082b182cc8347838a834182cd8be289cd98418d8782c982c682c182c482e00a09090909090996a2926d82cc97cc88e68163
D00554	817582b182cc95d382e882cc90af82c982cd814082ab82c182c60a91bd82ad82cc934782aa814091d282bf82a982dc82a682c482a282e982cd82b881630a89bd82aa8b4e82b182e982a982ed82a982e782c882a282ed8149	88000:1186=817582b182cc95d382e882cc90af82c982cd814082ab82c182c60a09090909090991bd82ad82cc934782aa814091d282bf82a982dc82a682c482a282e982cd82b881630a09090909090989bd82aa8b4e82b182e982a982ed82a982e782c882a282ed8149
D00555	97ed94fc817582b182ea82cd91e595cf82c897b782c90a82c882e882bb82a48341838b82cb987a	88000:11F6=97ed94fc817582b182ea82cd91e595cf82c897b782c90a09090909090982c882e882bb82a48341838b82cb987a
D00556	83868369817591e58fe495768149814082dd82f182c888ea8f8f82be82b50a82c282a282c582c991bc82cc90af82e082dc82ed82c182c4814088ab82a28384836382f00a82e282c182c282af82bf82e182a682ce82a282a282cc82e68149	88000:122F=83868369817591e58fe495768149814082dd82f182c888ea8f8f82be82b50a09090909090982c282a282c582c991bc82cc90af82e082dc82ed82c182c4814088ab82a28384836382f00a09090909090982e282c182c282af82bf82e182a682ce82a282a282cc82e68149
D00557	8347838b8369815b817582bb82a482c582b782cb81630a82bf82e582a482c7837e83548343838b82cc94ad8ecb837c83438393836782e00a9372928682c982a082e882bb82a482c582b782b58163	88000:12A5=8347838b8369815b817582bb82a482c582b782cb81630a09090909090982bf82e582a482c7837e83548343838b82cc94ad8ecb837c83438393836782e00a0909090909099372928682c982a082e882bb82a482c582b782b58163
D00558	837e8354834c81758dc5925a838b815b836782c882e70a93ec94d890af834583898389815b834a8145838b815b836782c60a9048904190af834983438356815b83848145838b815b836782aa82a082e982ed8149	88000:130B=837e8354834c81758dc5925a838b815b836782c882e70a09090909090993ec94d890af834583898389815b834a8145838b815b836782c60a0909090909099048904190af834983438356815b83848145838b815b836782aa82a082e982ed8149
D00559	8175838b815b836782cc914991f082cd81408386836982c90a82a882dc82a982b982b782e982ed9873	88000:1377=8175838b815b836782cc914991f082cd81408386836982c90a09090909090982a882dc82a982b982b782e982ed9873
D00560	83868369817582b182b182aa0a93ec94d890af8177834583898389815b834a817882a9829f8163	90000:3C=83868369817582b182b182aa0a09090909090993ec94d890af8177834583898389815b834a817882a9829f8163
D00561	817582c882f182be82a9837c834a837c834a82b582c40a82c6816082c182c482e08b438e9d82bf82cc82a282a290af82cb82a581630a82d3829f829f829f829f829f8163	90000:76=817582c882f182be82a9837c834a837c834a82b582c40a09090909090982c6816082c182c482e08b438e9d82bf82cc82a282a290af82cb82a581630a09090909090982d3829f829f829f829f829f8163
D00562	837e8354834c817595cf82be82ed814981408a6d82a982c90a834583898389815b834a82cd89b7926782c88b438cf382cc986690af82be82af82c70a82b182cc8e9e8afa82cd8f89937e82cc82cd82b881638163	90000:D3=837e8354834c817595cf82be82ed814981408a6d82a982c90a090909090909834583898389815b834a82cd89b7926782c88b438cf382cc986690af82be82af82c70a09090909090982b182cc8e9e8afa82cd8f89937e82cc82cd82b881638163
D00563	83868369817582d3815b82f1816382c582e082b182cc977a8b4382cd0a8f74969e8a4a82c182c48ab482b682e682cb82a581630a89bd82be82a982c682c182c482e096b082ad82c4816382d3829f829f829f829f8163	90000:140=83868369817582d3815b82f1816382c582e082b182cc977a8b4382cd0a0909090909098f74969e8a4a82c182c48ab482b682e682cb82a581630a09090909090989bd82be82a982c682c182c482e096b082ad82c4816382d3829f829f829f829f8163
D00564	8347838b8369815b817582f182e082a4814981408386836982c182bd82e70a837d8357838182c982e282e882c882b3815b82a2987a	90000:1AF=8347838b8369815b817582f182e082a4814981408386836982c182bd82e70a090909090909837d8357838182c982e282e882c882b3815b82a2987a
D00565	97ed94fc817582d3829f829f829f829f829f816381630a82c882f182be82a996b082ad82c882c182c482ab82bd8341838b82e6816381630a82d3829f829f829f829f829f81638163	90000:1F7=97ed94fc817582d3829f829f829f829f829f816381630a09090909090982c882f182be82a996b082ad82c882c182c482ab82bd8341838b82e6816381630a09090909090982d3829f829f829f829f829f81638163
D00566	9591817582a0814082a082bd82b582cd95ca82c996b082ad82c882f182a90a82c882a282ed82e6816382dd82f182c8814082be82e782b582c882a282ed82cb82a581630a82d3829f829f829f829f81638163	90000:258=9591817582a0814082a082bd82b582cd95ca82c996b082ad82c882f182a90a09090909090982c882a282ed82e6816382dd82f182c8814082be82e782b582c882a282ed82cb82a581630a09090909090982d3829f829f829f829f81638163
D00567	8386815b838a8342817582de82c982e182de82c982e1816381630a835f838182c582b782a381638163	90000:2C3=8386815b838a8342817582de82c982e182de82c982e1816381630a090909090909835f838182c582b782a381638163
D00568	8175935698a582e08140834a836398a582e00a8345836a98a582e081408343834e838998a582e08140935389ce98a582e00a82dd816082f182c88386815b838a834282cc82c582b782a381638163	90000:2FF=8175935698a582e08140834a836398a582e00a0909090909098345836a98a582e081408343834e838998a582e08140935389ce98a582e00a09090909090982dd816082f182c88386815b838a834282cc82c582b782a381638163
D00569	8347838b8369815b817582dd82c882b382f1814082a082c882bd924282cc0a8e6796bd82cd81408b408a4289bb92e98d9182cc904e97aa82a982e70a82b182cc986690af82f08ee782e982b182c682c582b582e5987a	90000:366=8347838b8369815b817582dd82c882b382f1814082a082c882bd924282cc0a0909090909098e6796bd82cd81408b408a4289bb92e98d9182cc904e97aa82a982e70a09090909090982b182cc986690af82f08ee782e982b182c682c582b582e5987a
D00570	83868369817582bf82e582c182c682be82af81408b7882f182c582a282b182a482e681600a8347838b8369815b816382d3829f829f829f829f829f81638163	90000:3D5=83868369817582bf82e582c182c682be82af81408b7882f182c582a282b182a482e681600a0909090909098347838b8369815b816382d3829f829f829f829f829f81638163
D00571	8175836e8362836e8362836e8362836e8362836e83620a82a482ed82b392ca82e88140836f834a82c8937a82e782cb8160	90000:433=8175836e8362836e8362836e8362836e8362836e83620a0909090982a482ed82b392ca82e88140836f834a82c8937a82e782cb8160
D00572	837e8354834c817582be8140924e8148	90000:469
D00573	817582a082bd82a282cd985a89d490ed82cc88ea906c814081778df789d4817881490a82c782a482be82a2814881408b4790df82b782e78ea9975282c9918082e90a82a082bd82a282e78b408a4289bb92e98d9182cc8b5a8f7082cd8149	90000:491=817582a082bd82a282cd985a89d490ed82cc88ea906c814081778df789d4817881490a0909090909090982c782a482be82a2814881408b4790df82b782e78ea9975282c9918082e90a0909090909090982a082bd82a282e78b408a4289bb92e98d9182cc8b5a8f7082cd8149
D00574	837e8354834c817582ad82c181490a82e282cd82e8814083848363838982cc8e648bc682a98163	90000:51C=837e8354834c817582ad82c181490a09090909090982e282cd82e8814083848363838982cc8e648bc682a98163
D00575	8df789d481758b4382aa82c282ad82cc82aa927882a982c182bd82ed82cb82a581630a82a8965d82dd92ca82e881408969899382c996b082e782b982c482a082b082e982ed8149	90000:556=8df789d481758b4382aa82c282ad82cc82aa927882a982c182bd82ed82cb82a581630a09090909090982a8965d82dd92ca82e881408969899382c996b082e782b982c482a082b082e982ed8149
D00576	8df789d48175836e8362836e8362836e8362814082bb82b182a982e782b682e10a82a082bd82a282c98e7788ea967b8140904782ea82e982b182c682e00a82c582ab82c882a282c582b582e58149	90000:5D4=8df789d48175836e8362836e8362836e8362814082bb82b182a982e782b682e10a090909090909090982a082bd82a282c98e7788ea967b8140904782ea82e982b182c682e00a090909090909090982c582ab82c882a282c582b582e58149
D00577	83868369817582a0816082f1814082c782a482b582e682a48160987a	90000:63F
D00578	817582bd815b815b815b815b82c18149	90000:674
D00579	8175817782a889d482cc837d838a81788e518fe381490a94fc82b582a282a889d482f088ab977082b782e9937a82cd8b9682b382c882a28149	90000:6A2=8175817782a889d482cc837d838a81788e518fe381490a090909090909090994fc82b582a282a889d482f088ab977082b782e9937a82cd8b9682b382c882a28149
D00580	8df789d4817582ad82c18163816382a082bd82a282cc837e8393837e8393919082aa8149	90000:702
D00581	83868369817582e6815b815b82b58140837d838a82bf82e182f182e0978882bd82b50a82b182c182a982e782aa8f9f958982e68149	90000:733=83868369817582e6815b815b82b58140837d838a82bf82e182f182e0978882bd82b50a090909090909090982b182c182a982e782aa8f9f958982e68149
D00582	8347838b8369815b8175835f838182c582b79873814082bb82cc89d482cc0a82bb82ce82c98d7382ad82c6814096b082e782b382ea82c482b582dc82a282dc82b781490a928d88d382b582c490ed82ed82c882ad82c482cd8163	90000:78B=8347838b8369815b8175835f838182c582b79873814082bb82cc89d482cc0a090909090909090982bb82ce82c98d7382ad82c6814096b082e782b382ea82c482b582dc82a282dc82b781490a0909090909090909928d88d382b582c490ed82ed82c882ad82c482cd8163
D00583	837e8354834c817596f082c997a782c482c882ad82c482b282df82f182cb81630a838683698163	90000:9A7=837e8354834c817596f082c997a782c482c882ad82c482b282df82f182cb81630a09090909090909090909090909838683698163 98000:A91=837e8354834c817596f082c997a782c482c882ad82c482b282df82f182cb81630a09090909090909090909090909838683698163 A8000:B7D=837e8354834c817596f082c997a782c482c882ad82c482b282df82f182cb81630a09090909090909090909090909838683698163 D8000:50B=837e8354834c817596f082c997a782c482c882ad82c482b282df82f182cb81630a09090909090909090909090909838683698163 E8000:5B1=837e8354834c817596f082c997a782c482c882ad82c482b282df82f182cb81630a09090909090909090909090909838683698163 108000:486=837e8354834c817596f082c997a782c482c882ad82c482b282df82f182cb81630a09090909090909090909090909838683698163 110000:39A=837e8354834c817596f082c997a782c482c882ad82c482b282df82f182cb81630a09090909090909090909090909838683698163 120000:406=837e8354834c817596f082c997a782c482c882ad82c482b282df82f182cb81630a09090909090909090909090909838683698163 138000:310=837e8354834c817596f082c997a782c482c882ad82c482b282df82f182cb81630a09090909090909090909090909838683698163 148000:205=837e8354834c817596f082c997a782c482c882ad82c482b282df82f182cb81630a09090909090909090909090909838683698163 158000:20B=837e8354834c817596f082c997a782c482c882ad82c482b282df82f182cb81630a09090909090909090909090909838683698163 188000:5B8=837e8354834c817596f082c997a782c482c882ad82c482b282df82f182cb81630a09090909090909090909090909838683698163 198000:227=837e8354834c817596f082c997a782c482c882ad82c482b282df82f182cb81630a09090909090909090909090909838683698163 1A0000:4D9=837e8354834c817596f082c997a782c482c882ad82c482b282df82f182cb81630a09090909090909090909090909838683698163 1A8000:382=837e8354834c817596f082c997a782c482c882ad82c482b282df82f182cb81630a09090909090909090909090909838683698163 1E0000:8A2=837e8354834c817596f082c997a782c482c882ad82c482b282df82f182cb81630a09090909090909090909090909838683698163 200000:49A=837e8354834c817596f082c997a782c482c882ad82c482b282df82f182cb81630a09090909090909090909090909838683698163 220000:3F7=837e8354834c817596f082c997a782c482c882ad82c482b282df82f182cb81630a09090909090909090909090909838683698163 228000:550=837e8354834c817596f082c997a782c482c882ad82c482b282df82f182cb81630a09090909090909090909090909838683698163 238000:5AF=837e8354834c817596f082c997a782c482c882ad82c482b282df82f182cb81630a09090909090909090909090909838683698163 240000:675=837e8354834c817596f082c997a782c482c882ad82c482b282df82f182cb81630a09090909090909090909090909838683698163 278000:68B=837e8354834c817596f082c997a782c482c882ad82c482b282df82f182cb81630a09090909090909090909090909838683698163 2C8000:3B7=837e8354834c817596f082c997a782c482c882ad82c482b282df82f182cb81630a09090909090909090909090909838683698163 2D8000:203=837e8354834c817596f082c997a782c482c882ad82c482b282df82f182cb81630a09090909090909090909090909838683698163 300000:6B9=837e8354834c817596f082c997a782c482c882ad82c482b282df82f182cb81630a09090909090909090909090909838683698163 308000:33F=837e8354834c817596f082c997a782c482c882ad82c482b282df82f182cb81630a09090909090909090909090909838683698163 310000:387=837e8354834c817596f082c997a782c482c882ad82c482b282df82f182cb81630a09090909090909090909090909838683698163 340000:1A4=837e8354834c817596f082c997a782c482c882ad82c482b282df82f182cb81630a09090909090909090909090909838683698163 350000:1A4=837e8354834c817596f082c997a782c482c882ad82c482b282df82f182cb81630a09090909090909090909090909838683698163 360000:1A4=837e8354834c817596f082c997a782c482c882ad82c482b282df82f182cb81630a09090909090909090909090909838683698163 370000:1A4=837e8354834c817596f082c997a782c482c882ad82c482b282df82f182cb81630a09090909090909090909090909838683698163 388000:79C=837e8354834c817596f082c997a782c482c882ad82c482b282df82f182cb81630a09090909090909090909090909838683698163 398000:31B=837e8354834c817596f082c997a782c482c882ad82c482b282df82f182cb81630a09090909090909090909090909838683698163 3A8000:1A1=837e8354834c817596f082c997a782c482c882ad82c482b282df82f182cb81630a09090909090909090909090909838683698163 3B0000:241=837e8354834c817596f082c997a782c482c882ad82c482b282df82f182cb81630a09090909090909090909090909838683698163 3B8000:21F=837e8354834c817596f082c997a782c482c882ad82c482b282df82f182cb81630a09090909090909090909090909838683698163 3C0000:1FE=837e8354834c817596f082c997a782c482c882ad82c482b282df82f182cb81630a09090909090909090909090909838683698163 3E8000:558=837e8354834c817596f082c997a782c482c882ad82c482b282df82f182cb81630a09090909090909090909090909838683698163 3F0000:1F5=837e8354834c817596f082c997a782c482c882ad82c482b282df82f182cb81630a09090909090909090909090909838683698163 400000:209=837e8354834c817596f082c997a782c482c882ad82c482b282df82f182cb81630a09090909090909090909090909838683698163 408000:211=837e8354834c817596f082c997a782c482c882ad82c482b282df82f182cb81630a09090909090909090909090909838683698163
D00584	837d838a817589d482cc96bd82cd814082cd82a982c882a282e082cc82cb8163	90000:9F7 A8000:BCD B0000:A12 D8000:55B E8000:601 108000:4D6 110000:3EA 120000:456 138000:360 148000:255 158000:25B 188000:608 198000:277 1A0000:529 1A8000:3D2 1E0000:8F2 200000:4EA 220000:447 228000:5A0 238000:5FF 240000:6C5 278000:6DB 2C8000:407 2D8000:253 300000:709 308000:38F 310000:3D7 340000:1F4 350000:1F4 360000:1F4 370000:1F4 388000:7EC 398000:36B 3A8000:1F1 3B0000:291 3B8000:26F 3C0000:24E 3E8000:5A8 3F0000:245 400000:259 408000:261
D00585	8df789d4817582bb82f182c881630a82a082bd82a282aa958982af82e982c882f182c48163	90000:A67=8df789d4817582bb82f182c881630a0909090909090909090909090982a082bd82a282aa958982af82e982c882f182c48163 98000:B87=8df789d4817582bb82f182c881630a0909090909090909090909090982a082bd82a282aa958982af82e982c882f182c48163
D00586	837e8354834c817582b182b182cc934782e08140937c82b582bd82b182c682be82b50a82bb82eb82bb82eb81408347838c838183938367837483468341838a83428d8682c90a96df82e882dc82b582e582a48149	90000:AA6=837e8354834c817582b182b182cc934782e08140937c82b582bd82b182c682be82b50a09090909090982bb82eb82bb82eb81408347838c838183938367837483468341838a83428d8682c90a09090909090996df82e882dc82b582e582a48149 98000:BC6=837e8354834c817582b182b182cc934782e08140937c82b582bd82b182c682be82b50a09090909090982bb82eb82bb82eb81408347838c838183938367837483468341838a83428d8682c90a09090909090996df82e882dc82b582e582a48149
D00587	83868369817582a482f19873	90000:B13 98000:C33 1A0000:ADE 388000:108F
D00588	837e8354834c81758386836981630a82b182b182aa9048904190af8177834983438356815b8384817882e681638163	98000:49=837e8354834c81758386836981630a09090909090982b182b182aa9048904190af8177834983438356815b8384817882e681638163
D00589	83868369817582a482c182ed815b815b815b815b82a281490a83608387835282c9834e8362834c815b8140837283588350836283670a8376838a8393814082a882be82f182b2814083418343835882e082a082e98149	98000:8B=83868369817582a482c182ed815b815b815b815b82a281490a09090909090983608387835282c9834e8362834c815b8140837283588350836283670a0909090909098376838a8393814082a882be82f182b2814083418343835882e082a082e98149
D00590	817582b182cc90af814082a889d98e7182c582c582ab82c482e982f182be815b82c18149	98000:FA
D00591	8386815b838a8342817582a282bd82be82ab82dc82b782c582b7815b815b82c19873	98000:12B
D00592	83868369817582a082a082c1814981408386815b838a834281490a93c682e890e882df82cd8b9682b382c882a282f182be82a982e7815b82c18149	98000:15A=83868369817582a082a082c1814981408386815b838a834281490a09090909090993c682e890e882df82cd8b9682b382c882a282f182be82a982e7815b82c18149
D00593	8386815b838a83428175918182a28382836d8f9f82bf82c582b782a381490a8370834e8370834e81408382834f8382834f81408380835683838380835683838163	98000:1A8=8386815b838a83428175918182a28382836d8f9f82bf82c582b782a381490a0909090909098370834e8370834e81408382834f8382834f81408380835683838380835683838163
D00594	8347838b8369815b81758386836982e081408386815b838a834282e00a82dc82b682df82c982e282e882c882b3815b815b815b82a2987a	98000:1FC=8347838b8369815b81758386836982e081408386815b838a834282e00a09090909090982dc82b682df82c982e282e882c882b3815b815b815b82a2987a
D00595	97ed94fc817582dc82c182bd82ad814082a88e7182b382dc8341838b82cb8163	98000:246
D00596	9591817582d9815b82f182c681630a82b182f182c88f8e96af934982c8814082a889d98e7182c90a82e682ad96b2928682c982c882ea82e982ed82cb82a58163	98000:273=9591817582d9815b82f182c681630a09090909090982b182f182c88f8e96af934982c8814082a889d98e7182c90a09090909090982e682ad96b2928682c982c882ea82e982ed82cb82a58163
D00597	8e8d9044817582c582a582e08160816081600a959182b381608160816082f10a82e682be82ea82aa816081608160	98000:2CC=8e8d9044817582c582a582e08160816081600a090909090909959182b381608160816082f10a09090909090982e682be82ea82aa816081608160
D00598	959181758f6f82c482c882a282ed82e6987a	98000:313
D00599	837e8354834c817582c582e0814095cf82be82ed81630a834983438356815b838482cd94ec82e682ad82c8986690af82c58140904897bf82aa0a964c957882c882cc82cd81408ad488e182a282c882a282f182be82af82c78163	98000:332=837e8354834c817582c582e0814095cf82be82ed81630a090909090909834983438356815b838482cd94ec82e682ad82c8986690af82c58140904897bf82aa0a090909090909964c957882c882cc82cd81408ad488e182a282c882a282f182be82af82c78163
D00600	817582ad82ad82ad82c1816381630a82e682a482e282ad8b4382aa82c282a282bd82cc82a982a28148	98000:3B1=817582ad82ad82ad82c1816381630a0909090982e682a482e282ad8b4382aa82c282a282bd82cc82a982a28148
D00601	83868369817582a082c1814082a082c882bd82cd8148	98000:3F1
D00602	817582a082bd82a282cd985a89d490ed82cc88ea906c8149814081778df789d4817881490a8fee95f192ca82e88140904882a288d3926e82cc82cd82c182bd937a82e782c50a88c0905382b582bd82e68149	98000:41F=817582a082bd82a282cd985a89d490ed82cc88ea906c8149814081778df789d4817881490a090909090909098fee95f192ca82e88140904882a288d3926e82cc82cd82c182bd937a82e782c50a0909090909090988c0905382b582bd82e68149
D00603	837e8354834c817582e282c182cf82e881490a82b182ea82cd838f836982be82c182bd82cc82cb8149	98000:49E=837e8354834c817582e282c182cf82e881490a09090909090982b182ea82cd838f836982be82c182bd82cc82cb8149
D00604	8df789d4817582b182b182aa814082a082f182bd924282cc0a95e68fea82c982c882e982cc82e681630a82a889d98e7182c988cd82dc82ea82c48d4b82b982be82eb8163	98000:4DA=8df789d4817582b182b182aa814082a082f182bd924282cc0a09090909090995e68fea82c982c882e982cc82e681630a09090909090982a889d98e7182c988cd82dc82ea82c48d4b82b982be82eb8163
D00605	81758b408a4289bb95ba8e6d81490a9841928682f08e6e969682b582bf82dc82a282c88149	98000:537=81758b408a4289bb95ba8e6d81490a0909090909099841928682f08e6e969682b582bf82dc82a282c88149
D00606	83868369817582d382a681608160816082f181630a82e082c182c68140904882d782bd82a982c182bd82cc82c98160987b	98000:56F=83868369817582d382a681608160816082f181630a09090909090982e082c182c68140904882d782bd82a982c182bd82cc82c98160987b
D00607	8386815b838a834281758382834f8382834f8382834f81630a82e082c182c6904882d782ea82e982c582b782a38163	98000:5E1=8386815b838a834281758382834f8382834f8382834f81630a0909090909090982e082c182c6904882d782ea82e982c582b782a38163
D00608	8386836981758386815b838a8342814091d282c182c482a58160987a	98000:624
D00609	81758b7682b582d482e882cb81498140838683698149	98000:65F
D00610	838683698175817789c089d8817882bf82e182f198730a978882c482ad82ea82bd82f182be829f8149	98000:694=838683698175817789c089d8817882bf82e182f198730a0909090909090909978882c482ad82ea82bd82f182be829f8149
D00611	89c089d8817582dd82f182c8814091d282bd82b982bd82ed82cb8149	98000:6D2
D00612	817582a082bb82b182c981408376838d83578346834e835e815b9195927582aa0a82a082e982ed8149814082a082ea82f0946a89f382b782ea82ce0a82b182cc8cb6896582cd814082c882ad82c882e982cd82b88149	98000:6FB=817582a082bb82b182c981408376838d83578346834e835e815b9195927582aa0a090909090909090982a082e982ed8149814082a082ea82f0946a89f382b782ea82ce0a090909090909090982b182cc8cb6896582cd814082c882ad82c882e982cd82b88149
D00613	8df789d481758360836281638163975d8c7682c882b182c682f081638163	98000:76E
D00614	8df789d4817582b182b582e182ad82c8829f816081609873	98000:7A0
D00615	83868369817582a6815b82c181490a8da182dc82c582cc82cd8cb682be82c182bd82cc9874	98000:7D7=83868369817582a6815b82c181490a09090909090909098da182dc82c582cc82cd8cb682be82c182bd82cc9874
D00616	8386815b838a8342817582a082ea82ea814082a889d98e7182aa0a8fc182a682bf82e182c182bd82c582b782a381638163	98000:811=8386815b838a8342817582a082ea82ea814082a889d98e7182aa0a09090909090909098fc182a682bf82e182c182bd82c582b782a381638163
D00617	817582ae82c182b782f182c582b782a3987b	98000:857
D00618	8386815b838a834281758382834f8382834f8382834f81630a82a882a282b5815b82c582b782a38163	98000:884=8386815b838a834281758382834f8382834f8382834f81630a090909090909090982a882a282b5815b82c582b782a38163
D00619	89c089d88175834e8362814096fb926682b582dc82b582bd82ed81638163	98000:AE1 A8000:C09 B0000:A4E D8000:597 E8000:63D 108000:512 110000:426 120000:492 138000:39C 148000:291 158000:297 188000:644 198000:2B3 1A0000:565 1A8000:40E 1E0000:92E 200000:526 220000:483 228000:5DC 238000:63B 240000:701 278000:717 2C8000:443 2D8000:28F 300000:745 308000:3CB 310000:413 340000:230 350000:230 360000:230 370000:230 388000:828 398000:3A7 3A8000:22D 3B0000:2CD 3B8000:2AB 3C0000:28A 3E8000:5E4 3F0000:281 400000:295 408000:29D
D00620	838683698175834c8383817c8362814981408386815b838a834282aa815b815b82c18149	98000:B4F
D00621	837c838a838a815b83698175934782cc904e8d5582cd814088d38a4f82c60a918182a282ed82cb8163	A0000:1F=837c838a838a815b83698175934782cc904e8d5582cd814088d38a4f82c60a090909090909918182a282ed82cb8163
D00622	838683698175834583898389815b834a82be82c182af81630a82c682c182c482e0814082a282a28367835282c882cc82c98163	A0000:65=838683698175834583898389815b834a82be82c182af81630a09090909090982c682c182c482e0814082a282a28367835282c882cc82c98163
D00623	837c838a838a815b8369817582a682a68163814096fb926682cd8bd695a882cb81490a837d838a82aa978882c482ad82ea82c882a982c182bd82e70a82c782a482c882c182c482bd82a98163	A0000:AA=837c838a838a815b8369817582a682a68163814096fb926682cd8bd695a882cb81490a090909090909837d838a82aa978882c482ad82ea82c882a982c182bd82e70a09090909090982c782a482c882c182c482bd82a98163
D00624	8347838b8369815b81758386836982e08140905382b582c482a982a982e782c882a282c60a82a282af82dc82b982f182e68149	A0000:10E=8347838b8369815b81758386836982e08140905382b582c482a982a982e782c882a282c60a09090909090982a282af82dc82b982f182e68149
D00625	83868369817582c182bd82ad81408386815b838a834282c182c482ce0a82a889d98e7182c996b2928682c982c882c182bf82e182c182c482a5	A0000:169=83868369817582c182bd82ad81408386815b838a834282c182c482ce0a09090909090982a889d98e7182c996b2928682c982c882c182bf82e182c182c482a5
D00626	8386815b838a8342817582a282e2829f814082b282df82f182c582b782a3987a	A0000:1B4
D00627	97ed94fc817583868369814083418369835e8140906c82cc82b182c60a8cbe82a682c882a28341838b82e68163	A0000:1E1=97ed94fc817583868369814083418369835e8140906c82cc82b182c60a0909090909098cbe82a682c882a28341838b82e68163
D00628	838683698175834d834e8362987a	A0000:220
D00629	838f836982c982c282a282c48d6c82a682e9	A0000:23A
D00630	837e8354834c82c9907182cb82e9	A0000:24D
D00631	83868369817582b182b182e795d382cc90af82c982dc82c5934782cc8ee882aa0a904c82d182c482e982c882f182c481639770905382b582c882ad82bf82e182cb81630a82a482f182a482f18163	A0000:25C=83868369817582b182b182e795d382cc90af82c982dc82c5934782cc8ee882aa0a090909090909904c82d182c482e982c882f182c481639770905382b582c882ad82bf82e182cb81630a09090909090982a482f182a482f18163
D00632	9591817583418393835e82aa88ea94d4814082b582c182a982e882b582c882ab82e10a835f838182c582b582e5815b815b815b9873	A0000:2C2=9591817583418393835e82aa88ea94d4814082b582c182a982e882b582c882ab82e10a090909090909835f838182c582b582e5815b815b815b9873
D00633	83868369817583438362835e8160816082a2987a	A0000:326
D00634	83868369817582c6814082c682c982a982ad814090e682f08b7d82aa82c882ab82e1987a0a837e8354834c82bf82e182f181408e9f82cc90af82cd82c782b18148	A0000:351=83868369817582c6814082c682c982a982ad814090e682f08b7d82aa82c882ab82e1987a0a090909090909837e8354834c82bf82e182f181408e9f82cc90af82cd82c782b18148
D00635	837e8354834c817582b182b182a982e782be82c60a82d982da93af82b68b9797a382c981408bc98a4390af836383788365834382c60a8dc58f8b90af834183628360815b838482aa82a082e982ed8163	A0000:3A4=837e8354834c817582b182b182a982e782be82c60a09090909090982d982da93af82b68b9797a382c981408bc98a4390af836383788365834382c60a0909090909098dc58f8b90af834183628360815b838482aa82a082e982ed8163
D00636	838683698175836383788365834382c6834183628360815b838481480a82bb82ea82c182c4814082c782f182c890af8148	A0000:40C=838683698175836383788365834382c6834183628360815b838481480a09090909090982bb82ea82c182c4814082c782f182c890af8148
D00637	837e8354834c81758ac8925082c98cbe82a482c68140836383788365834382cd0a89698b769380937982c995a282ed82ea82bd955882cc986690af8163	A0000:44F=837e8354834c81758ac8925082c98cbe82a482c68140836383788365834382cd0a09090909090989698b769380937982c995a282ed82ea82bd955882cc986690af8163
D00638	8175834183628360815b838482cd8d938f8b82c5926d82e782ea82bd0a8edc944d82cc986690af82e68149	A0000:49E=8175834183628360815b838482cd8d938f8b82c5926d82e782ea82bd0a0909090909098edc944d82cc986690af82e68149
D00639	83868369817582c6814082a282a482b182c682cd0a82b782c182b282ad814082b382de816082a290af82c60a82b782c182b282ad814082a082c2816082a290af82c182c482b182c69874	A0000:4F8=83868369817582c6814082a282a482b182c682cd0a09090909090982b782c182b282ad814082b382de816082a290af82c60a09090909090982b782c182b282ad814082a082c2816082a290af82c182c482b182c69874
D00640	817582cd82cd82cd82c181638140837e8354834c82bf82e182f181630a82e082a48fad82b596ca949282bb82a482c88367835282aa0a82a282a282f182be82af82c7987a	A0000:55A=817582cd82cd82cd82c181638140837e8354834c82bf82e182f181630a09090909090982e082a48fad82b596ca949282bb82a482c88367835282aa0a09090909090982a282a282f182be82af82c7987a
D00641	8347838b8369815b81758369836a81408cbe82c182c482e982f182c582b798740a914982e88d4482dd82b582c482e98fea8d8782c582cd82a082e882dc82b982f18149	A0000:5B6=8347838b8369815b81758369836a81408cbe82c182c482e982f182c582b798740a090909090909914982e88d4482dd82b582c482e98fea8d8782c582cd82a082e882dc82b982f18149
D00642	8386815b838a834281758386836982b382f18149814082a982ab955882c60a93e78fc482ab82a482c782f182cc814082c782c182bf82aa904882d782bd82a282a982c50a8c8882df82e982c682a282a282c582b782a39873	A0000:60B=8386815b838a834281758386836982b382f18149814082a982ab955882c60a09090909090993e78fc482ab82a482c782f182cc814082c782c182bf82aa904882d782bd82a282a982c50a0909090909098c8882df82e982c682a282a282c582b782a39873
D00643	83868369817582a4816082f1987a0a82bb82ea82e081408b868bc982cc914991f082be82ed8149	A0000:67B=83868369817582a4816082f1987a0a09090909090982bb82ea82e081408b868bc982cc914991f082be82ed8149
D00644	837c838a838a815b8369817582c782a482b582bd82cc9874	A0000:6BF
D00645	8347838b8369815b817582c4814093478f5082c582b781490a88d98e9f8cb382a982e782cc837e83548343838b8d558c8282c582b78149	A0000:6E3=8347838b8369815b817582c4814093478f5082c582b781490a09090909090988d98e9f8cb382a982e782cc837e83548343838b8d558c8282c582b78149
D00646	83868369817582a6815b82c19874814082c782a482b582e682a481490a82b182cc82dc82dc82b682e181408c8282bf978e82c682b382ea82bf82e182a482e6987a	A0000:72C=83868369817582a6815b82c19874814082c782a482b582e682a481490a09090909090982b182cc82dc82dc82b682e181408c8282bf978e82c682b382ea82bf82e182a482e6987a
D00647	837e8354834c81758da182a982e78acd8a4f82c5899e90ed82b582c482e00a8ad482c98d8782ed82c882a282ed9873	A0000:77F=837e8354834c81758da182a982e78acd8a4f82c5899e90ed82b582c482e00a0909090909098ad482c98d8782ed82c882a282ed9873
D00648	837c838a838a815b83698175837e83548343838b82f094f082af82c882aa82e70a906982de82cc82e68149	A0000:7C0=837c838a838a815b83698175837e83548343838b82f094f082af82c882aa82e70a090909090909906982de82cc82e68149
D00649	817583868369814082aa82f182ce82c182c49873	A0000:7FD
D00650	83868369817582a4816081608160816081600a82b4814082b482d482a2816081600a82b382d482b882ac82e9816081608160987a	A8000:52=83868369817582a4816081608160816081600a09090909090982b4814082b482d482a2816081600a09090909090982b382d482b882ac82e9816081608160987a
D00651	9591817582b1814082b182f182c882b182c682c882e70a8dc58d828b8982cc96d194e782cc8352815b836782f00a8e9d82c182c482ad82e982f182be82c182bd82ed81638163987a	A8000:9F=9591817582b1814082b182f182c882b182c682c882e70a0909090909098dc58d828b8982cc96d194e782cc8352815b836782f00a0909090909098e9d82c182c482ad82e982f182be82c182bd82ed81638163987a
D00652	97ed94fc817582bf82e3814092868d918e6c90e7944e82cc97f08e6a82c90a905393aa96c58b7082b782ea82ce81408d91946a82ea82c48e5289cd82a082e882c60a82a282a48cbe977482aa82a082e98341838b8163	A8000:100=97ed94fc817582bf82e3814092868d918e6c90e7944e82cc97f08e6a82c90a090909090909905393aa96c58b7082b782ea82ce81408d91946a82ea82c48e5289cd82a082e882c60a09090909090982a282a48cbe977482aa82a082e98341838b8163
D00653	817582be82a982e7814082be82a982e781638163987a	A8000:16F
D00654	837e834c817582a2814088d396a1957396be82c882f182c582b782af82c781638163987a	A8000:192
D00655	8e8d9044817582a082e78160816081600a82dd82c882b381608160816082f181600a82c782a482c882b382c182bd82f182c582b782a98160816081608148	A8000:1C3=8e8d9044817582a082e78160816081600a09090909090982dd82c882b381608160816082f181600a09090909090982c782a482c882b382c182bd82f182c582b782a98160816081608148
D00656	83868369817582b581408e8d904482bf82e182f181638aa682ad82c882a282cc8148	A8000:21A
D00657	8e8d904481758aa682a281608160816081480a82bb82a782a282a682ce8160816081600a8fad815881408aa682a282e682a482c8816081608160	A8000:249=8e8d904481758aa682a281608160816081480a09090909090982bb82a782a282a682ce8160816081600a0909090909098fad815881408aa682a282e682a482c8816081608160
D00658	9591817582b182f182c882c682ab82cd814082b182cc8e7182cc0a92b4836a837582c8905f8c6f82aa814082a482e782e282dc82b582a282ed987a	A8000:29C=9591817582b182f182c882c682ab82cd814082b182cc8e7182cc0a09090909090992b4836a837582c8905f8c6f82aa814082a482e782e282dc82b582a282ed987a
D00659	8386815b838a8342817582ed815b815b815b82a298730a82a982ab95588140904882d795fa91e882c582b782a38149	A8000:2EA=8386815b838a8342817582ed815b815b815b82a298730a09090909090982a982ab95588140904882d795fa91e882c582b782a38149
D00660	817583438360835381408381838d83938140838c8382839382c98fac93a40a82a482ea82b582a282c582b782a38149	A8000:32C=817583438360835381408381838d83938140838c8382839382c98fac93a40a09090909090982a482ea82b582a282c582b782a38149
D00661	837e8354834c81758c8b8d5c814082dd82c882b382f181630a82bd82ad82dc82b582a282c582b782cb8163	A8000:36E=837e8354834c81758c8b8d5c814082dd82c882b382f181630a09090909090982bd82ad82dc82b582a282c582b782cb8163
D00662	8347838b8369815b817582a682a6814082dc82a0987a0a82bb82ea82be82af82aa81408ee682e895bf82c895fb815882c582b782a982e7987a	A8000:3AC=8347838b8369815b817582a682a6814082dc82a0987a0a09090909090982bb82ea82be82af82aa81408ee682e895bf82c895fb815882c582b782a982e7987a
D00663	8e8d9044817582a082e7816081608160816081480a91cc82aa81608160816093ae82a981608160816082c881608160816082ad8160816081600a82c882c182c481608160816082ab816082dc816082b5816082bd816381638163	A8000:40A=8e8d9044817582a082e7816081608160816081480a09090909090991cc82aa81608160816093ae82a981608160816082c881608160816082ad8160816081600a09090909090982c882c182c481608160816082ab816082dc816082b5816082bd816381638163
D00664	97ed94fc8175834183438384815b815b815b815b815b815b836281490a82b581408e8d904482aa938082c182c482b582dc82c182bd8341838b815b815b8362987a	A8000:48F=97ed94fc8175834183438384815b815b815b815b815b815b836281490a09090909090982b581408e8d904482aa938082c182c482b582dc82c182bd8341838b815b815b8362987a
D00665	9591817582a0814082a082f182bd0a82a282c182ad82e782c882f182c582e08140836a837589df82ac82e6987a	A8000:4E3=9591817582a0814082a082f182bd0a09090909090982a282c182ad82e782c882f182c582e08140836a837589df82ac82e6987a
D00666	817582b582c182a982e882b582c882b3815b815b815b82a2987a	A8000:523
D00667	8e8d9044817582a081608160814082a082e882aa82c682a481608160816081600a82b282b482a282dc82b7816081608160816081608160	A8000:56E=8e8d9044817582a081608160814082a082e882aa82c682a481608160816081600a09090909090982b282b482a282dc82b7816081608160816081608160
D00668	81758349815b815b815b8362837a8362837a8362837a8362816381630a837a837a837a837a837a816382a88f8982c982a896da82c982a982a982e982ed81490a8e8482cd985a89d490ed82cc88ea906c81408177979689d481788149	A8000:5D5=81758349815b815b815b8362837a8362837a8362837a8362816381630a090909090909837a837a837a837a837a816382a88f8982c982a896da82c982a982a982e982ed81490a0909090909098e8482cd985a89d490ed82cc88ea906c81408177979689d481788149
D00669	837c838a838a815b8369817582ad82c18149814082b182cc90af82e082b782c582c98163	A8000:65C
D00670	979689d4817582bb82cc82dc82dc8140938082c182c482b582dc82a682ce0a82e682a982c182bd82cc82c98163	A8000:68D=979689d4817582bb82cc82dc82dc8140938082c182c482b582dc82a682ce0a09090909090982e682a982c182bd82cc82c98163
D00671	817582b382bc82e281408a8a8c6d82c89558919c82aa0a8f6f97888fe382aa82c182bd82be82eb82a482c9816381630a8349837a837a837a837a8163	A8000:6CD=817582b382bc82e281408a8a8c6d82c89558919c82aa0a0909090909098f6f97888fe382aa82c182bd82be82eb82a482c9816381630a0909090909098349837a837a837a837a8163
D00672	838683698175835283628350815b82c182c4816381630a82c782a482a282a488d396a182c882cc8148	A8000:722=838683698175835283628350815b82c182c4816381630a09090909090982c782a482a282a488d396a182c882cc8148
D00673	979689d4817594df82b582a282ad82e782a2814082a8836f834a82c88e7182cb82a58163	A8000:75E
D00674	979689d4817582bd815b815b815b815b815b82c19873	A8000:78F
D00675	837e8354834c817582b1814082b182ea82cd9874	A8000:7C4
D00676	979689d4817582b3814082dd82c882b382f10a918182ad8a7982c982b582c48db782b58fe382b082c882b3816082a28149	A8000:7E5=979689d4817582b3814082dd82c882b382f10a090909090909918182ad8a7982c982b582c48db782b58fe382b082c882b3816082a28149
D00677	8347838b8369815b817582a082cc834e838a8358835e838b82cc928682c90a924e82a982aa95c282b682b182df82e782ea82c482a282dc82b798730a918182ad81408f9582af82c482a082b082c882a282c681638163	A8000:845=8347838b8369815b817582a082cc834e838a8358835e838b82cc928682c90a0909090909090909924e82a982aa95c282b682b182df82e782ea82c482a282dc82b798730a0909090909090909918182ad81408f9582af82c482a082b082c882a282c681638163
D00678	817582e682a482e282ad8ea9975282c982c882ea82bd82ed81490a82a082c882bd924281408a6f8ce582b582c882b382a28149	A8000:8DC=817582e682a482e282ad8ea9975282c982c882ea82bd82ed81490a09090909090909090982a082c882bd924281408a6f8ce582b582c882b382a28149
D00679	979689d4817582ad82c18149814090b688d38b4382c88163	A8000:937 B0000:7BF
D00680	8386836981758177838b837e8369815b83478374817881490a82b182f182c88367835282c99873	A8000:95C=8386836981758177838b837e8369815b83478374817881490a090909090909090982b182f182c88367835282c99873
D00681	838b837e8369815b834783748175987282aa96c282e982ed82cb81490a838683698149814082b182b182cd8e8482c982dc82a982b982c48149	A8000:998=838b837e8369815b834783748175987282aa96c282e982ed82cb81490a0909090909090909838683698149814082b182b182cd8e8482c982dc82a982b982c48149
D00682	838b837e8369815b8347837481758e8482f082b182b182dc82c50a92c782a282c282df82e982c682cd8163	A8000:C43=838b837e8369815b8347837481758e8482f082b182b182dc82c50a0909090909090909090909090909090992c782a282c282df82e982c682cd8163 D8000:62C=838b837e8369815b8347837481758e8482f082b182b182dc82c50a0909090909090909090909090909090992c782a282c282df82e982c682cd8163 E8000:6D2=838b837e8369815b8347837481758e8482f082b182b182dc82c50a0909090909090909090909090909090992c782a282c282df82e982c682cd8163 108000:5A7=838b837e8369815b8347837481758e8482f082b182b182dc82c50a0909090909090909090909090909090992c782a282c282df82e982c682cd8163 110000:4BB=838b837e8369815b8347837481758e8482f082b182b182dc82c50a0909090909090909090909090909090992c782a282c282df82e982c682cd8163 120000:527=838b837e8369815b8347837481758e8482f082b182b182dc82c50a0909090909090909090909090909090992c782a282c282df82e982c682cd8163 138000:431=838b837e8369815b8347837481758e8482f082b182b182dc82c50a0909090909090909090909090909090992c782a282c282df82e982c682cd8163 148000:326=838b837e8369815b8347837481758e8482f082b182b182dc82c50a0909090909090909090909090909090992c782a282c282df82e982c682cd8163 158000:32C=838b837e8369815b8347837481758e8482f082b182b182dc82c50a0909090909090909090909090909090992c782a282c282df82e982c682cd8163 188000:6D9=838b837e8369815b8347837481758e8482f082b182b182dc82c50a0909090909090909090909090909090992c782a282c282df82e982c682cd8163 198000:348=838b837e8369815b8347837481758e8482f082b182b182dc82c50a0909090909090909090909090909090992c782a282c282df82e982c682cd8163 1A0000:5FA=838b837e8369815b8347837481758e8482f082b182b182dc82c50a0909090909090909090909090909090992c782a282c282df82e982c682cd8163 1A8000:4A3=838b837e8369815b8347837481758e8482f082b182b182dc82c50a0909090909090909090909090909090992c782a282c282df82e982c682cd8163 1E0000:9C3=838b837e8369815b8347837481758e8482f082b182b182dc82c50a0909090909090909090909090909090992c782a282c282df82e982c682cd8163 200000:5BB=838b837e8369815b8347837481758e8482f082b182b182dc82c50a0909090909090909090909090909090992c782a282c282df82e982c682cd8163 220000:518=838b837e8369815b8347837481758e8482f082b182b182dc82c50a0909090909090909090909090909090992c782a282c282df82e982c682cd8163 228000:671=838b837e8369815b8347837481758e8482f082b182b182dc82c50a0909090909090909090909090909090992c782a282c282df82e982c682cd8163 238000:6D0=838b837e8369815b8347837481758e8482f082b182b182dc82c50a0909090909090909090909090909090992c782a282c282df82e982c682cd8163 240000:796=838b837e8369815b8347837481758e8482f082b182b182dc82c50a0909090909090909090909090909090992c782a282c282df82e982c682cd8163 278000:7AC=838b837e8369815b8347837481758e8482f082b182b182dc82c50a0909090909090909090909090909090992c782a282c282df82e982c682cd8163 2C8000:4D8=838b837e8369815b8347837481758e8482f082b182b182dc82c50a0909090909090909090909090909090992c782a282c282df82e982c682cd8163 2D8000:324=838b837e8369815b8347837481758e8482f082b182b182dc82c50a0909090909090909090909090909090992c782a282c282df82e982c682cd8163 300000:7DA=838b837e8369815b8347837481758e8482f082b182b182dc82c50a0909090909090909090909090909090992c782a282c282df82e982c682cd8163 308000:460=838b837e8369815b8347837481758e8482f082b182b182dc82c50a0909090909090909090909090909090992c782a282c282df82e982c682cd8163 310000:4A8=838b837e8369815b8347837481758e8482f082b182b182dc82c50a0909090909090909090909090909090992c782a282c282df82e982c682cd8163 340000:2C5=838b837e8369815b8347837481758e8482f082b182b182dc82c50a0909090909090909090909090909090992c782a282c282df82e982c682cd8163 350000:2C5=838b837e8369815b8347837481758e8482f082b182b182dc82c50a0909090909090909090909090909090992c782a282c282df82e982c682cd8163 360000:2C5=838b837e8369815b8347837481758e8482f082b182b182dc82c50a0909090909090909090909090909090992c782a282c282df82e982c682cd8163 370000:2C5=838b837e8369815b8347837481758e8482f082b182b182dc82c50a0909090909090909090909090909090992c782a282c282df82e982c682cd8163 388000:8BD=838b837e8369815b8347837481758e8482f082b182b182dc82c50a0909090909090909090909090909090992c782a282c282df82e982c682cd8163 398000:43C=838b837e8369815b8347837481758e8482f082b182b182dc82c50a0909090909090909090909090909090992c782a282c282df82e982c682cd8163 3A8000:2C2=838b837e8369815b8347837481758e8482f082b182b182dc82c50a0909090909090909090909090909090992c782a282c282df82e982c682cd8163 3B0000:362=838b837e8369815b8347837481758e8482f082b182b182dc82c50a0909090909090909090909090909090992c782a282c282df82e982c682cd8163 3B8000:340=838b837e8369815b8347837481758e8482f082b182b182dc82c50a0909090909090909090909090909090992c782a282c282df82e982c682cd8163 3C0000:31F=838b837e8369815b8347837481758e8482f082b182b182dc82c50a0909090909090909090909090909090992c782a282c282df82e982c682cd8163 3E8000:679=838b837e8369815b8347837481758e8482f082b182b182dc82c50a0909090909090909090909090909090992c782a282c282df82e982c682cd8163 3F0000:316=838b837e8369815b8347837481758e8482f082b182b182dc82c50a0909090909090909090909090909090992c782a282c282df82e982c682cd8163 400000:32A=838b837e8369815b8347837481758e8482f082b182b182dc82c50a0909090909090909090909090909090992c782a282c282df82e982c682cd8163 408000:332=838b837e8369815b8347837481758e8482f082b182b182dc82c50a0909090909090909090909090909090992c782a282c282df82e982c682cd8163
D00683	979689d4817582dc8140958982af82e982ed82af82aa82c882a298730a8e8482aa814082b182f182c88fac96ba924282c9815b815b815b82c18149	A8000:CCE=979689d4817582dc8140958982af82e982ed82af82aa82c882a298730a090909090909090909090909098e8482aa814082b182f182c88fac96ba924282c9815b815b815b82c18149 B0000:B17=979689d4817582dc8140958982af82e982ed82af82aa82c882a298730a0909090909090909090909090909098e8482aa814082b182f182c88fac96ba924282c9815b815b815b82c18149
D00684	838b837e8369815b8347837481758347838a834a82c6834183528195837d835282aa0a8fac986690af81778360836283608346815b8369817882c98cfc82a982c182bd82ed81490a82b782ae82c992c782a282a982af82e982cc82e68149	A8000:D23=838b837e8369815b8347837481758347838a834a82c6834183528195837d835282aa0a0909090909098fac986690af81778360836283608346815b8369817882c98cfc82a982c182bd82ed81490a09090909090982b782ae82c992c782a282a982af82e982cc82e68149
D00685	8386836981758347838a834a82bf82e182f1924282aa9874	A8000:D9A B0000:BDB
D00686	8347838b8369815b817582dd82c882b382f181408b7d82ac82dc82b582e582a48149	A8000:DBF
D00687	83868369817582a081608160816082f10a8347838c838183938367837483468341838a83428d8682aa8160987a	B0000:48=83868369817582a081608160816082f10a0909090909098347838c838183938367837483468341838a83428d8682aa8160987a
D00688	9591817582c182bd82ad814082a082f182bd82cc91808f6382aa0a8377835e82be82a982e7814082b182f182c88367835282c90a978882c882ab82e182c882e782c882a282f182b682e182c882a29873	B0000:88=9591817582c182bd82ad814082a082f182bd82cc91808f6382aa0a0909090909098377835e82be82a982e7814082b182f182c88367835282c90a090909090909978882c882ab82e182c882e782c882a282f182b682e182c882a29873
D00689	81758fad82b582cd94bd8fc882b582c882b382a282e69873	B0000:F1
D00690	83868369817582bb814082bb82f182c882b182c68cbe82c182bd82c182c48160	B0000:116
D00691	837c838a838a815b836981758da182cd83508393834a82b582c482e90a8fea8d8782b682e182c882a282ed9873	B0000:143=837c838a838a815b836981758da182cd83508393834a82b582c482e90a0909090909098fea8d8782b682e182c882a282ed9873
D00692	817582c682c982a982ad81408347838c838183938367837483468341838a83428d8682f00a8f43979d82b582c882ab82e181638163837e8354834c0a8b408ad6959482cc8f43979d81408ee8936082c182c482ad82ea82e98148	B0000:183=817582c682c982a982ad81408347838c838183938367837483468341838a83428d8682f00a0909090909098f43979d82b582c882ab82e181638163837e8354834c0a0909090909098b408ad6959482cc8f43979d81408ee8936082c182c482ad82ea82e98148
D00693	837e8354834c817582e082bf82eb82f182e68163	B0000:1F6
D00694	837e834c817582a482a38163814097a782c182c482e982be82af82c50a82df82dc82a282aa82b582bb82a481638163987a	B0000:217=837e834c817582a482a38163814097a782c182c482e982be82af82c50a09090909090982df82dc82a282aa82b582bb82a481638163987a
D00695	97ed94fc817582cc814082cc815b82dd82bb82dc82c50a82c682eb82af82bb82a48341838b81638163987a	B0000:25B=97ed94fc817582cc814082cc815b82dd82bb82dc82c50a09090909090982c682eb82af82bb82a48341838b81638163987a
D00696	8386815b838a8342817582dd82c882b382f10a82c782a482a982b582bd82f182c582b782a98148	B0000:299=8386815b838a8342817582dd82c882b382f10a09090909090982c782a482a982b582bd82f182c582b782a98148
D00697	837e834c8175838681408386815b838a834282cd81408f8b82ad82c882a282cc8148	B0000:2D3
D00698	8386815b838a8342817582cd82a282c582b782a381490a82bf82e582a482c782a282a289b7937882c882cc82c5814082dd82f182c882c50a8fc482ab93f78370815b8365834282b782e982c582b782a38149	B0000:302=8386815b838a8342817582cd82a282c582b782a381490a09090909090982bf82e582a482c782a282a289b7937882c882cc82c5814082dd82f182c882c50a0909090909098fc482ab93f78370815b8365834282b782e982c582b782a38149
D00699	837e834c817582a282e2829f829f829f829f82c181490a82b182ea88c88fe381408f8b82ad82c882e982e682a482c882b182c60a8cbe82ed82c882a282c582a582a582a582a582a582c18149	B0000:36D=837e834c817582a282e2829f829f829f829f82c181490a09090909090982b182ea88c88fe381408f8b82ad82c882e982e682a482c882b182c60a0909090909098cbe82ed82c882a282c582a582a582a582a582a582c18149
D00700	9591817582bb814082bb815b82a282e281408386815b838a834282c182c40a834183938368838d8343836882be82c182bd82cc82e682cb987a0a965982ea82c482bd82ed987a	B0000:3D2=9591817582bb814082bb815b82a282e281408386815b838a834282c182c40a090909090909834183938368838d8343836882be82c182bd82cc82e682cb987a0a090909090909965982ea82c482bd82ed987a
D00701	81758349815b815b8362837a8362837a8362837a836281638163	B0000:43D
D00702	97ed94fc817582e282c182cf82e88cbb82ea82bd8341838b82cb8149	B0000:46A
D00703	8175837a837a837a837a837a816382a88f8982c982a896da82c90a82a982a982e882dc82b782ed82cb81408a46976c81490a8e8482cd985a89d490ed82cc88ea906c81408177979689d481788149	B0000:49E=8175837a837a837a837a837a816382a88f8982c982a896da82c90a09090909090982a982a982e882dc82b782ed82cb81408a46976c81490a0909090909098e8482cd985a89d490ed82cc88ea906c81408177979689d481788149
D00704	979689d4817582bb82cc8acd82b382a682c882af82ea82ce0a82a082c882bd924282cc97b782e08f4982ed82e881638163	B0000:517=979689d4817582bb82cc8acd82b382a682c882af82ea82ce0a09090909090982a082c882bd924282cc97b782e08f4982ed82e881638163
D00705	81758acd82e082eb82c682e0814082a082c882bd924282f00a919282c182c48db782b58fe382b082dc82b782ed8149	B0000:55B=81758acd82e082eb82c682e0814082a082c882bd924282f00a090909090909919282c182c48db782b58fe382b082dc82b782ed8149
D00706	979689d48175834a8389834a838982c98ab182a982e782d182c40a8e5382df82c88e8091cc82f0814082b382e782b582c882b382a28149	B0000:59D=979689d48175834a8389834a838982c98ab182a982e782d182c40a0909090909098e5382df82c88e8091cc82f0814082b382e782b582c882b382a28149
D00707	8347838b8369815b81758b4382f082c282af82c481498140934782cc9557934982cd0a82a082c882bd924282be82af82c582cd82a082e882dc82b982f181490a8e84924282cc8acd82e08140915f82c182c482a282e982e682a482c582b78149	B0000:5E7=8347838b8369815b81758b4382f082c282af82c481498140934782cc9557934982cd0a09090909090982a082c882bd924282be82af82c582cd82a082e882dc82b982f181490a0909090909098e84924282cc8acd82e08140915f82c182c482a282e982e682a482c582b78149
D00708	83868369817582a68160816082f1816382b182f182c88f8b82a2928682c50a90ed82ed82c882ab82e182a282af82c882a282cc8160987a	B0000:660=83868369817582a68160816082f1816382b182f182c88f8b82a2928682c50a09090909090990ed82ed82c882ab82e182a282af82c882a282cc8160987a
D00709	8175835e815b815b815b815b83629873	B0000:6D9
D00710	8175927882ea82c482b282df82f182c882b382a281490a8386836982b382f18149	B0000:6F5=8175927882ea82c482b282df82f182c882b382a281490a0909090909090909098386836982b382f18149
D00711	83868369817581778341838c83748360815b836981788149	B0000:73E
D00712	8341838c83748360815b83698175974c97cd82c88fee95f182f095b782a282bd82cc81490a82b782ae82c9934782f095d082c382af82c48140906982dd82dc82b582e582a48149	B0000:763=8341838c83748360815b83698175974c97cd82c88fee95f182f095b782a282bd82cc81490a090909090909090982b782ae82c9934782f095d082c382af82c48140906982dd82dc82b582e582a48149
D00713	8347838b8369815b817583868369814981408aeb8caf82c582b798730a82b182cc82dc82dc82c582cd8347838c838183938367837483468341838a83428d8682aa0a946a89f382b382ea82c482b582dc82a282dc82b79873	B0000:7F2=8347838b8369815b817583868369814981408aeb8caf82c582b798730a090909090909090982b182cc82dc82dc82c582cd8347838c838183938367837483468341838a83428d8682aa0a0909090909090909946a89f382b382ea82c482b582dc82a282dc82b79873
D00714	838683698175834c8383815b815b815b836281490a834781408347838c838183938367837483468341838a83428d8682aa81608160	B0000:86E=838683698175834c8383815b815b815b836281490a09090909090909834781408347838c838183938367837483468341838a83428d8682aa81608160
D00715	8341838c83748360815b8369817582ed82bd82ad82b582cc8989917482cd0a8f4982ed82e882cc82e682a482cb8163	B0000:A88=8341838c83748360815b8369817582ed82bd82ad82b582cc8989917482cd0a090909090909090909090909090909098f4982ed82e882cc82e682a482cb8163 D8000:5D1=8341838c83748360815b8369817582ed82bd82ad82b582cc8989917482cd0a090909090909090909090909090909098f4982ed82e882cc82e682a482cb8163 E8000:677=8341838c83748360815b8369817582ed82bd82ad82b582cc8989917482cd0a090909090909090909090909090909098f4982ed82e882cc82e682a482cb8163 108000:54C=8341838c83748360815b8369817582ed82bd82ad82b582cc8989917482cd0a090909090909090909090909090909098f4982ed82e882cc82e682a482cb8163 110000:460=8341838c83748360815b8369817582ed82bd82ad82b582cc8989917482cd0a090909090909090909090909090909098f4982ed82e882cc82e682a482cb8163 120000:4CC=8341838c83748360815b8369817582ed82bd82ad82b582cc8989917482cd0a090909090909090909090909090909098f4982ed82e882cc82e682a482cb8163 138000:3D6=8341838c83748360815b8369817582ed82bd82ad82b582cc8989917482cd0a090909090909090909090909090909098f4982ed82e882cc82e682a482cb8163 148000:2CB=8341838c83748360815b8369817582ed82bd82ad82b582cc8989917482cd0a090909090909090909090909090909098f4982ed82e882cc82e682a482cb8163 158000:2D1=8341838c83748360815b8369817582ed82bd82ad82b582cc8989917482cd0a090909090909090909090909090909098f4982ed82e882cc82e682a482cb8163 188000:67E=8341838c83748360815b8369817582ed82bd82ad82b582cc8989917482cd0a090909090909090909090909090909098f4982ed82e882cc82e682a482cb8163 198000:2ED=8341838c83748360815b8369817582ed82bd82ad82b582cc8989917482cd0a090909090909090909090909090909098f4982ed82e882cc82e682a482cb8163 1A0000:59F=8341838c83748360815b8369817582ed82bd82ad82b582cc8989917482cd0a090909090909090909090909090909098f4982ed82e882cc82e682a482cb8163 1A8000:448=8341838c83748360815b8369817582ed82bd82ad82b582cc8989917482cd0a090909090909090909090909090909098f4982ed82e882cc82e682a482cb8163 1E0000:968=8341838c83748360815b8369817582ed82bd82ad82b582cc8989917482cd0a090909090909090909090909090909098f4982ed82e882cc82e682a482cb8163 200000:560=8341838c83748360815b8369817582ed82bd82ad82b582cc8989917482cd0a090909090909090909090909090909098f4982ed82e882cc82e682a482cb8163 220000:4BD=8341838c83748360815b8369817582ed82bd82ad82b582cc8989917482cd0a090909090909090909090909090909098f4982ed82e882cc82e682a482cb8163 228000:616=8341838c83748360815b8369817582ed82bd82ad82b582cc8989917482cd0a090909090909090909090909090909098f4982ed82e882cc82e682a482cb8163 238000:675=8341838c83748360815b8369817582ed82bd82ad82b582cc8989917482cd0a090909090909090909090909090909098f4982ed82e882cc82e682a482cb8163 240000:73B=8341838c83748360815b8369817582ed82bd82ad82b582cc8989917482cd0a090909090909090909090909090909098f4982ed82e882cc82e682a482cb8163 278000:751=8341838c83748360815b8369817582ed82bd82ad82b582cc8989917482cd0a090909090909090909090909090909098f4982ed82e882cc82e682a482cb8163 2C8000:47D=8341838c83748360815b8369817582ed82bd82ad82b582cc8989917482cd0a090909090909090909090909090909098f4982ed82e882cc82e682a482cb8163 2D8000:2C9=8341838c83748360815b8369817582ed82bd82ad82b582cc8989917482cd0a090909090909090909090909090909098f4982ed82e882cc82e682a482cb8163 300000:77F=8341838c83748360815b8369817582ed82bd82ad82b582cc8989917482cd0a090909090909090909090909090909098f4982ed82e882cc82e682a482cb8163 308000:405=8341838c83748360815b8369817582ed82bd82ad82b582cc8989917482cd0a090909090909090909090909090909098f4982ed82e882cc82e682a482cb8163 310000:44D=8341838c83748360815b8369817582ed82bd82ad82b582cc8989917482cd0a090909090909090909090909090909098f4982ed82e882cc82e682a482cb8163 340000:26A=8341838c83748360815b8369817582ed82bd82ad82b582cc8989917482cd0a090909090909090909090909090909098f4982ed82e882cc82e682a482cb8163 350000:26A=8341838c83748360815b8369817582ed82bd82ad82b582cc8989917482cd0a090909090909090909090909090909098f4982ed82e882cc82e682a482cb8163 360000:26A=8341838c83748360815b8369817582ed82bd82ad82b582cc8989917482cd0a090909090909090909090909090909098f4982ed82e882cc82e682a482cb8163 370000:26A=8341838c83748360815b8369817582ed82bd82ad82b582cc8989917482cd0a090909090909090909090909090909098f4982ed82e882cc82e682a482cb8163 388000:862=8341838c83748360815b8369817582ed82bd82ad82b582cc8989917482cd0a090909090909090909090909090909098f4982ed82e882cc82e682a482cb8163 398000:3E1=8341838c83748360815b8369817582ed82bd82ad82b582cc8989917482cd0a090909090909090909090909090909098f4982ed82e882cc82e682a482cb8163 3A8000:267=8341838c83748360815b8369817582ed82bd82ad82b582cc8989917482cd0a090909090909090909090909090909098f4982ed82e882cc82e682a482cb8163 3B0000:307=8341838c83748360815b8369817582ed82bd82ad82b582cc8989917482cd0a090909090909090909090909090909098f4982ed82e882cc82e682a482cb8163 3B8000:2E5=8341838c83748360815b8369817582ed82bd82ad82b582cc8989917482cd0a090909090909090909090909090909098f4982ed82e882cc82e682a482cb8163 3C0000:2C4=8341838c83748360815b8369817582ed82bd82ad82b582cc8989917482cd0a090909090909090909090909090909098f4982ed82e882cc82e682a482cb8163 3E8000:61E=8341838c83748360815b8369817582ed82bd82ad82b582cc8989917482cd0a090909090909090909090909090909098f4982ed82e882cc82e682a482cb8163 3F0000:2BB=8341838c83748360815b8369817582ed82bd82ad82b582cc8989917482cd0a090909090909090909090909090909098f4982ed82e882cc82e682a482cb8163 400000:2CF=8341838c83748360815b8369817582ed82bd82ad82b582cc8989917482cd0a090909090909090909090909090909098f4982ed82e882cc82e682a482cb8163 408000:2D7=8341838c83748360815b8369817582ed82bd82ad82b582cc8989917482cd0a090909090909090909090909090909098f4982ed82e882cc82e682a482cb8163
D00716	8341838c83748360815b836981758347838a834a82b382f182c68341835282b382f10a837d835282b382f182aa81408fac986690af81778360836283608346815b8369817882c90a8cfc82a982c182bd82ed8149	B0000:B6E=8341838c83748360815b836981758347838a834a82b382f182c68341835282b382f10a090909090909837d835282b382f182aa81408fac986690af81778360836283608346815b8369817882c90a0909090909098cfc82a982c182bd82ed8149
D00717	8341838c83748360815b836981758386836982b382f10a82b782ae82c98cfc82a982a282dc82b582e582a48149	B0000:C00=8341838c83748360815b836981758386836982b382f10a09090909090982b782ae82c98cfc82a982a282dc82b582e582a48149
D00718	83868369817582bb82ea82aa8da181408acd82aa8ccc8fe182b582c482c48163	B0000:C40
D00719	837c838a838a815b8369817582bb82ea82c882e791e58fe4957681490a82bd82c182bd8da181408f43979d82cd8f4982ed82c182bd82ed8149	B0000:C6D=837c838a838a815b8369817582bb82ea82c882e791e58fe4957681490a09090909090982bd82c182bd8da181408f43979d82cd8f4982ed82c182bd82ed8149
D00720	837e8354834c8175899e8b7d8f88927582be82af82c70a838183438393834783938357839382cd81408cb392ca82e882c993ae82ad82cd82b89873	B0000:CB9=837e8354834c8175899e8b7d8f88927582be82af82c70a090909090909838183438393834783938357839382cd81408cb392ca82e882c993ae82ad82cd82b89873
D00721	838683698175837a8140837a8393836782c99874	B0000:D07 3B0000:A12
D00722	817582e282c182bd829f815b8149814082bb82ea82c882e70a82b782ae82c981778360836283608346815b8369817882c90a82b582e382c182cf815b815b815b82c28149	B0000:D28=817582e282c182bd829f815b8149814082bb82ea82c882e70a09090909090982b782ae82c981778360836283608346815b8369817882c90a09090909090982b582e382c182cf815b815b815b82c28149
D00723	8386836981758347838a834a82bf82e182f192420a90e682c98cfc82a982c182bd82c182c40a88ea91cc814082c782b182c982a282e982f182be82eb82a48163	C0000:62=8386836981758347838a834a82bf82e182f192420a09090909090990e682c98cfc82a982c182bd82c182c40a09090909090988ea91cc814082c782b182c982a282e982f182be82eb82a48163
D00724	837c838a838a815b836981758d4b82a2814082b182b182cd0a82bb82f182c882c98d4c82a290af82b682e182c882a282ed81490a82dd82f182c882c581408ee895aa82af82b582c4917b82b582dc82b582e582a48149	C0000:BB=837c838a838a815b836981758d4b82a2814082b182b182cd0a09090909090982bb82f182c882c98d4c82a290af82b682e182c882a282ed81490a09090909090982dd82f182c882c581408ee895aa82af82b582c4917b82b582dc82b582e582a48149
D00725	837e834c81758347838a834a976c829f816081600a82c782b182c582b782a9816081608149	C0000:14D=837e834c81758347838a834a976c829f816081600a09090909090982c782b182c582b782a9816081608149
D00726	8386836981758347838a834a82bf82e1815b815b815b82f181490a8341835282bf82e1815b815b82f181498140837d835282bf82e1815b815b82f181490a82a282bd82e7814095d48e9682b582c4816081608149	C0000:185=8386836981758347838a834a82bf82e1815b815b815b82f181490a0909090909098341835282bf82e1815b815b82f181498140837d835282bf82e1815b815b82f181490a09090909090982a282bd82e7814095d48e9682b582c4816081608149
D00727	837c838a838a815b8369817583868369816081490a82bb82c182bf82c9924e82a982a282bd815b8148	C0000:1F2=837c838a838a815b8369817583868369816081490a09090909090982bb82c182bf82c9924e82a982a282bd815b8148
D00728	83868369817582a282a282a6815b815b8140924e82e082a282dc82b9815b815b82f18149	C0000:22E
D00729	81758ca9936e82b78cc082e88140937982c68ae282be82e782af816381630a906c82cc8e7082c882f182a99153915281408ca982a682c882a282ed	C0000:25F=81758ca9936e82b78cc082e88140937982c68ae282be82e782af816381630a090909090909906c82cc8e7082c882f182a99153915281408ca982a682c882a282ed
D00730	8347838b8369815b8175987481408b4382f082c282af82c481490a82c882c982a982aa978882dc82b78149	C0000:2AD=8347838b8369815b8175987481408b4382f082c282af82c481490a09090909090982c882c982a982aa978882dc82b78149
D00731	83868369817582a0814082a082c882bd82cd8149	C0000:2FD
D00732	837c838a838a815b836981758b408a4289bb8d6392e99873	C0000:31E
D00733	8b408a4289bb8d6392e98175837483748374837483748362816381630a8b7682b582d482e882be82c88163905f8a798de2838683698163	C0000:34F=8b408a4289bb8d6392e98175837483748374837483748362816381630a0909090909098b7682b582d482e882be82c88163905f8a798de2838683698163
D00734	81758b4d976c82e782b282c682ab82cc97cd82c50a82b182b182dc82c5814082e282c182c482ad82e982c682cd816381630a90b392bc81408bc182a282bd82bc8163	C0000:399=81758b4d976c82e782b282c682ab82cc97cd82c50a0909090982b182b182dc82c5814082e282c182c482ad82e982c682cd816381630a0909090990b392bc81408bc182a282bd82bc8163
D00735	83868369817582a082bd82e8914f82e698730a82a082bd82b582c982cd814082b1815b82f182c882c90a83588365834c82c892878ad482aa82a282e982f182be82a982e78149	C0000:3E4=83868369817582a082bd82e8914f82e698730a09090909090982a082bd82b582c982cd814082b1815b82f182c882c90a09090909090983588365834c82c892878ad482aa82a282e982f182be82a982e78149
D00736	817582bb82f182c882b182c682e682e80a8347838a834a82bf82e182f182cd814082c782b182c882cc82e68149	C0000:443=817582bb82f182c882b182c682e682e80a0909090909098347838a834a82bf82e182f182cd814082c782b182c882cc82e68149
D00737	8b408a4289bb8d6392e9817592878ad482a981638163836e836e836e836e836281630a82e682ad82e682ad8ee38ed282cd81408af182e8935982c182c40a936b937d82f0916782dd82bd82aa82e982e682a482be82c88163	C0000:48F=8b408a4289bb8d6392e9817592878ad482a981638163836e836e836e836e836281630a0909090982e682ad82e682ad8ee38ed282cd81408af182e8935982c182c40a09090909936b937d82f0916782dd82bd82aa82e982e682a482be82c88163
D00738	9591817582c882f182c582b782c182c4815b815b815b815b82c19874	C0000:4F0
D00739	817582a282bf82a282bf814082a482e982b382a282ed82cb814082a082f182bd829f81490a82bd815b815b815b815b82c19873	C0000:519=817582a282bf82a282bf814082a482e982b382a282ed82cb814082a082f182bd829f81490a09090909090982bd815b815b815b815b82c19873
D00740	8b408a4289bb8d6392e981758374836281638bf082a982c881630a82bb82f182c882c9937a82e782c989ef82a282bd82a282cc82a98148	C0000:56B=8b408a4289bb8d6392e981758374836281638bf082a982c881630a0909090982bb82f182c882c9937a82e782c989ef82a282bd82a282cc82a98148
D00741	817582bb82ea82c882e782ce814089ef82ed82b982c482e282e99873	C0000:5B3
D00742	837c838a838a815b836981759874	C0000:5D0 1E8000:65E
D00743	8b408a4289bb8d6392e9817596a2978889698d850a90e291ce82c993a682ea82e782ea82ca0a8e9f8cb382cc8bb78ad482c5814082e082aa82ab8bea82b582de82aa82e682a28149	C0000:5EB=8b408a4289bb8d6392e9817596a2978889698d850a0909090990e291ce82c993a682ea82e782ea82ca0a090909098e9f8cb382cc8bb78ad482c5814082e082aa82ab8bea82b582de82aa82e682a28149
D00744	838683698175834c8383815b815b815b83628149	C0000:64E 188000:1B7
D00745	8386815b838a834281758386836982b3829f815b815b815b82f19873	C0000:681
D00746	837c838a838a815b8369817582dd82f182c8814093a682b082c4816081608149	C0000:6AA
D00747	837e8354834c81758ad482c98d8782ed82c882a28149	C0000:6D7
D00748	837e834c8175834c8383815b815b815b83628149	C0000:6FA
D00749	9591817582b182cc8ed882e882cd90e291ce814095d482b782a982e70a8a6f82a682c682ab82c882b382a282e6815b815b815b815b8149	C0000:71B=9591817582b182cc8ed882e882cd90e291ce814095d482b782a982e70a0909090909098a6f82a682c682ab82c882b382a282e6815b815b815b815b8149
D00750	8e8d9044817582a082bd82b582e08160816081608d7382ab82dc82b78160816081608160	C0000:765
D00751	817582a48163816382a48160816082f181638163	C8000:26
D00752	81758386836982b3829f8160816082f1	C8000:46
D00753	817582b582c182a982e8814981408386836981490a82a88ae882a2814096da82f08a6f82dc82b582c48149	C8000:62=817582b582c182a982e8814981408386836981490a0909090982a88ae882a2814096da82f08a6f82dc82b582c48149
D00754	83868369817582a08163816381408341838c8148	C8000:9D
D00755	83868369817582dd814082dd82f182c8816082c198740a82e682a982c182bd814096b38e9682be82c182bd82f182be829f8149	C8000:C8=83868369817582dd814082dd82f182c8816082c198740a09090909090982e682a982c182bd814096b38e9682be82c182bd82f182be829f8149
D00756	837e8354834c817582bb82ea82c882f182be82af82c781630a82a082f182dc82e896b38e9682c682cd8cbe82a682c882a282ed82cb8163	C8000:10D=837e8354834c817582bb82ea82c882f182be82af82c781630a09090909090982a082f182dc82e896b38e9682c682cd8cbe82a682c882a282ed82cb8163
D00757	83868369817582b18163816383528352814082c782b18148	C8000:168
D00758	8347838b8369815b817582c782a482e282e781408e84924282cd0a8e9f8cb382cc8bb78ad482c996c082a28d9e82f182c582b582dc82c182bd0a82dd82bd82a282c582b782cb8163	C8000:18C=8347838b8369815b817582c782a482e282e781408e84924282cd0a0909090909098e9f8cb382cc8bb78ad482c996c082a28d9e82f182c582b582dc82c182bd0a09090909090982dd82bd82a282c582b782cb8163
D00759	837c838a838a815b836981758b408a4289bb8d6392e982cc97cd82c982e682c182c40a8e9f8cb382aa986382df82e782ea82bd82bd82df82c982cb8163	C8000:1EC=837c838a838a815b836981758b408a4289bb8d6392e982cc97cd82c982e682c182c40a0909090909098e9f8cb382aa986382df82e782ea82bd82bd82df82c982cb8163
D00760	83868369817582d3815b82f1816389bd82be82a9814082ed82a982f182c882a282af82c70a8347838a834a82bf82e182f182e0917b82b382c882ab82e182a282af82c882a282b50a918182ad8b4182eb82a482e68149	C8000:23B=83868369817582d3815b82f1816389bd82be82a9814082ed82a982f182c882a282af82c70a0909090909098347838a834a82bf82e182f182e0917b82b382c882ab82e182a282af82c882a282b50a090909090909918182ad8b4182eb82a482e68149
D00761	8347838b8369815b81758ac8925082c98cbe82a282dc82b782cb83468163	C8000:2A9
D00762	8347838b8369815b817582b182b182cd8bb082e782ad0a81778e9f8cb38354838b834b8362835c815b817882c68cc482ce82ea82e90a8bf38ad482c582b78149	C8000:2D3=8347838b8369815b817582b182b182cd8bb082e782ad0a09090909090981778e9f8cb38354838b834b8362835c815b817882c68cc482ce82ea82e90a0909090909098bf38ad482c582b78149
D00763	8386836981758e9f8cb38355838b835c836f82c182c4816381630a82c882f182be82a9814082a882a282b582bb82a482cb8149	C8000:32B=8386836981758e9f8cb38355838b835c836f82c182c4816381630a09090909090982c882f182be82a9814082a882a282b582bb82a482cb8149
D00764	8347838b8369815b817582bf814088e182a282dc82b782e68160987a	C8000:37B
D00765	81758e9f8cb382cc986382dd82c982e682c182c490b682dc82ea82bd8bf38ad482c50a96c082a28d9e82f182be82aa8dc58ce3814094b282af8f6f82b982b882c90a919893ef82b582bd914482e09094926d82ea82b88163	C8000:3A3=81758e9f8cb382cc986382dd82c982e682c182c490b682dc82ea82bd8bf38ad482c50a09090909090996c082a28d9e82f182be82aa8dc58ce3814094b282af8f6f82b982b882c90a090909090909919893ef82b582bd914482e09094926d82ea82b88163
D00766	83868369817582b682e182a0814082e082b582a982b582c40a82a082bd82b5924282e0814082a0815b82c882c182bf82e182a482a982e00a926d82ea82c882a282c182c482b182c69874	C8000:413=83868369817582b682e182a0814082e082b582a982b582c40a09090909090982a082bd82b5924282e0814082a0815b82c882c182bf82e182a482a982e00a090909090909926d82ea82c882a282c182c482b182c69874
D00767	83868369817582e282be82e282be81408347838b8369815b81490a918182ad89bd82c682a982b582c482e68160987a	C8000:480=83868369817582e282be82e282be81408347838b8369815b81490a090909090909918182ad89bd82c682a982b582c482e68160987a
D00768	8347838b8369815b817582ed82a982c182c482dc82b782e682a781490a88ea8d8f82e0918182ad92458f6f82b582c882a282c68163	C8000:4C1=8347838b8369815b817582ed82a982c182c482dc82b782e682a781490a09090909090988ea8d8f82e0918182ad92458f6f82b582c882a282c68163
D00769	837e838b834c815b8175837e8385815b815b815b83939873	C8000:51E
D00770	837c838a838a815b8369817582a082c198748140837e838b834c815b987a0a82c782b182d68d7382ad82cc9874	C8000:537=837c838a838a815b8369817582a082c198748140837e838b834c815b987a0a09090909090982c782b182d68d7382ad82cc9874
D00771	8386815b838a8342817582a0815b82c198740a837c838a838a815b836982b382f182cc944c82bf82e182f182aa8149	C8000:576=8386815b838a8342817582a0815b82c198740a090909090909837c838a838a815b836982b382f182cc944c82bf82e182f182aa8149
D00772	8347838b8369815b8175918182ad95df82dc82a682c882a282c6814093f1937882c60a8ca982c282af82e782ea82c882ad82c882c182c482b582dc82a282dc82b78149	C8000:5B7=8347838b8369815b8175918182ad95df82dc82a682c882a282c6814093f1937882c60a0909090909098ca982c282af82e782ea82c882ad82c882c182c482b582dc82a282dc82b78149
D00773	9591817582c182bd82ad814089bd82c582b182f182c88367835282c50a944c82c882f182a9814095df82dc82a682c882ab82e10a82c882e782c882a282cc82e682a7987a	C8000:60C=9591817582c182bd82ad814089bd82c582b182f182c88367835282c50a090909090909944c82c882f182a9814095df82dc82a682c882ab82e10a09090909090982c882e782c882a282cc82e682a7987a
D00774	837e838b834c815b8175837e8385837e8385837e83858140837e8385816081608393	C8000:673
D00775	837c838a838a815b8369817582dd82f182c8814095b782b182a682bd98740a837e838b834c815b82aa914f95fb82c982a282e982ed8149	C8000:696=837c838a838a815b8369817582dd82f182c8814095b782b182a682bd98740a090909090909837e838b834c815b82aa914f95fb82c982a282e982ed8149
D00776	837e838b834c815b8175837e83858160816083938140837e8385816081608393	C8000:6EB
D00777	837c838a838a815b8369817582b182ea82cd8db682a982e78163	C8000:70C
D00778	837e838b834c815b8175837e838581608160816081608393	C8000:73E
D00779	837c838a838a815b8369817582b182cc90ba82cd894582cc95fb82a982e782cc90ba8163	C8000:757
D00780	817582a88ae882a2814082dd82f182c881490a90ba82f082bd82e682e882c9837e838b834c815b82f0917b82b582c4987a	C8000:788=817582a88ae882a2814082dd82f182c881490a09090909090990ba82f082bd82e682e882c9837e838b834c815b82f0917b82b582c4987a
D00781	817582e082a488ea89f18140837e838b834c815b82cc90ba82f095b782ab82dc82b782a98148	C8000:7E1
D00782	914f95fb	C8000:881
D00783	8db695fb	C8000:886
D00784	894595fb	C8000:88B
D00785	837c838a838a815b83698175837e838b834c815b82cd0a82b182cc914482cc928682c993fc82c182c482a282c182bd82ed8149	D0000:23=837c838a838a815b83698175837e838b834c815b82cd0a09090909090982b182cc914482cc928682c993fc82c182c482a282c182bd82ed8149
D00786	83868369817582c8814082c882f182be82a9814082c682c182c482e00a95738b4396a182be82af82c7816381408e6495fb82c882a282e682cb987a	D0000:68=83868369817582c8814082c882f182be82a9814082c682c182c482e00a09090909090995738b4396a182be82af82c7816381408e6495fb82c882a282e682cb987a
D00787	928682c993fc82e9	D0000:B5
D00788	837c838a838a815b836982c98ac382a682e9	D0000:BE
D00789	838683698175837c838a838a815b8369976c829f987a81408349836f835082c682a90a8f6f82c482ab82bd82e7814082e282c182c282af82bf82e182c182c40a82ad82be82b382a282cb987a	D0000:D1=838683698175837c838a838a815b8369976c829f987a81408349836f835082c682a90a0909090909098f6f82c482ab82bd82e7814082e282c182c282af82bf82e182c182c40a09090909090982ad82be82b382a282cb987a
D00790	837c838a838a815b8369817582a0814082a082cc82cb82a5987a0a82a082c882bd82cd81778cf582cc8b7e90a28ee5817882c582b582e58163	D0000:135=837c838a838a815b8369817582a0814082a082cc82cb82a5987a0a09090909090982a082c882bd82cd81778cf582cc8b7e90a28ee5817882c582b582e58163
D00791	97ed94fc81758386836981408fee82af82c882a28341838b82e68160987a	D0000:180
D00792	8386815b838a8342817582c8814082c882f182a98b4396a182aa0a88ab82a282c582b782a381638163	D0000:1CF=8386815b838a8342817582c8814082c882f182a98b4396a182aa0a09090909090988ab82a282c582b782a381638163
D00793	83868369817582a482a3816082c18140928682e095738b4396a18160987a0a82c882c982a98f6f82c482ab82bb82a4987a	D0000:20A=83868369817582a482a3816082c18140928682e095738b4396a18160987a0a09090909090982c882c982a98f6f82c482ab82bb82a4987a
D00794	8175837e83858160816083938163	D0000:258
D00795	83868369817582ed8160816082c1987381408349836f8350816082c1987a	D0000:267
D00796	837c838a838a815b8369817582dd8140837e838b834c815b9874	D0000:29C
D00797	837c838a838a815b836981758e8482a982e797a382ea82bf82e1835f838182b682e10a82c882a282cc	D0000:2CD=837c838a838a815b836981758e8482a982e797a382ea82bf82e1835f838182b682e10a09090909090982c882a282cc
D00798	837e838b834c815b8175837e8385816083938163	D0000:308
D00799	8e8d904481758ca982c282a982c182c4816081600a82e682a982c182bd82c582b782cb816081608160	D0000:31D=8e8d904481758ca982c282a982c182c4816081600a09090909090982e682a982c182bd82c582b782cb816081608160
D00800	837e834c817582be8140924e82a982a282e982ed8149	D0000:36A
D00801	8347838a834a81758e4582b7816381638e4582b781638163	D8000:28
D00802	838683698175834c8383815b815b836298730a82e282df82c4815b815b82c1814981408347838a834a82bf82e182f19873	D8000:4D=838683698175834c8383815b815b836298730a09090909090982e282df82c4815b815b82c1814981408347838a834a82bf82e182f19873
D00803	8347838a834a8175905f8a798de28386836982c981408ba697cd82b782e98ed281630a915382c4816381638e4582b7816381638e4582b79873	D8000:91=8347838a834a8175905f8a798de28386836982c981408ba697cd82b782e98ed281630a090909090909915382c4816381638e4582b7816381638e4582b79873
D00804	834183528175905f8a798de28386836982f08e4582b99873	D8000:DD
D00805	837d83528175915382c482f08e4582b99873	D8000:102
D00806	9591817582a082f182bd9242814088ea91cc0a82c782a482b582bf82e182c182bd82cc82e681609874	D8000:121=9591817582a082f182bd9242814088ea91cc0a09090909090982c782a482b582bf82e182c182bd82cc82e681609874
D00807	817590ed82c182bf82e182a282af82dc82b982f198730a94de8f97924282cd8da18140918082e782ea82c482a282e982cc82c582b78149	D8000:15D=817590ed82c182bf82e182a282af82dc82b982f198730a09090909090994de8f97924282cd8da18140918082e782ea82c482a282e982cc82c582b78149
D00808	837c838a838a815b8369817582be8140924e9874	D8000:1A7
D00809	817582b182cc8acd82cc928682c982cd814094de8f97924282f0918082c182c482a282e90a9195927582aa82a082e982cc82c582b78149	D8000:1C8=817582b182cc8acd82cc928682c982cd814094de8f97924282f0918082c182c482a282e90a0909090909099195927582aa82a082e982cc82c582b78149
D00810	817582c582e0814082bb82cc9195927582cd0a8e8482b582a98e7e82df82e982b182c682aa82c582ab82c882a281490a82be82a982e781638163	D8000:212=817582c582e0814082bb82cc9195927582cd0a0909090909098e8482b582a98e7e82df82e982b182c682aa82c582ab82c882a281490a09090909090982be82a982e781638163
D00811	8347838b8369815b817582b581408e6495fb82a082e882dc82b982f181630a82dd82c882b382f1814094de8f9782cc8cbe82a492ca82e882c90a8d7393ae82b582c482dd82dc82b582e582a48149	D8000:265=8347838b8369815b817582b581408e6495fb82a082e882dc82b982f181630a09090909090982dd82c882b382f1814094de8f9782cc8cbe82a492ca82e882c90a0909090909098d7393ae82b582c482dd82dc82b582e582a48149
D00812	817582be82df82c582b7814981408d558c8282b582c482cd82a282af82dc82b982f181490a8d558c8282b582c482e0814082b182cc906c924282f08ef4949b82a982e70a89f082ad82b182c682cd82c582ab82dc82b982f19873	D8000:2EF=817582be82df82c582b7814981408d558c8282b582c482cd82a282af82dc82b982f181490a09090909090909098d558c8282b582c482e0814082b182cc906c924282f08ef4949b82a982e70a090909090909090989f082ad82b182c682cd82c582ab82dc82b982f19873
D00813	83868369817582dd82f182c8814082b282df82f182cb8163	D8000:683
D00814	8386836981758347838a834a82bf82e182f1816381630a8cb382c996df82b582c482a082b082e782ea82c882a982c182bd81638163	D8000:6AF=8386836981758347838a834a82bf82e182f1816381630a090909090909090909090909098cb382c996df82b582c482a082b082e782ea82c882a982c182bd81638163
D00815	83868369817582b282df82f182cb81638341835282bf82e182f181638163	D8000:6FE
D00816	83868369817582b282df82f182cb8163837d835282bf82e182f181638163	D8000:729
D00817	83868369817582a082cc96ba82aa814082e282e782ea82bf82e182c182bd82e70a8347838a834a82bf82e182f1924282cd81408cb382c996df82ea82c882a28163	D8000:754=83868369817582a082cc96ba82aa814082e282e782ea82bf82e182c182bd82e70a09090909090909090909098347838a834a82bf82e182f1924282cd81408cb382c996df82ea82c882a28163
D00818	817582c782a482e282e781408cb382c996df82c182bd82e682a482c582b782cb	D8000:7C8
D00819	8386836981758347838a834a82bf82e182f1924282cd0a91e58fe4957682a982c8829f81638163	D8000:7F5=8386836981758347838a834a82bf82e182f1924282cd0a09090909090991e58fe4957682a982c8829f81638163
D00820	837c838a838a815b8369817591e58fe4957681490a8b4382f08eb882c182c482e982be82af82dd82bd82a28149	D8000:82F=837c838a838a815b8369817591e58fe4957681490a0909090909098b4382f08eb882c182c482e982be82af82dd82bd82a28149
D00821	83868369817582a082e882aa82c682a481630a8347838a834a82bf82e182f1924282f081408f9582af82c482ad82ea82c48163	D8000:86F=83868369817582a082e882aa82c682a481630a0909090909098347838a834a82bf82e182f1924282f081408f9582af82c482ad82ea82c48163
D00822	817582c682f182c582e082a082e882dc82b982f1816381630a8e8482e0814094de8f97924282c693af82b682ad0a95df82e782ed82ea82cc906782be82c182bd82cc82c582b781638163	D8000:8C0=817582c682f182c582e082a082e882dc82b982f1816381630a0909090909098e8482e0814094de8f97924282c693af82b682ad0a09090909090995df82e782ed82ea82cc906782be82c182bd82cc82c582b781638163
D00823	81758f9582af82c482a282bd82be82a282bd82cc82cd81408e8482cc95fb816381630a967b939682c982c782a482e082a082e882aa82c682a48163	D8000:923=81758f9582af82c482a282bd82be82a282bd82cc82cd81408e8482cc95fb816381630a090909090909967b939682c982c782a482e082a082e882aa82c682a48163
D00824	83868369817582a897e782c882f182a982a282a282c182c4816381630a82bb82ea82e682e88e8482cd8140905f8a798de28386836981490a82a082c882bd82cd8148	D8000:971=83868369817582a897e782c882f182a982a282a282c182c4816381630a09090909090982bb82ea82e682e88e8482cd8140905f8a798de28386836981490a09090909090982a082c882bd82cd8148
D00825	81758e8482cd817794928d81817882c6905c82b582dc82b781638163	D8000:9CC
D00826	8347838b8369815b817583868369987381408386836998730a82b182b182a982e782cc92458f6f95fb964082aa814082ed82a982e882dc82b582bd81490a8cb382cc90a28a4582c996df82ea82dc82b782e68149	D8000:9F5=8347838b8369815b817583868369987381408386836998730a09090909090982b182b182a982e782cc92458f6f95fb964082aa814082ed82a982e882dc82b582bd81490a0909090909098cb382cc90a28a4582c996df82ea82dc82b782e68149
D00827	83868369817582e282c182bd829f816081490a8e9f8cb38355838b835c836f82a982e70a82b782ae82c992458f6f82b782e982ed82e68149	D8000:A62=83868369817582e282c182bd829f816081490a0909090909098e9f8cb38355838b835c836f82a982e70a09090909090982b782ae82c992458f6f82b782e982ed82e68149
D00828	8386836981758347838a834a82bf82e182f1814093aa82c682a992c982ad82c882a28148	E0000:11
D00829	8347838a834a817582a682a6814091e58fe4957682e68149	E0000:41
D00830	817582bb82ea82e682e882e08386836981638140934782cc8ef4949b82a982e70a89f095fa82b582c482ad82ea82c4814082a082e882aa82c682a48163	E0000:65=817582bb82ea82e682e882e08386836981638140934782cc8ef4949b82a982e70a09090909090989f095fa82b582c482ad82ea82c4814082a082e882aa82c682a48163
D00831	83868369817582bb82f182c8829f8140939682bd82e8914f82be82e681490a82be82c182c4814082a082bd82b59242814082a89746924282c582b582e59876	E0000:B4=83868369817582bb82f182c8829f8140939682bd82e8914f82be82e681490a09090909090982be82c182c4814082a082bd82b59242814082a89746924282c582b582e59876
D00832	8347838b8369815b817582a082cc816081408386836981630a82bf82e582c182c681638163	E0000:105=8347838b8369815b817582a082cc816081408386836981630a09090909090982bf82e582c182c681638163
D00833	83868369817582a682c18148814082c782a482b582bd82cc8148	E0000:13C
D00834	8347838b8369815b817594de8f9782cc8e9682c882f182c582b782af82c78163	E0000:16D
D00835	83868369817594928d8182aa814082c782a482a982b582bd82cc8148	E0000:199
D00836	8347838b8369815b817594de8f9782e0889f96eb8cc182cc82e682a482c80a8b408a42906c82cc82e682a482c582b78163	E0000:1C1=8347838b8369815b817594de8f9782e0889f96eb8cc182cc82e682a482c80a0909090909098b408a42906c82cc82e682a482c582b78163
D00837	83868369817582a682a682c181498140837a8393836782c99874	E0000:204
D00838	8347838b8369815b817582e082b582a982b582bd82e78140934782aa0a919782e88d9e82f182be83588370834382cc89c2945c90ab82e08149	E0000:22A=8347838b8369815b817582e082b582a982b582bd82e78140934782aa0a090909090909919782e88d9e82f182be83588370834382cc89c2945c90ab82e08149
D00839	837c838a838a815b8369817582bb82a482cb816381408ac8925082c90a8ef382af93fc82ea82c482b582dc82a482cc82cd8aeb8caf82b782ac82e90a82a982e082b582ea82c882a28163	E0000:275=837c838a838a815b8369817582bb82a482cb816381408ac8925082c90a0909090909098ef382af93fc82ea82c482b582dc82a482cc82cd8aeb8caf82b782ac82e90a09090909090982a982e082b582ea82c882a28163
D00840	83868369817582a082f182c882c989c288a482ad82c40a82a882c682c882b582a28e7182aa814083588370834382be82c882f182c481630a8d6c82a682b782ac82be82e68149	E0000:2E2=83868369817582a082f182c882c989c288a482ad82c40a09090909090982a882c682c882b582a28e7182aa814083588370834382be82c882f182c481630a0909090909098d6c82a682b782ac82be82e68149
D00841	837c838a838a815b8369817583868369816381408ca982a982af82be82af82c50a94bb926682b582c482cd835f838182e68149	E0000:340=837c838a838a815b8369817583868369816381408ca982a982af82be82af82c50a09090909090994bb926682b582c482cd835f838182e68149
D00842	81758b408a4289bb92e98d9182cc94da8baf82c88ee88cfb82cd814082a082c882bd82e00a82bb82cc96da82c58ca982c482ab82bd82c582b582e58148	E0000:385=81758b408a4289bb92e98d9182cc94da8baf82c88ee88cfb82cd814082a082c882bd82e00a09090909090982bb82cc96da82c58ca982c482ab82bd82c582b582e58148
D00843	9591817588ea899e81409770905382b582c682a282bd82d982a482aa0a82a282a282f182b682e182c8816082a28148	E0000:3D4=9591817588ea899e81409770905382b582c682a282bd82d982a482aa0a09090909090982a282a282f182b682e182c8816082a28148
D00844	97ed94fc81758b408a42906c82cd904d977082c582ab82c882a28341838b8149	E0000:415
D00845	8b408a42906c82cc8e9682f08d6c82a682e9	E0000:441
D00846	82dd82f182c882f090e093be82b782e9	E0000:454 238000:133F 240000:140F
D00847	83868369817582bd81408a6d82a982c98da182dc82c5814082a282eb82a282eb0a82a082c182bd82af82c78163	E0000:47B=83868369817582bd81408a6d82a982c98da182dc82c5814082a282eb82a282eb0a0909090982a082c182bd82af82c78163
D00848	817582be82a982e782c182c481408b408a42906c82aa82dd82f182c80a88ab82a2906c82c682cd8e7682a682c882a282e68163	E0000:4B8=817582be82a982e782c182c481408b408a42906c82aa82dd82f182c80a0909090988ab82a2906c82c682cd8e7682a682c882a282e68163
D00849	8175889f96eb8cc182bf82e182f182e0814082a89746924282c982c882ea82bd82b50a82ab82c182c6814082a282a2906c82e082a282e982cd82b882be82e68163	E0000:4FB=8175889f96eb8cc182bf82e182f182e0814082a89746924282c982c882ea82bd82b50a0909090982ab82c182c6814082a282a2906c82e082a282e982cd82b882be82e68163
D00850	83868369817582cb82c1814082dd82f182c8987a814094928d8182aa0a82a282c882a982c182bd82e781408347838a834a82bf82e182f1924282be82c182c40a8cb382c996df82ea82bd82a995aa82a982e782c882a982c182bd82f182be82e68149	E0000:54C=83868369817582cb82c1814082dd82f182c8987a814094928d8182aa0a09090909090982a282c882a982c182bd82e781408347838a834a82bf82e182f1924282be82c182c40a0909090909098cb382c996df82ea82bd82a995aa82a982e782c882a982c182bd82f182be82e68149
D00851	817582bb82ea82c994928d8182cd8140934782c90a95df82dc82c182c482bd82f182be82e082f18163814082be82a982e78163	E0000:5C6=817582bb82ea82c994928d8182cd8140934782c90a09090909090995df82dc82c182c482bd82f182be82e082f18163814082be82a982e78163
D00852	817582be82a982e7814082dd82f182c881490a94928d8182cc8e9682f0904d82b682c482a082b082e682a482e68149	E0000:60B=817582be82a982e7814082dd82f182c881490a09090909090994928d8182cc8e9682f0904d82b682c482a082b082e682a482e68149
D00853	8386815b838a834281758386836982b382f182aa904d82b682c482e982c882e70a8386815b838a834282e0904d82b682e982c582b782a38149	E0000:657=8386815b838a834281758386836982b382f182aa904d82b682c482e982c882e70a0909090909098386815b838a834282e0904d82b682e982c582b782a38149
D00854	83868369817582a082e882aa82c681408386815b838a834281490a82cb82a5814082a88ae882a28149814082dd82f182c882e0987a	E0000:6A2=83868369817582a082e882aa82c681408386815b838a834281490a09090909090982cb82a5814082a88ae882a28149814082dd82f182c882e0987a
D00855	8347838b8369815b817582dc82a0814082bb82b182dc82c58cbe82ed82ea82c482cd0a904d82b682e982b582a982c882a282c582b782cb8163	E0000:6E9=8347838b8369815b817582dc82a0814082bb82b182dc82c58cbe82ed82ea82c482cd0a090909090909904d82b682e982b582a982c882a282c582b782cb8163
D00856	8347838a834a81758f9582af82c482e082e782c182bd82b581408e8482e094928d8182f00a904d82b682e982ed8149	E0000:734=8347838a834a81758f9582af82c482e082e782c182bd82b581408e8482e094928d8182f00a090909090909904d82b682e982ed8149
D00857	9591817583418393835e82e0814082a8906c8d4482b582cb82a58163814082dc82a00a8b9682b582bf82e182a48341835e8356924282e0814082a8906c8d4482b582be82af82c70a816382cb82a58148	E0000:780=9591817583418393835e82e0814082a8906c8d4482b582cb82a58163814082dc82a00a0909090909098b9682b582bf82e182a48341835e8356924282e0814082a8906c8d4482b582be82af82c70a090909090909816382cb82a58148
D00858	83868369817582e282c182bd829f81609876	E0000:7E8
D00859	83868369817582bb82ea82b682e194928d81814082b182c182bf82c9978882c481490a82dd82f182c882f08fd089ee82b782e9836c9876	E0000:811=83868369817582bb82ea82b682e194928d81814082b182c182bf82c9978882c481490a09090909090982dd82f182c882f08fd089ee82b782e9836c9876
D00860	94928d81817582a0814082a082cc8163814082ed81408e8481638163	E0000:85A
D00861	83868369817582c7814082c782a482b582bd82cc9874	E0000:88D
D00862	8347838b8369815b817591e595cf82c582b7987381408b9091e582c895a891cc82aa0a838f815b837683418345836782b582c482ab82dc82b78149	E0000:8AF=8347838b8369815b817591e595cf82c582b7987381408b9091e582c895a891cc82aa0a090909090909838f815b837683418345836782b582c482ab82dc82b78149
D00863	94928d81817582a082c1814082a082cc914482cd8149	E0000:941
D00864	83868369817594928d818140926d82c182c482e982cc9874	E0000:963
D00865	94928d8181758b408a4289bb8d6392e982aa82b382b582de82af82bd0a8ba588ab82c890ed8e6d8163	E0000:987=94928d8181758b408a4289bb8d6392e982aa82b382b582de82af82bd0a0909090909098ba588ab82c890ed8e6d8163
D00866	94928d81817582a882bb82e782ad81408da182dc82c58386836982b382f1924282aa0a90ed82c182bd934782c682cd94e482d782e082cc82c982c882e782c882a28163	E0000:9CD=94928d81817582a882bb82e782ad81408da182dc82c58386836982b382f1924282aa0a09090909090990ed82c182bd934782c682cd94e482d782e082cc82c982c882e782c882a28163
D00867	8175837a837a837a837a837a8362814082b28b408c9982a282a982aa98740a82a88fec82b382dc95fb8163	E0000:A38=8175837a837a837a837a837a8362814082b28b408c9982a282a982aa98740a0909090982a88fec82b382dc95fb8163
D00868	8175905b95a382c882e988c582c98de782ad814094fc82b582ab89d481630a8e8482cc96bc82cd81408177935697ed8940814597ab97ed817881490a8e6c93568b40814091e688ea82cc8e688b718163	E0000:A73=8175905b95a382c882e988c582c98de782ad814094fc82b582ab89d481630a090909098e8482cc96bc82cd81408177935697ed8940814597ab97ed817881490a090909098e6c93568b40814091e688ea82cc8e688b718163
D00869	837c838a838a815b836981758e6c93568b408148	E0000:ACC
D00870	94928d8181758b408a4289bb92e98d9181408d6392e99065897191e081630a91e58ab295948e6c906c82cc918d8fcc82c582b781490a94de8f9782cd814082bb82cc928682cc88ea906c8163	E0000:AF7=94928d8181758b408a4289bb92e98d9181408d6392e99065897191e081630a09090909090991e58ab295948e6c906c82cc918d8fcc82c582b781490a09090909090994de8f9782cd814082bb82cc928682cc88ea906c8163
D00871	97ab97ed817582bb82a4816381408e6c93568b4082cc928682c58dc582e08bad82ad0a8dc582e094fc82b582a28163	E0000:B66=97ab97ed817582bb82a4816381408e6c93568b4082cc928682c58dc582e08bad82ad0a090909098dc582e094fc82b582a28163
D00872	81758f9782c782e082cc9141965d82c68eb9936982f088ea906782c98ef382af0a82c882a88b5082ab82f095fa82c281408b868bc982cc94fc82cc8fdb92a581630a82bb82ea82aa814082b182cc8e8482e69873	E0000:BA5=81758f9782c782e082cc9141965d82c68eb9936982f088ea906782c98ef382af0a0909090982c882a88b5082ab82f095fa82c281408b868bc982cc94fc82cc8fdb92a581630a0909090982bb82ea82aa814082b182cc8e8482e69873
D00873	9591817582a082f182bd81408bbe8ca982bd82b182c682a082f182cc8348816098740a82bb815b82a282a482cc8ea989e68ea98e5e82c182c482e4815b82cc82e69873	E0000:C0D=9591817582a082f182bd81408bbe8ca982bd82b182c682a082f182cc8348816098740a090909090982bb815b82a282a482cc8ea989e68ea98e5e82c182c482e4815b82cc82e69873
D00874	97ab97ed817582dc82a082c1814981408e8482c982bb82cc82e682a482c8965c8cbe82f00a936682ad82c682cd81638163	E0000:C6C=97ab97ed817582dc82a082c1814981408e8482c982bb82cc82e682a482c8965c8cbe82f00a09090909936682ad82c682cd81638163
D00875	817582dc82a082a282a282ed8163814082b182ea82f08ca982c882b382a29873	E0000:CAD
D00876	8347838a834a8175835a838a834a9874	E0000:CEB E8000:165
D00877	837c838a838a815b8369817582dc82bd82b582c482e0906c8ebf82c682cd81630a94da8baf82c88149	E0000:D07=837c838a838a815b8369817582dc82bd82b582c482e0906c8ebf82c682cd81630a09090909090994da8baf82c88149
D00878	837e834c8175835a838a834a82f0814082a982a682b582c882b382a29873	E0000:D42
D00879	97ab97ed817582c782a48148814089f782b582a281480a8e8482cc94fc82b582b382aa936982dc82b582a282c582b582e582a481480a94fc82b582a28ed282cd89bd82f082b582c482e08b9682b382ea82e982cc82e68149	E0000:D77=97ab97ed817582c782a48148814089f782b582a281480a090909098e8482cc94fc82b582b382aa936982dc82b582a282c582b582e582a481480a0909090994fc82b582a28ed282cd89bd82f082b582c482e08b9682b382ea82e982cc82e68149
D00880	83868369817582e481408b9682b382c882a282f182be82a982e7829f8149	E0000:DD8
D00881	97ab97ed817582bb82f182c882c9814082a8937b82e882c982c882e782c882a282c581630a82a082c882bd924282c9814082c682c182c482a882ab82cc959191e482f00a977088d382b582bd82f182c582b782a982e78163	E0000:E0D=97ab97ed817582bb82f182c882c9814082a8937b82e882c982c882e782c882a282c581630a0909090982a082c882bd924282c9814082c682c182c482a882ab82cc959191e482f00a09090909977088d382b582bd82f182c582b782a982e78163
D00882	81758fac986690af81778360836283608346815b8369817882c50a82a891d282bf82b582c482e982ed81498140837a837a837a837a83628163	E0000:E79=81758fac986690af81778360836283608346815b8369817882c50a0909090982a891d282bf82b582c482e982ed81498140837a837a837a837a83628163
D00883	83868369817582dd82f182c8814981408d7382ad82ed82e69873	E0000:EC2
D00884	97ab97ed817582c582cd81638163905f8a798de28386836981490a90b3815893b0815881408e84924282c68f9f958982c882b382a28149	E8000:36=97ab97ed817582c582cd81638163905f8a798de28386836981490a09090909090990b3815893b0815881408e84924282c68f9f958982c882b382a28149
D00885	838683698175906c8ebf82c682c182c682a282c40a89bd82aa814090b3815893b0815882e68149	E8000:80=838683698175906c8ebf82c682c182c682a282c40a09090909090989bd82aa814090b3815893b0815882e68149
D00886	97ab97ed817582a896d982e881490a8e84924282c682cc8f9f9589814082a88ef382af82c982c882e982cc8148	E8000:BA=97ab97ed817582a896d982e881490a0909090909098e84924282c682cc8f9f9589814082a88ef382af82c982c882e982cc8148
D00887	835a838a834a817583868369814981408347838a834a976c81490a82b182a282c282cd8bad82b782ac82e981490a82a082bd82b582cc82b182c682cd81638163	E8000:FA=835a838a834a817583868369814981408347838a834a976c81490a09090909090982b182a282c282cd8bad82b782ac82e981490a09090909090982a082bd82b582cc82b182c682cd81638163
D00888	97ab97ed817582bb82ea82c682e08163816382b182cc8e7182f08ca98ecc82c482c40a82a893a682b082c982c882e982cc82a982b582e78148	E8000:182=97ab97ed817582bb82ea82c682e08163816382b182cc8e7182f08ca98ecc82c482c40a09090909090982a893a682b082c982c882e982cc82a982b582e78148
D00889	95b68be582f08cbe82a4	E8000:1CE
D00890	8f9f958982f08ef382af82e9	E8000:1D9
D00891	838683698175834c835e8369834382ed82e6815b815b815b82c19873	E8000:1E6
D00892	97ab97ed817589bd82c682c582e082a882c182b582e182a298730a82c782a482b782e982cc8148814090ed82a482cc8148	E8000:20F=97ab97ed817589bd82c682c582e082a882c182b582e182a298730a09090909090982c782a482b782e982cc8148814090ed82a482cc8148
D00893	8347838a834a817582e082bf82eb82f1814082e282c182c482e282e982ed98730a835a838a834a82cc82bd82df82c882e78149	E8000:25B=8347838a834a817582e082bf82eb82f1814082e282c182c482e282e982ed98730a090909090909835a838a834a82cc82bd82df82c882e78149
D00894	97ab97ed8175837a837a837a837a837a81490a82bb82a482ad82e982c68e7682c182c482dc82b582bd82ed8149	E8000:2A1=97ab97ed8175837a837a837a837a837a81490a09090909090982bb82a482ad82e982c68e7682c182c482dc82b582bd82ed8149
D00895	817582b382a0814082a282e782c182b582e182a281490a89c288a482aa82c182c482a082b082dc82b782ed9873	E8000:2E1=817582b382a0814082a282e782c182b582e182a281490a09090909090989c288a482aa82c182c482a082b082dc82b782ed9873
D00896	838683698175836f834a82c982b582c4816381630a90e291ce90e291ce81408b9682b382c882a282f182be82a982e7815b82c18149	E8000:321=838683698175836f834a82c982b582c4816381630a09090909090990e291ce90e291ce81408b9682b382c882a282f182be82a982e7815b82c18149
D00897	8347838b8369815b817582a282af82dc82b982f181490a82a482a982c282c98d558c8282b782e982c68140835a838a834a82e00a835f8381815b835782f08ef382af82c482b582dc82a282dc82b78149	E8000:38E=8347838b8369815b817582a282af82dc82b982f181490a090909090909090982a482a982c282c98d558c8282b782e982c68140835a838a834a82e00a0909090909090909835f8381815b835782f08ef382af82c482b582dc82a282dc82b78149
D00898	8347838a834a81758da19378814089ef82c182bd82e70a82bd82be82b682e182a882a982c882a282a982e78149	E8000:729=8347838a834a81758da19378814089ef82c182bd82e70a0909090909090909090909090982bd82be82b682e182a882a982c882a282a982e78149 108000:5FE=8347838a834a81758da19378814089ef82c182bd82e70a0909090909090909090909090982bd82be82b682e182a882a982c882a282a982e78149 110000:512=8347838a834a81758da19378814089ef82c182bd82e70a0909090909090909090909090982bd82be82b682e182a882a982c882a282a982e78149 120000:57E=8347838a834a81758da19378814089ef82c182bd82e70a0909090909090909090909090982bd82be82b682e182a882a982c882a282a982e78149 138000:488=8347838a834a81758da19378814089ef82c182bd82e70a0909090909090909090909090982bd82be82b682e182a882a982c882a282a982e78149 148000:37D=8347838a834a81758da19378814089ef82c182bd82e70a0909090909090909090909090982bd82be82b682e182a882a982c882a282a982e78149 158000:383=8347838a834a81758da19378814089ef82c182bd82e70a0909090909090909090909090982bd82be82b682e182a882a982c882a282a982e78149 188000:730=8347838a834a81758da19378814089ef82c182bd82e70a0909090909090909090909090982bd82be82b682e182a882a982c882a282a982e78149 198000:39F=8347838a834a81758da19378814089ef82c182bd82e70a0909090909090909090909090982bd82be82b682e182a882a982c882a282a982e78149 1A0000:651=8347838a834a81758da19378814089ef82c182bd82e70a0909090909090909090909090982bd82be82b682e182a882a982c882a282a982e78149 1A8000:4FA=8347838a834a81758da19378814089ef82c182bd82e70a0909090909090909090909090982bd82be82b682e182a882a982c882a282a982e78149 1E0000:A1A=8347838a834a81758da19378814089ef82c182bd82e70a0909090909090909090909090982bd82be82b682e182a882a982c882a282a982e78149 200000:612=8347838a834a81758da19378814089ef82c182bd82e70a0909090909090909090909090982bd82be82b682e182a882a982c882a282a982e78149 220000:56F=8347838a834a81758da19378814089ef82c182bd82e70a0909090909090909090909090982bd82be82b682e182a882a982c882a282a982e78149 228000:6C8=8347838a834a81758da19378814089ef82c182bd82e70a0909090909090909090909090982bd82be82b682e182a882a982c882a282a982e78149 238000:727=8347838a834a81758da19378814089ef82c182bd82e70a0909090909090909090909090982bd82be82b682e182a882a982c882a282a982e78149 240000:7ED=8347838a834a81758da19378814089ef82c182bd82e70a0909090909090909090909090982bd82be82b682e182a882a982c882a282a982e78149 278000:803=8347838a834a81758da19378814089ef82c182bd82e70a0909090909090909090909090982bd82be82b682e182a882a982c882a282a982e78149 2D8000:37B=8347838a834a81758da19378814089ef82c182bd82e70a0909090909090909090909090982bd82be82b682e182a882a982c882a282a982e78149 300000:831=8347838a834a81758da19378814089ef82c182bd82e70a0909090909090909090909090982bd82be82b682e182a882a982c882a282a982e78149 308000:4B7=8347838a834a81758da19378814089ef82c182bd82e70a0909090909090909090909090982bd82be82b682e182a882a982c882a282a982e78149 310000:4FF=8347838a834a81758da19378814089ef82c182bd82e70a0909090909090909090909090982bd82be82b682e182a882a982c882a282a982e78149 340000:31C=8347838a834a81758da19378814089ef82c182bd82e70a0909090909090909090909090982bd82be82b682e182a882a982c882a282a982e78149 350000:31C=8347838a834a81758da19378814089ef82c182bd82e70a0909090909090909090909090982bd82be82b682e182a882a982c882a282a982e78149 360000:31C=8347838a834a81758da19378814089ef82c182bd82e70a0909090909090909090909090982bd82be82b682e182a882a982c882a282a982e78149 370000:31C=8347838a834a81758da19378814089ef82c182bd82e70a0909090909090909090909090982bd82be82b682e182a882a982c882a282a982e78149 388000:914=8347838a834a81758da19378814089ef82c182bd82e70a0909090909090909090909090982bd82be82b682e182a882a982c882a282a982e78149 398000:493=8347838a834a81758da19378814089ef82c182bd82e70a0909090909090909090909090982bd82be82b682e182a882a982c882a282a982e78149 3A8000:319=8347838a834a81758da19378814089ef82c182bd82e70a0909090909090909090909090982bd82be82b682e182a882a982c882a282a982e78149 3B0000:3B9=8347838a834a81758da19378814089ef82c182bd82e70a0909090909090909090909090982bd82be82b682e182a882a982c882a282a982e78149 3B8000:397=8347838a834a81758da19378814089ef82c182bd82e70a0909090909090909090909090982bd82be82b682e182a882a982c882a282a982e78149 3C0000:376=8347838a834a81758da19378814089ef82c182bd82e70a0909090909090909090909090982bd82be82b682e182a882a982c882a282a982e78149 3E8000:6D0=8347838a834a81758da19378814089ef82c182bd82e70a0909090909090909090909090982bd82be82b682e182a882a982c882a282a982e78149 3F0000:36D=8347838a834a81758da19378814089ef82c182bd82e70a0909090909090909090909090982bd82be82b682e182a882a982c882a282a982e78149 400000:381=8347838a834a81758da19378814089ef82c182bd82e70a0909090909090909090909090982bd82be82b682e182a882a982c882a282a982e78149 408000:389=8347838a834a81758da19378814089ef82c182bd82e70a0909090909090909090909090982bd82be82b682e182a882a982c882a282a982e78149
D00899	83418352817582d082c782a282e682a781600a82a6816082f1814082a6816082f18163	E8000:77F=83418352817582d082c782a282e682a781600a0909090909090909090909090982a6816082f1814082a6816082f18163 108000:654=83418352817582d082c782a282e682a781600a0909090909090909090909090982a6816082f1814082a6816082f18163 110000:568=83418352817582d082c782a282e682a781600a0909090909090909090909090982a6816082f1814082a6816082f18163 120000:5D4=83418352817582d082c782a282e682a781600a0909090909090909090909090982a6816082f1814082a6816082f18163 138000:4DE=83418352817582d082c782a282e682a781600a0909090909090909090909090982a6816082f1814082a6816082f18163 148000:3D3=83418352817582d082c782a282e682a781600a0909090909090909090909090982a6816082f1814082a6816082f18163 158000:3D9=83418352817582d082c782a282e682a781600a0909090909090909090909090982a6816082f1814082a6816082f18163 188000:786=83418352817582d082c782a282e682a781600a0909090909090909090909090982a6816082f1814082a6816082f18163 198000:3F5=83418352817582d082c782a282e682a781600a0909090909090909090909090982a6816082f1814082a6816082f18163 1A0000:6A7=83418352817582d082c782a282e682a781600a0909090909090909090909090982a6816082f1814082a6816082f18163 1A8000:550=83418352817582d082c782a282e682a781600a0909090909090909090909090982a6816082f1814082a6816082f18163 1E0000:A70=83418352817582d082c782a282e682a781600a0909090909090909090909090982a6816082f1814082a6816082f18163 200000:668=83418352817582d082c782a282e682a781600a0909090909090909090909090982a6816082f1814082a6816082f18163 220000:5C5=83418352817582d082c782a282e682a781600a0909090909090909090909090982a6816082f1814082a6816082f18163 228000:71E=83418352817582d082c782a282e682a781600a0909090909090909090909090982a6816082f1814082a6816082f18163 238000:77D=83418352817582d082c782a282e682a781600a0909090909090909090909090982a6816082f1814082a6816082f18163 240000:843=83418352817582d082c782a282e682a781600a0909090909090909090909090982a6816082f1814082a6816082f18163 278000:859=83418352817582d082c782a282e682a781600a0909090909090909090909090982a6816082f1814082a6816082f18163 290000:375=83418352817582d082c782a282e682a781600a0909090909090909090909090982a6816082f1814082a6816082f18163 2D8000:3D1=83418352817582d082c782a282e682a781600a0909090909090909090909090982a6816082f1814082a6816082f18163 2F0000:31D=83418352817582d082c782a282e682a781600a0909090909090909090909090982a6816082f1814082a6816082f18163 300000:887=83418352817582d082c782a282e682a781600a0909090909090909090909090982a6816082f1814082a6816082f18163 308000:50D=83418352817582d082c782a282e682a781600a0909090909090909090909090982a6816082f1814082a6816082f18163 310000:555=83418352817582d082c782a282e682a781600a0909090909090909090909090982a6816082f1814082a6816082f18163 340000:372=83418352817582d082c782a282e682a781600a0909090909090909090909090982a6816082f1814082a6816082f18163 350000:372=83418352817582d082c782a282e682a781600a0909090909090909090909090982a6816082f1814082a6816082f18163 360000:372=83418352817582d082c782a282e682a781600a0909090909090909090909090982a6816082f1814082a6816082f18163 370000:372=83418352817582d082c782a282e682a781600a0909090909090909090909090982a6816082f1814082a6816082f18163 388000:96A=83418352817582d082c782a282e682a781600a0909090909090909090909090982a6816082f1814082a6816082f18163 398000:4E9=83418352817582d082c782a282e682a781600a0909090909090909090909090982a6816082f1814082a6816082f18163 3A8000:36F=83418352817582d082c782a282e682a781600a0909090909090909090909090982a6816082f1814082a6816082f18163 3B0000:40F=83418352817582d082c782a282e682a781600a0909090909090909090909090982a6816082f1814082a6816082f18163 3B8000:3ED=83418352817582d082c782a282e682a781600a0909090909090909090909090982a6816082f1814082a6816082f18163 3C0000:3CC=83418352817582d082c782a282e682a781600a0909090909090909090909090982a6816082f1814082a6816082f18163 3E8000:726=83418352817582d082c782a282e682a781600a0909090909090909090909090982a6816082f1814082a6816082f18163 3F0000:3C3=83418352817582d082c782a282e682a781600a0909090909090909090909090982a6816082f1814082a6816082f18163 400000:3D7=83418352817582d082c782a282e682a781600a0909090909090909090909090982a6816082f1814082a6816082f18163 408000:3DF=83418352817582d082c782a282e682a781600a0909090909090909090909090982a6816082f1814082a6816082f18163
D00900	837d8352817582d082c782a282e682a781600a82a6816082f1814082a6816082f18163	E8000:7CB=837d8352817582d082c782a282e682a781600a0909090909090909090909090982a6816082f1814082a6816082f18163 108000:6A0=837d8352817582d082c782a282e682a781600a0909090909090909090909090982a6816082f1814082a6816082f18163 110000:5B4=837d8352817582d082c782a282e682a781600a0909090909090909090909090982a6816082f1814082a6816082f18163 120000:620=837d8352817582d082c782a282e682a781600a0909090909090909090909090982a6816082f1814082a6816082f18163 138000:52A=837d8352817582d082c782a282e682a781600a0909090909090909090909090982a6816082f1814082a6816082f18163 148000:41F=837d8352817582d082c782a282e682a781600a0909090909090909090909090982a6816082f1814082a6816082f18163 158000:425=837d8352817582d082c782a282e682a781600a0909090909090909090909090982a6816082f1814082a6816082f18163 188000:7D2=837d8352817582d082c782a282e682a781600a0909090909090909090909090982a6816082f1814082a6816082f18163 198000:441=837d8352817582d082c782a282e682a781600a0909090909090909090909090982a6816082f1814082a6816082f18163 1A0000:6F3=837d8352817582d082c782a282e682a781600a0909090909090909090909090982a6816082f1814082a6816082f18163 1A8000:59C=837d8352817582d082c782a282e682a781600a0909090909090909090909090982a6816082f1814082a6816082f18163 1E0000:ABC=837d8352817582d082c782a282e682a781600a0909090909090909090909090982a6816082f1814082a6816082f18163 200000:6B4=837d8352817582d082c782a282e682a781600a0909090909090909090909090982a6816082f1814082a6816082f18163 220000:611=837d8352817582d082c782a282e682a781600a0909090909090909090909090982a6816082f1814082a6816082f18163 228000:76A=837d8352817582d082c782a282e682a781600a0909090909090909090909090982a6816082f1814082a6816082f18163 238000:7C9=837d8352817582d082c782a282e682a781600a0909090909090909090909090982a6816082f1814082a6816082f18163 240000:88F=837d8352817582d082c782a282e682a781600a0909090909090909090909090982a6816082f1814082a6816082f18163 278000:8A5=837d8352817582d082c782a282e682a781600a0909090909090909090909090982a6816082f1814082a6816082f18163 290000:3C1=837d8352817582d082c782a282e682a781600a0909090909090909090909090982a6816082f1814082a6816082f18163 2D8000:41D=837d8352817582d082c782a282e682a781600a0909090909090909090909090982a6816082f1814082a6816082f18163 2F0000:369=837d8352817582d082c782a282e682a781600a0909090909090909090909090982a6816082f1814082a6816082f18163 300000:8D3=837d8352817582d082c782a282e682a781600a0909090909090909090909090982a6816082f1814082a6816082f18163 308000:559=837d8352817582d082c782a282e682a781600a0909090909090909090909090982a6816082f1814082a6816082f18163 310000:5A1=837d8352817582d082c782a282e682a781600a0909090909090909090909090982a6816082f1814082a6816082f18163 340000:3BE=837d8352817582d082c782a282e682a781600a0909090909090909090909090982a6816082f1814082a6816082f18163 350000:3BE=837d8352817582d082c782a282e682a781600a0909090909090909090909090982a6816082f1814082a6816082f18163 360000:3BE=837d8352817582d082c782a282e682a781600a0909090909090909090909090982a6816082f1814082a6816082f18163 370000:3BE=837d8352817582d082c782a282e682a781600a0909090909090909090909090982a6816082f1814082a6816082f18163 388000:9B6=837d8352817582d082c782a282e682a781600a0909090909090909090909090982a6816082f1814082a6816082f18163 398000:535=837d8352817582d082c782a282e682a781600a0909090909090909090909090982a6816082f1814082a6816082f18163 3A8000:3BB=837d8352817582d082c782a282e682a781600a0909090909090909090909090982a6816082f1814082a6816082f18163 3B0000:45B=837d8352817582d082c782a282e682a781600a0909090909090909090909090982a6816082f1814082a6816082f18163 3B8000:439=837d8352817582d082c782a282e682a781600a0909090909090909090909090982a6816082f1814082a6816082f18163 3C0000:418=837d8352817582d082c782a282e682a781600a0909090909090909090909090982a6816082f1814082a6816082f18163 3E8000:772=837d8352817582d082c782a282e682a781600a0909090909090909090909090982a6816082f1814082a6816082f18163 3F0000:40F=837d8352817582d082c782a282e682a781600a0909090909090909090909090982a6816082f1814082a6816082f18163 400000:423=837d8352817582d082c782a282e682a781600a0909090909090909090909090982a6816082f1814082a6816082f18163 408000:42B=837d8352817582d082c782a282e682a781600a0909090909090909090909090982a6816082f1814082a6816082f18163
D00901	94928d81817582e082a4814090ed82a682c882a282dd82bd82a282c582b781630a82b282df82f182c882b382a28163	E8000:817=94928d81817582e082a4814090ed82a682c882a282dd82bd82a282c582b781630a090909090909090909090982b282df82f182c882b382a28163 108000:6EC=94928d81817582e082a4814090ed82a682c882a282dd82bd82a282c582b781630a090909090909090909090982b282df82f182c882b382a28163 110000:600=94928d81817582e082a4814090ed82a682c882a282dd82bd82a282c582b781630a090909090909090909090982b282df82f182c882b382a28163 120000:66C=94928d81817582e082a4814090ed82a682c882a282dd82bd82a282c582b781630a090909090909090909090982b282df82f182c882b382a28163 138000:576=94928d81817582e082a4814090ed82a682c882a282dd82bd82a282c582b781630a090909090909090909090982b282df82f182c882b382a28163 148000:46B=94928d81817582e082a4814090ed82a682c882a282dd82bd82a282c582b781630a090909090909090909090982b282df82f182c882b382a28163 158000:471=94928d81817582e082a4814090ed82a682c882a282dd82bd82a282c582b781630a090909090909090909090982b282df82f182c882b382a28163 188000:81E=94928d81817582e082a4814090ed82a682c882a282dd82bd82a282c582b781630a090909090909090909090982b282df82f182c882b382a28163 198000:48D=94928d81817582e082a4814090ed82a682c882a282dd82bd82a282c582b781630a090909090909090909090982b282df82f182c882b382a28163 1A0000:73F=94928d81817582e082a4814090ed82a682c882a282dd82bd82a282c582b781630a090909090909090909090982b282df82f182c882b382a28163 1A8000:5E8=94928d81817582e082a4814090ed82a682c882a282dd82bd82a282c582b781630a090909090909090909090982b282df82f182c882b382a28163 1E0000:B08=94928d81817582e082a4814090ed82a682c882a282dd82bd82a282c582b781630a090909090909090909090982b282df82f182c882b382a28163 200000:700=94928d81817582e082a4814090ed82a682c882a282dd82bd82a282c582b781630a090909090909090909090982b282df82f182c882b382a28163 220000:65D=94928d81817582e082a4814090ed82a682c882a282dd82bd82a282c582b781630a090909090909090909090982b282df82f182c882b382a28163 228000:7B6=94928d81817582e082a4814090ed82a682c882a282dd82bd82a282c582b781630a090909090909090909090982b282df82f182c882b382a28163 238000:815=94928d81817582e082a4814090ed82a682c882a282dd82bd82a282c582b781630a090909090909090909090982b282df82f182c882b382a28163 240000:8DB=94928d81817582e082a4814090ed82a682c882a282dd82bd82a282c582b781630a090909090909090909090982b282df82f182c882b382a28163 248000:97F=94928d81817582e082a4814090ed82a682c882a282dd82bd82a282c582b781630a090909090909090909090982b282df82f182c882b382a28163 278000:8F1=94928d81817582e082a4814090ed82a682c882a282dd82bd82a282c582b781630a090909090909090909090982b282df82f182c882b382a28163 288000:25A=94928d81817582e082a4814090ed82a682c882a282dd82bd82a282c582b781630a090909090909090909090982b282df82f182c882b382a28163 2D8000:469=94928d81817582e082a4814090ed82a682c882a282dd82bd82a282c582b781630a090909090909090909090982b282df82f182c882b382a28163 300000:91F=94928d81817582e082a4814090ed82a682c882a282dd82bd82a282c582b781630a090909090909090909090982b282df82f182c882b382a28163 308000:5A5=94928d81817582e082a4814090ed82a682c882a282dd82bd82a282c582b781630a090909090909090909090982b282df82f182c882b382a28163 310000:5ED=94928d81817582e082a4814090ed82a682c882a282dd82bd82a282c582b781630a090909090909090909090982b282df82f182c882b382a28163 340000:40A=94928d81817582e082a4814090ed82a682c882a282dd82bd82a282c582b781630a090909090909090909090982b282df82f182c882b382a28163 350000:40A=94928d81817582e082a4814090ed82a682c882a282dd82bd82a282c582b781630a090909090909090909090982b282df82f182c882b382a28163 360000:40A=94928d81817582e082a4814090ed82a682c882a282dd82bd82a282c582b781630a090909090909090909090982b282df82f182c882b382a28163 370000:40A=94928d81817582e082a4814090ed82a682c882a282dd82bd82a282c582b781630a090909090909090909090982b282df82f182c882b382a28163 388000:A02=94928d81817582e082a4814090ed82a682c882a282dd82bd82a282c582b781630a090909090909090909090982b282df82f182c882b382a28163 398000:581=94928d81817582e082a4814090ed82a682c882a282dd82bd82a282c582b781630a090909090909090909090982b282df82f182c882b382a28163 3A8000:407=94928d81817582e082a4814090ed82a682c882a282dd82bd82a282c582b781630a090909090909090909090982b282df82f182c882b382a28163 3B0000:4A7=94928d81817582e082a4814090ed82a682c882a282dd82bd82a282c582b781630a090909090909090909090982b282df82f182c882b382a28163 3B8000:485=94928d81817582e082a4814090ed82a682c882a282dd82bd82a282c582b781630a090909090909090909090982b282df82f182c882b382a28163 3C0000:464=94928d81817582e082a4814090ed82a682c882a282dd82bd82a282c582b781630a090909090909090909090982b282df82f182c882b382a28163 3E8000:7BE=94928d81817582e082a4814090ed82a682c882a282dd82bd82a282c582b781630a090909090909090909090982b282df82f182c882b382a28163 3F0000:45B=94928d81817582e082a4814090ed82a682c882a282dd82bd82a282c582b781630a090909090909090909090982b282df82f182c882b382a28163 400000:46F=94928d81817582e082a4814090ed82a682c882a282dd82bd82a282c582b781630a090909090909090909090982b282df82f182c882b382a28163 408000:477=94928d81817582e082a4814090ed82a682c882a282dd82bd82a282c582b781630a090909090909090909090982b282df82f182c882b382a28163
D00902	83868369817582b282df82f182cb8140835a838a834a82bf82e182f181638163	E8000:86D
D00903	838683698175834c8383815b815b836298740a835a838a834a82bf82e1815b815b82f18149	E8000:8A1=838683698175834c8383815b815b836298740a090909090909090909090909090909835a838a834a82bf82e1815b815b82f18149
D00904	97ab97ed8175834e8362816382a082c882bd9242814082b182cc82dc82dc82c582cd0a82b782dc82c882a282ed82e6816382b182cc90e682c982cd814082a082c882bd95fb82cc0a917a919c82e082c282a982c882a2926e8d9682aa91d282c182c482a282e98149	E8000:8E2=97ab97ed8175834e8362816382a082c882bd9242814082b182cc82dc82dc82c582cd0a09090909090982b782dc82c882a282ed82e6816382b182cc90e682c982cd814082a082c882bd95fb82cc0a090909090909917a919c82e082c282a982c882a2926e8d9682aa91d282c182c482a282e98149
D00905	97ab97ed817582b982a282ba82a2814082c282a982cc82dc82cc96bd82f00a90c982b582de82aa82a282a282ed8149	E8000:963=97ab97ed817582b982a282ba82a2814082c282a982cc82dc82cc96bd82f00a09090909090990c982b582de82aa82a282a282ed8149
D00906	8347838a834a8175835a838a834a8149	E8000:9A5
D00907	835a838a834a81758347838a834a976c8149814082b29053947a82a882a982af82b582c40a905c82b596f382a082e882dc82b982f182c582b582bd81638163	E8000:9C2=835a838a834a81758347838a834a976c8149814082b29053947a82a882a982af82b582c40a090909090909905c82b596f382a082e882dc82b982f182c582b582bd81638163
D00908	8347838a834a817582a282a282cc82e6816381630a82a082c882bd82aa96b38e9682c882e782ce814082bb82ea82c581638163	E8000:A14=8347838a834a817582a282a282cc82e6816381630a09090909090982a082c882bd82aa96b38e9682c882e782ce814082bb82ea82c581638163
D00909	838683698175967b939682c982e682a982c182bd81638163	E8000:A5A
D00910	837c838a838a815b8369817582b182ea82a982e782cc90ed82a282cd0a82b382e782c98cb582b582ad82c882e982cd82b88149	E8000:A7F=837c838a838a815b8369817582b182ea82a982e782cc90ed82a282cd0a09090909090982b382e782c98cb582b582ad82c882e982cd82b88149
D00911	837e8354834c817582c582e0814082b182b182c50a97a782bf8e7e82dc82c182c482e782ea82c882a28149	E8000:AC5=837e8354834c817582c582e0814082b182b182c50a09090909090997a782bf8e7e82dc82c182c482e782ea82c882a28149
D00912	817582b182cc82dc82dc82c582cd8140926e8b8582cc8177935689ce817882f00a8e7e82df82e982b182c682cd82c582ab82c882a28149	E8000:B03=817582b182cc82dc82dc82c582cd8140926e8b8582cc8177935689ce817882f00a0909090909098e7e82df82e982b182c682cd82c582ab82c882a28149
D00913	8386815b838a83428175958982af82e782ea82c882a282c582b782a39873	E8000:B4D
D00914	83868369817582e6815b815b82b5814082dd82f182c8815b815b82c10a82b182cc92b28e7182c58140834b8393834b839382a282ad82ed82e6815b815b82c18149	E8000:B78=83868369817582e6815b815b82b5814082dd82f182c8815b815b82c10a09090909090982b182cc92b28e7182c58140834b8393834b839382a282ad82ed82e6815b815b82c18149
D00915	83868369817582cb82a582cb82a58140837e8354834c82bf82e182f10a8b408a4289bb986690af82cd814082a082c682c782cc82ad82e782a282c882cc8148	F0000:C5=83868369817582cb82a582cb82a58140837e8354834c82bf82e182f10a0909090909098b408a4289bb986690af82cd814082a082c682c782cc82ad82e782a282c882cc8148
D00916	837e8354834c817582a082c694bc95aa82c182c482c682b182eb82cb81630a82c582e08b408a4289bb986690af82cc914f82c988ea82c2814082c682c482e00a82e282c182a982a282c8934782aa82a282e982cc8163	F0000:116=837e8354834c817582a082c694bc95aa82c182c482c682b182eb82cb81630a09090909090982c582e08b408a4289bb986690af82cc914f82c988ea82c2814082c682c482e00a09090909090982e282c182a982a282c8934782aa82a282e982cc8163
D00917	9591817582e282c182a982a282c893478148	F0000:184
D00918	837e8354834c817582b182ea82aa82bb82a481630a934782cc88da93ae97768dc781408177935690af817882e68149	F0000:1BF=837e8354834c817582b182ea82aa82bb82a481630a090909090909934782cc88da93ae97768dc781408177935690af817882e68149
D00919	837e8354834c81758cb3815882cd986690af8a4a91f1977082cc0a83588379815b83588352838d836a815b82be82c182bd82e782b582a282ed8163	F0000:20B=837e8354834c81758cb3815882cd986690af8a4a91f1977082cc0a09090909090983588379815b83588352838d836a815b82be82c182bd82e782b582a282ed8163
D00920	817582bb82ea82f08b408a4289bb92e98d9182aa8fe682c18ee682c182c40a89fc91a282b582bd82cc82aa81408352838c82c882cc8149	F0000:258=817582bb82ea82f08b408a4289bb92e98d9182aa8fe682c18ee682c182c40a09090909090989fc91a282b582bd82cc82aa81408352838c82c882cc8149
D00921	837e8354834c81759590919589bb82b582bd935690af82cd0a8d8282a28b4093ae97cd82c68bad91e582c88d558c8297cd82f08e9d82c20a82dc82b382c9817793ef8d559573978e82cc97768dc7817882e68149	F0000:2AC=837e8354834c81759590919589bb82b582bd935690af82cd0a0909090909098d8282a28b4093ae97cd82c68bad91e582c88d558c8297cd82f08e9d82c20a09090909090982dc82b382c9817793ef8d559573978e82cc97768dc7817882e68149
D00922	837c838a838a815b8369817582b182cc97768dc782f091ab82aa82a982e882c90a91bc82cc986690af82f0904e97aa82b582c482a282e982c182c496f382cb81630a82e082b582a982b582bd82e7814082b182b182aa837e83548343838b82cc8163	F0000:318=837c838a838a815b8369817582b182cc97768dc782f091ab82aa82a982e882c90a09090909090991bc82cc986690af82f0904e97aa82b582c482a282e982c182c496f382cb81630a09090909090982e082b582a982b582bd82e7814082b182b182aa837e83548343838b82cc8163
D00923	8347838b8369815b817582a682a6814088ca9275934982c98d6c82a682c482e00a82b182b182aa837e83548343838b82cc94ad8ecb837c83438393836782c582a082e90a89c2945c90ab82aa94f18fed82c98d8282a282c582b78149	F0000:392=8347838b8369815b817582a682a6814088ca9275934982c98d6c82a682c482e00a09090909090982b182b182aa837e83548343838b82cc94ad8ecb837c83438393836782c582a082e90a09090909090989c2945c90ab82aa94f18fed82c98d8282a282c582b78149
D00924	8347838a834a817582bb82ea82c9814082b182cc8efc95d382a982e782c882e70a926e8b8582d682cc9364946782f08ed582e9837583898362834e837a815b838b82e00a91e58b4b96cd82c8986690af91d182e082c882a28163	F0000:411=8347838a834a817582bb82ea82c9814082b182cc8efc95d382a982e782c882e70a090909090909926e8b8582d682cc9364946782f08ed582e9837583898362834e837a815b838b82e00a09090909090991e58b4b96cd82c8986690af91d182e082c882a28163
D00925	97ed94fc8175837e83548343838b82f090a78ce482b782e982c982cd0a82a482c182c482c282af8341838b82cb8163	F0000:483=97ed94fc8175837e83548343838b82f090a78ce482b782e982c982cd0a09090909090982a482c182c482c282af8341838b82cb8163
D00926	9591817582bb82ea82b682e182a08140838683690a837e8389815b8357838582c982c582e0978a82f182c58177935690af817882f00a82d482c189f382b582bf82e182a282c882b382a282e68149	F0000:4C4=9591817582bb82ea82b682e182a08140838683690a090909090909837e8389815b8357838582c982c582e0978a82f182c58177935690af817882f00a09090909090982d482c189f382b582bf82e182a282c882b382a282e68149
D00927	94928d81817582dc814091d282c182c482ad82be82b382a28149	F0000:535
D00928	83868369817582c782a482b582bd82cc814094928d818148	F0000:55B
D00929	94928d81817582a082bb82b182c982cd816382a082bb82b182c982cd814082dc82be0a8e4f8cab8b4082cc8bbe96be976c82aa82a282e782c182b582e182e982f182c582b78149	F0000:57F=94928d81817582a082bb82b182c982cd816382a082bb82b182c982cd814082dc82be0a0909090909098e4f8cab8b4082cc8bbe96be976c82aa82a282e782c182b582e182e982f182c582b78149
D00930	81758e4f8cab8b4082aa88ea906c82c582e08c8782af82c482b582dc82c182bd82e70a8b408a4289bb8d6392e982f081408dc482d1959588f382b782e982b182c682aa0a82c582ab82c882ad82c882c182c482b582dc82a282dc82b78149	F0000:5E3=81758e4f8cab8b4082aa88ea906c82c582e08c8782af82c482b582dc82c182bd82e70a0909090909098b408a4289bb8d6392e982f081408dc482d1959588f382b782e982b182c682aa0a09090909090982c582ab82c882ad82c882c182c482b582dc82a282dc82b78149
D00931	83868369817594928d81816381778e4f8cab8b40817882c182c48148	F0000:659
D00932	94928d81817582cd82a281638163817794928d6392e981458bca89d8976c81780a817789458fe5918a81458bbe96be976c8178816382bb82b582c40a81778db68fe5918a81458c959650976c81788163	F0000:68C=94928d81817582cd82a281638163817794928d6392e981458bca89d8976c81780a090909090909817789458fe5918a81458bbe96be976c8178816382bb82b582c40a09090909090981778db68fe5918a81458c959650976c81788163
D00933	81758e4f906c82cc97458ed281778e4f8cab8b40817882cd0a89e482e781408b408a42906c82cc915082cc8db08163	F0000:6F4=81758e4f906c82cc97458ed281778e4f8cab8b40817882cd0a09090909090989e482e781408b408a42906c82cc915082cc8db08163
D00934	817590e682cc90ed82a282cc8e9e82e0814094de82e782cc97cd82c982e682c182c40a8b408a4289bb8d6392e982cd959588f382b382ea82bd82cc82c582b78163	F0000:735=817590e682cc90ed82a282cc8e9e82e0814094de82e782cc97cd82c982e682c182c40a0909090909098b408a4289bb8d6392e982cd959588f382b382ea82bd82cc82c582b78163
D00935	9591817582b682e182a0814082c882f182c5814082a082f182c88b408a4289bb8d6392e90a82dd82bd82a282c8836f834a835e838c82aa83738393837383930a82b582c482f182cc82e682a79874	F0000:793=9591817582b682e182a0814082c882f182c5814082a082f182c88b408a4289bb8d6392e90a09090909090982dd82bd82a282c8836f834a835e838c82aa83738393837383930a09090909090982b582c482f182cc82e682a79874
D00936	94928d81817582bb82ea82cd81638163959588f382aa816381630a817789bd82e782a982cc97cd817882c982e682c182c481408a4f82a982e70a946a82e782ea82c482b582dc82c182bd82a982e782c582b78163	F0000:804=94928d81817582bb82ea82cd81638163959588f382aa816381630a090909090909817789bd82e782a982cc97cd817882c982e682c182c481408a4f82a982e70a090909090909946a82e782ea82c482b582dc82c182bd82a982e782c582b78163
D00937	817582bb82cc8b4082c98fe682b682c4814096a782a982c90a97cd82f0927e82a682c482a282bd8b408a4289bb8d6392e982cd0a959c8a8882b582c482b582dc82a282dc82b582bd8163	F0000:870=817582bb82cc8b4082c98fe682b682c4814096a782a982c90a09090909090997cd82f0927e82a682c482a282bd8b408a4289bb8d6392e982cd0a090909090909959c8a8882b582c482b582dc82a282dc82b582bd8163
D00938	817582bb82b582c481408352838d836a815b82cc906c815882f08f8282c982c682e80a93968e9e81408e778af682c982a082bd82c182c482a282bd81778bbe96be976c817882f00a90ed82a48e9682c882ad974895c282b582c482b582dc82c182bd82cc82c582b78163	F0000:8D2=817582bb82b582c481408352838d836a815b82cc906c815882f08f8282c982c682e80a09090909090993968e9e81408e778af682c982a082bd82c182c482a282bd81778bbe96be976c817882f00a09090909090990ed82a48e9682c882ad974895c282b582c482b582dc82c182bd82cc82c582b78163
D00939	837e834c817582c882e982d982c7816381638b408a4289bb8d6392e982cc0a82e282e882bb82a482c88e9682c582b782cb8149	F0000:954=837e834c817582c882e982d982c7816381638b408a4289bb8d6392e982cc0a09090909090982e282e882bb82a482c88e9682c582b782cb8149
D00940	83868369817582b682e182a081408da182a982e78f9582af82c98d7382b182a482e68149	F0000:9A4
D00941	94928d81817582a682c181638148	F0000:9D4
D00942	837d8352817582bb82a482bb82a481498140935690af82cd82c782c182bf82dd82bf0a92b482a682c882ab82e182a282af82c882a295c782be82b5834281630a82cb82a6816082c181408341835282bf82e182f19876	F0000:9F9=837d8352817582bb82a482bb82a481498140935690af82cd82c782c182bf82dd82bf0a09090909090992b482a682c882ab82e182a282af82c882a295c782be82b5834281630a09090909090982cb82a6816082c181408341835282bf82e182f19876
D00943	8341835281758bbe96be82b382f182f08f9582af8f6f82b982ea82ce0a8e84924282e090538bad82a282b5834281630a82cb82a6816082c18140837d835282bf82e182f19876	F0000:A67=8341835281758bbe96be82b382f182f08f9582af8f6f82b982ea82ce0a0909090909098e84924282e090538bad82a282b5834281630a09090909090982cb82a6816082c18140837d835282bf82e182f19876
D00944	8386815b838a8342817582a482dc82ad82a282c182bd82e70a8b408a4289bb8d6392e982b382f182cc937c82b595fb81408bb382a682c40a82e082e782a682e982a982e082b582ea82c882a282c582b782a38149	F0000:AD0=8386815b838a8342817582a482dc82ad82a282c182bd82e70a0909090909098b408a4289bb8d6392e982b382f182cc937c82b595fb81408bb382a682c40a09090909090982e082e782a682e982a982e082b582ea82c882a282c582b782a38149
D00945	8e8d9044817582bb82a482c582b782cb816081608160	F0000:B3C 298000:F1
D00946	837c838a838a815b836981759069984882f0935690af82c995cf8d588149	F0000:B69
D00947	8347838b8369815b817582ed82a982e882dc82b582bd9873	F0000:B93
D00948	94928d81817582a082cc8163814082c48140935690af82cd0a8bad97cd82c897768dc78163814082bb82f182c88ac8925082c982cd81638163	F0000:BB7=94928d81817582a082cc8163814082c48140935690af82cd0a0909090909098bad97cd82c897768dc78163814082bb82f182c88ac8925082c982cd81638163
D00949	83868369817591e58fe495768149814089bd82c682a982c882e982c182c49876	F0000:C0D
D00950	837e8354834c817582c682c982a982ad81408d7382c182c482dd82dc82b582e582a48149	F0000:C39
D00951	94928d81817582cd816382cd82a2987a	F0000:C74
D00952	88da93ae97768dc781408177935690af8178	F0000:CCA
D00953	83868369817582a482ed829f8163814082a082ea82aa935690af81480a82c8815b82f182a9949797cd82a082e982a381608149	F0000:CF3=83868369817582a482ed829f8163814082a082ea82aa935690af81480a09090909090982c8815b82f182a9949797cd82a082e982a381608149
D00954	8347838b8369815b817583868369816381400a8ab4905382b582c482e98fea8d8782b682e182a082e882dc82b982f181490a904e93fc82b782e995fb964082f08d6c82a682c882a282c68163	F0000:D38=8347838b8369815b817583868369816381400a0909090909098ab4905382b582c482e98fea8d8782b682e182a082e882dc82b982f181490a090909090909904e93fc82b782e995fb964082f08d6c82a682c882a282c68163
D00955	837e8354834c817590b396ca82a982e78d7382ad82a981630a97a091a482a982e78d7382ad82a981638163	F0000:D9C=837e8354834c817590b396ca82a982e78d7382ad82a981630a09090909090997a091a482a982e78d7382ad82a981638163
D00956	817582c782bf82e782c982b582eb814082b782f182c882e80a92ca82b582c482ad82ea82e982c682cd8e7682a682c882a282ed82cb8163	F0000:DD9=817582c782bf82e782c982b582eb814082b782f182c882e80a09090909090992ca82b582c482ad82ea82e982c682cd8e7682a682c882a282ed82cb8163
D00957	8347838a834a817582bb82ea82c882e7934782f09d98979082b782e982bd82df82c981400a93f18ee882c995aa82a982ea82c4904e93fc82b782e982c682a282a482cc82cd0a82c782a482a982b582e78148	F0000:E2D=8347838a834a817582bb82ea82c882e7934782f09d98979082b782e982bd82df82c981400a09090909090993f18ee882c995aa82a982ea82c4904e93fc82b782e982c682a282a482cc82cd0a09090909090982c782a482a982b582e78148
D00958	837c838a838a815b8369817582a282a288c482cb814981408e5e90ac82e68149	F0000:E97
D00959	8347838b8369815b817590b396ca82c697a091a481630a8386836982cc8360815b838082c6837c838a838a815b836982cc8360815b838082c90a95aa82a982ea82c48d7393ae82b582dc82b582e582a48149	F0000:EC3=8347838b8369815b817590b396ca82c697a091a481630a0909090909098386836982cc8360815b838082c6837c838a838a815b836982cc8360815b838082c90a09090909090995aa82a982ea82c48d7393ae82b582dc82b582e582a48149
D00960	837c838a838a815b8369817582bb82ea82b682e182a08140838683690a97bc8360815b838082cc83818393836f815b82f08c8882df82c48149	F0000:F2D=837c838a838a815b8369817582bb82ea82b682e182a08140838683690a09090909090997bc8360815b838082cc83818393836f815b82f08c8882df82c48149
D00961	8347838b8369815b81758386836981498140928682c58da282e782c882a282e682a40a90ed97cd82cd8bcf939982c995aa82af82e995fb82aa82a282a282c582b782e69873	F0000:F78=8347838b8369815b81758386836981498140928682c58da282e782c882a282e682a40a09090909090990ed97cd82cd8bcf939982c995aa82af82e995fb82aa82a282a282c582b782e69873
D00962	83868369817582a48160816082f1987a0a82c7815b82b582e682a482a982c8829f816381638148	F0000:FCF=83868369817582a48160816082f1987a0a09090909090982c7815b82b582e682a482a982c8829f816381638148
D00963	837c838a838a815b836981758c8882dc82c182bd82dd82bd82a282cb81490a928682c582a882bf82a082a282dc82b582e58163	100000:11=837c838a838a815b836981758c8882dc82c182bd82dd82bd82a282cb81490a090909090909928682c582a882bf82a082a282dc82b582e58163
D00964	838683698175837c838a838a815b8369976c8160987a0a82e282c182cf82e897a382ea82ce82c882ea82cd81408343838481608393987a	100000:73=838683698175837c838a838a815b8369976c8160987a0a09090909090982e282c182cf82e897a382ea82ce82c882ea82cd81408343838481608393987a
D00965	9591817582c8816082c981408382835e8382835e82b582c482f182cc82e682a798740a82b382a0814082dd82f182c8814981408d7382ad82ed82e682a78149	100000:BC=9591817582c8816082c981408382835e8382835e82b582c482f182cc82e682a798740a09090909090982b382a0814082dd82f182c8814981408d7382ad82ed82e682a78149
D00966	83868369817582a0814082a082ea82cd98740a82c782a482b582c4949a94ad82b582bf82e182c182bd82cc8148	108000:16=83868369817582a0814082a082ea82cd98740a09090909090982c782a482b582c4949a94ad82b582bf82e182c182bd82cc8148
D00967	8347838b8369815b817582c782a482e282e7814082a082ea82cd0a935690af82f08ee782e981408c7894f5897190af82cc82e682a482c582b782cb8163	108000:56=8347838b8369815b817582c782a482e282e7814082a082ea82cd0a090909090909935690af82f08ee782e981408c7894f5897190af82cc82e682a482c582b782cb8163
D00968	81758d558c8294cd88cd82c993fc82c182bd95a891cc82f00a934782c682dd82c882b782c6814088ea95fb934982c90a8d558c8282f082b582a982af82c482ad82e98163	108000:A6=81758d558c8294cd88cd82c993fc82c182bd95a891cc82f00a090909090909934782c682dd82c882b782c6814088ea95fb934982c90a0909090909098d558c8282f082b582a982af82c482ad82e98163
D00969	8175934795ba8e6d82aa949a94ad82b582bd82cc82c9814089bd82e00a89658bbf82f08ef382af82c482a282c882a282c682b182eb82f08ca982e982c60a946a89f382b782e982b182c682e082c582ab82c882a28163	108000:103=8175934795ba8e6d82aa949a94ad82b582bd82cc82c9814089bd82e00a09090909090989658bbf82f08ef382af82c482a282c882a282c682b182eb82f08ca982e982c60a090909090909946a89f382b782e982b182c682e082c582ab82c882a28163
D00970	83868369817582c782a482b582e682a481600a82b182cc82dc82dc82b682e18140906982df82c882a282e68160987a	108000:172=83868369817582c782a482b582e682a481600a09090909090982b182cc82dc82dc82b682e18140906982df82c882a282e68160987a
D00971	8347838b8369815b8175838683698140897190af82cc93ae82ab95fb82f00a82e6815b82ad81408ca982e982f182c582b78149	108000:1B4=8347838b8369815b8175838683698140897190af82cc93ae82ab95fb82f00a09090909090982e6815b82ad81408ca982e982f182c582b78149
D00972	8175897190af82cd81408b4b91a5934982c893ae82ab95fb82b582a982b582c882a281630a954b82b8814092ca82e894b282af82e982b182c682aa82c582ab82e90a93b982aa82a082e982cd82b882c582b78163	108000:1FA=8175897190af82cd81408b4b91a5934982c893ae82ab95fb82b582a982b582c882a281630a090909090909954b82b8814092ca82e894b282af82e982b182c682aa82c582ab82e90a09090909090993b982aa82a082e982cd82b882c582b78163
D00973	8347838b8369815b8175899c82c982a082e90a89469288914483688362834e82dc82c5906982df82ce0a935690af93e0959482c9904e93fc82c582ab82dc82b78149	108000:267=8347838b8369815b8175899c82c982a082e90a09090909090989469288914483688362834e82dc82c5906982df82ce0a090909090909935690af93e0959482c9904e93fc82c582ab82dc82b78149
D00974	83868369817582ed82a982c182bd82ed81408347838b8369815b81490a82dd82f182c8814082e282c182c482dd82e682a49873	108000:2C2=83868369817582ed82a982c182bd82ed81408347838b8369815b81490a09090909090982dd82f182c8814082e282c182c482dd82e682a49873
D00975	83868369817582e282e782ea82bf82e182c182bd816381630a82dd82f182c8814082b282df82f182cb8163	108000:742=83868369817582e282e782ea82bf82e182c182bd816381630a0909090909090909090909090982dd82f182c8814082b282df82f182cb8163 120000:713=83868369817582e282e782ea82bf82e182c182bd816381630a0909090909090909090909090982dd82f182c8814082b282df82f182cb8163 138000:61D=83868369817582e282e782ea82bf82e182c182bd816381630a0909090909090909090909090982dd82f182c8814082b282df82f182cb8163 148000:512=83868369817582e282e782ea82bf82e182c182bd816381630a0909090909090909090909090982dd82f182c8814082b282df82f182cb8163 188000:939=83868369817582e282e782ea82bf82e182c182bd816381630a0909090909090909090909090982dd82f182c8814082b282df82f182cb8163 198000:5A8=83868369817582e282e782ea82bf82e182c182bd816381630a0909090909090909090909090982dd82f182c8814082b282df82f182cb8163 1A0000:8CC=83868369817582e282e782ea82bf82e182c182bd816381630a0909090909090909090909090982dd82f182c8814082b282df82f182cb8163 1E0000:C95=83868369817582e282e782ea82bf82e182c182bd816381630a0909090909090909090909090982dd82f182c8814082b282df82f182cb8163 220000:85C=83868369817582e282e782ea82bf82e182c182bd816381630a0909090909090909090909090982dd82f182c8814082b282df82f182cb8163 228000:9B5=83868369817582e282e782ea82bf82e182c182bd816381630a0909090909090909090909090982dd82f182c8814082b282df82f182cb8163 238000:A88=83868369817582e282e782ea82bf82e182c182bd816381630a09090909090909090909090982dd82f182c8814082b282df82f182cb8163 240000:B54=83868369817582e282e782ea82bf82e182c182bd816381630a0909090909090909090909090982dd82f182c8814082b282df82f182cb8163 278000:C56=83868369817582e282e782ea82bf82e182c182bd816381630a0909090909090909090909090982dd82f182c8814082b282df82f182cb8163 2C8000:5E1=83868369817582e282e782ea82bf82e182c182bd816381630a0909090909090909090909090982dd82f182c8814082b282df82f182cb8163 2D8000:7CE=83868369817582e282e782ea82bf82e182c182bd816381630a0909090909090909090909090982dd82f182c8814082b282df82f182cb8163 300000:C84=83868369817582e282e782ea82bf82e182c182bd816381630a0909090909090909090909090982dd82f182c8814082b282df82f182cb8163 308000:90A=83868369817582e282e782ea82bf82e182c182bd816381630a0909090909090909090909090982dd82f182c8814082b282df82f182cb8163 310000:952=83868369817582e282e782ea82bf82e182c182bd816381630a0909090909090909090909090982dd82f182c8814082b282df82f182cb8163 340000:76F=83868369817582e282e782ea82bf82e182c182bd816381630a0909090909090909090909090982dd82f182c8814082b282df82f182cb8163 350000:76F=83868369817582e282e782ea82bf82e182c182bd816381630a0909090909090909090909090982dd82f182c8814082b282df82f182cb8163 360000:76F=83868369817582e282e782ea82bf82e182c182bd816381630a0909090909090909090909090982dd82f182c8814082b282df82f182cb8163 370000:76F=83868369817582e282e782ea82bf82e182c182bd816381630a0909090909090909090909090982dd82f182c8814082b282df82f182cb8163 388000:D67=83868369817582e282e782ea82bf82e182c182bd816381630a0909090909090909090909090982dd82f182c8814082b282df82f182cb8163 398000:8E6=83868369817582e282e782ea82bf82e182c182bd816381630a09090909090909090909090982dd82f182c8814082b282df82f182cb8163 3B0000:80C=83868369817582e282e782ea82bf82e182c182bd816381630a0909090909090909090909090982dd82f182c8814082b282df82f182cb8163 3B8000:7EA=83868369817582e282e782ea82bf82e182c182bd816381630a0909090909090909090909090982dd82f182c8814082b282df82f182cb8163 3C0000:7C9=83868369817582e282e782ea82bf82e182c182bd816381630a0909090909090909090909090982dd82f182c8814082b282df82f182cb8163 3E8000:B23=83868369817582e282e782ea82bf82e182c182bd816381630a09090909090909090909090982dd82f182c8814082b282df82f182cb8163 3F0000:7C0=83868369817582e282e782ea82bf82e182c182bd816381630a0909090909090909090909090982dd82f182c8814082b282df82f182cb8163 400000:7D4=83868369817582e282e782ea82bf82e182c182bd816381630a0909090909090909090909090982dd82f182c8814082b282df82f182cb8163 408000:7DC=83868369817582e282e782ea82bf82e182c182bd816381630a0909090909090909090909090982dd82f182c8814082b282df82f182cb8163
D00976	835a838a834a817582a082bd82a282e08384834c82aa0a82dc82ed82c182bd82e082f182be835b8163	108000:796=835a838a834a817582a082bd82a282e08384834c82aa0a09090909090909090909090982dc82ed82c182bd82e082f182be835b8163 110000:656=835a838a834a817582a082bd82a282e08384834c82aa0a09090909090909090909090982dc82ed82c182bd82e082f182be835b8163 120000:6C2=835a838a834a817582a082bd82a282e08384834c82aa0a09090909090909090909090982dc82ed82c182bd82e082f182be835b8163 138000:5CC=835a838a834a817582a082bd82a282e08384834c82aa0a09090909090909090909090982dc82ed82c182bd82e082f182be835b8163 148000:4C1=835a838a834a817582a082bd82a282e08384834c82aa0a09090909090909090909090982dc82ed82c182bd82e082f182be835b8163 158000:4C7=835a838a834a817582a082bd82a282e08384834c82aa0a09090909090909090909090982dc82ed82c182bd82e082f182be835b8163 188000:874=835a838a834a817582a082bd82a282e08384834c82aa0a09090909090909090909090982dc82ed82c182bd82e082f182be835b8163 198000:4E3=835a838a834a817582a082bd82a282e08384834c82aa0a09090909090909090909090982dc82ed82c182bd82e082f182be835b8163 1A0000:795=835a838a834a817582a082bd82a282e08384834c82aa0a09090909090909090909090982dc82ed82c182bd82e082f182be835b8163 1A8000:63E=835a838a834a817582a082bd82a282e08384834c82aa0a09090909090909090909090982dc82ed82c182bd82e082f182be835b8163 1E0000:B5E=835a838a834a817582a082bd82a282e08384834c82aa0a09090909090909090909090982dc82ed82c182bd82e082f182be835b8163 200000:756=835a838a834a817582a082bd82a282e08384834c82aa0a09090909090909090909090982dc82ed82c182bd82e082f182be835b8163 220000:6B3=835a838a834a817582a082bd82a282e08384834c82aa0a09090909090909090909090982dc82ed82c182bd82e082f182be835b8163 228000:80C=835a838a834a817582a082bd82a282e08384834c82aa0a09090909090909090909090982dc82ed82c182bd82e082f182be835b8163 238000:86B=835a838a834a817582a082bd82a282e08384834c82aa0a09090909090909090909090982dc82ed82c182bd82e082f182be835b8163 240000:931=835a838a834a817582a082bd82a282e08384834c82aa0a09090909090909090909090982dc82ed82c182bd82e082f182be835b8163 278000:947=835a838a834a817582a082bd82a282e08384834c82aa0a09090909090909090909090982dc82ed82c182bd82e082f182be835b8163 290000:40D=835a838a834a817582a082bd82a282e08384834c82aa0a09090909090909090909090982dc82ed82c182bd82e082f182be835b8163 2D8000:4BF=835a838a834a817582a082bd82a282e08384834c82aa0a09090909090909090909090982dc82ed82c182bd82e082f182be835b8163 2F0000:3B5=835a838a834a817582a082bd82a282e08384834c82aa0a09090909090909090909090982dc82ed82c182bd82e082f182be835b8163 300000:975=835a838a834a817582a082bd82a282e08384834c82aa0a09090909090909090909090982dc82ed82c182bd82e082f182be835b8163 308000:5FB=835a838a834a817582a082bd82a282e08384834c82aa0a09090909090909090909090982dc82ed82c182bd82e082f182be835b8163 310000:643=835a838a834a817582a082bd82a282e08384834c82aa0a09090909090909090909090982dc82ed82c182bd82e082f182be835b8163 340000:460=835a838a834a817582a082bd82a282e08384834c82aa0a09090909090909090909090982dc82ed82c182bd82e082f182be835b8163 350000:460=835a838a834a817582a082bd82a282e08384834c82aa0a09090909090909090909090982dc82ed82c182bd82e082f182be835b8163 360000:460=835a838a834a817582a082bd82a282e08384834c82aa0a09090909090909090909090982dc82ed82c182bd82e082f182be835b8163 370000:460=835a838a834a817582a082bd82a282e08384834c82aa0a09090909090909090909090982dc82ed82c182bd82e082f182be835b8163 388000:A58=835a838a834a817582a082bd82a282e08384834c82aa0a09090909090909090909090982dc82ed82c182bd82e082f182be835b8163 398000:5D7=835a838a834a817582a082bd82a282e08384834c82aa0a09090909090909090909090982dc82ed82c182bd82e082f182be835b8163 3A8000:45D=835a838a834a817582a082bd82a282e08384834c82aa0a09090909090909090909090982dc82ed82c182bd82e082f182be835b8163 3B0000:4FD=835a838a834a817582a082bd82a282e08384834c82aa0a09090909090909090909090982dc82ed82c182bd82e082f182be835b8163 3B8000:4DB=835a838a834a817582a082bd82a282e08384834c82aa0a09090909090909090909090982dc82ed82c182bd82e082f182be835b8163 3C0000:4BA=835a838a834a817582a082bd82a282e08384834c82aa0a09090909090909090909090982dc82ed82c182bd82e082f182be835b8163 3E8000:814=835a838a834a817582a082bd82a282e08384834c82aa0a09090909090909090909090982dc82ed82c182bd82e082f182be835b8163 3F0000:4B1=835a838a834a817582a082bd82a282e08384834c82aa0a09090909090909090909090982dc82ed82c182bd82e082f182be835b8163 400000:4C5=835a838a834a817582a082bd82a282e08384834c82aa0a09090909090909090909090982dc82ed82c182bd82e082f182be835b8163 408000:4CD=835a838a834a817582a082bd82a282e08384834c82aa0a09090909090909090909090982dc82ed82c182bd82e082f182be835b8163
D00977	817582648272826f8356815b838b836882aa92a382e782ea82c482a282c40a8365838c837c815b836782c582ab82c882a28149	108000:7E0=817582648272826f8356815b838b836882aa92a382e782ea82c482a282c40a0909090909098365838c837c815b836782c582ab82c882a28149 110000:6EB=817582648272826f8356815b838b836882aa92a382e782ea82c482a282c40a0909090909098365838c837c815b836782c582ab82c882a28149 120000:758=817582648272826f8356815b838b836882aa92a382e782ea82c482a282c40a0909090909098365838c837c815b836782c582ab82c882a28149 170000:39A=817582648272826f8356815b838b836882aa92a382e782ea82c482a282c40a0909090909098365838c837c815b836782c582ab82c882a28149 188000:97E=817582648272826f8356815b838b836882aa92a382e782ea82c482a282c40a0909090909098365838c837c815b836782c582ab82c882a28149 200000:93C=817582648272826f8356815b838b836882aa92a382e782ea82c482a282c40a0909090909098365838c837c815b836782c582ab82c882a28149 220000:8F0=817582648272826f8356815b838b836882aa92a382e782ea82c482a282c40a0909090909098365838c837c815b836782c582ab82c882a28149 238000:ACC=817582648272826f8356815b838b836882aa92a382e782ea82c482a282c40a0909090909098365838c837c815b836782c582ab82c882a28149 240000:B99=817582648272826f8356815b838b836882aa92a382e782ea82c482a282c40a0909090909098365838c837c815b836782c582ab82c882a28149 310000:997=817582648272826f8356815b838b836882aa92a382e782ea82c482a282c40a0909090909098365838c837c815b836782c582ab82c882a28149
D00978	83868369817589bd82c682a90a92ca82e894b282af82e782ea82bd82ed82cb8149	108000:88B=83868369817589bd82c682a90a09090909090992ca82e894b282af82e782ea82bd82ed82cb8149
D00979	8347838b8369815b817582dd82c882b382f10a8b4382f082c282af82c482ad82be82b382a281490a82a282e682a282e68140935690af82cc928682c993fc82e882dc82b78149	108000:8BF=8347838b8369815b817582dd82c882b382f10a0909090909098b4382f082c282af82c482ad82be82b382a281490a09090909090982a282e682a282e68140935690af82cc928682c993fc82e882dc82b78149
D00980	837c838a838a815b8369817582b182ea82aa935690af82cc928681638163	110000:16
D00981	817582e282cd82e8814091d282bf959a82b982a9816381630a88ab82a282af82c7814082bb82c182bf82cc8e7682a292ca82e882c982cd0a82c882e782c882a282ed8149	110000:41=817582e282cd82e8814091d282bf959a82b982a9816381630a09090909090988ab82a282af82c7814082bb82c182bf82cc8e7682a292ca82e882c982cd0a09090909090982c882e782c882a282ed8149
D00982	837c838a838a815b8369817582c882e982d982c7814082a082ea82aa0a835883438362836082c982c882c182c482e982ed82af82cb8163	110000:B0=837c838a838a815b8369817582c882e982d982c7814082a082ea82aa0a090909090909835883438362836082c982c882c182c482e982ed82af82cb8163
D00983	837c838a838a815b8369817582dd82f182c80a82dc82b882cd814082a082cc8e6c82c282cc835883438362836082f08a6d95db82b582c40a8351815b836782f08a4a82ad82cc82e69873	110000:FA=837c838a838a815b8369817582dd82f182c80a09090909090982dc82b882cd814082a082cc8e6c82c282cc835883438362836082f08a6d95db82b582c40a0909090909098351815b836782f08a4a82ad82cc82e69873
D00984	837c838a838a815b8369817582a082f182c88f8a82c982e0934782aa9874	110000:19C
D00985	817582ed82a982c182bd82ed81490a82a082a282c282aa899c82cc94e082cc0a835883438362836082f08ee782c182c482e982cc82cb8149	110000:1C7=817582ed82a982c182bd82ed81490a090909090909090982a082a282c282aa899c82cc94e082cc0a0909090909090909835883438362836082f08ee782c182c482e982cc82cb8149
D00986	837c838a838a815b8369817595738a6f816381630a83868369814082b282df82f182c882b382a281638163	110000:6A7=837c838a838a815b8369817595738a6f816381630a09090909090909090909090983868369814082b282df82f182c882b382a281638163 158000:518=837c838a838a815b8369817595738a6f816381630a09090909090909090909090983868369814082b282df82f182c882b382a281638163 170000:356=837c838a838a815b8369817595738a6f816381630a09090909090909090909090983868369814082b282df82f182c882b382a281638163 280000:143=837c838a838a815b8369817595738a6f816381630a0909090909090909090909090983868369814082b282df82f182c882b382a281638163
D00987	837c838a838a815b8369817582dc82b882cd91e688ea8ad696e593cb946a82cb81630a82dd82f182c8814096fb926682b582c882a282c581490a82b182b182a982e782aa8140967b94d482cc90ed82a282c982c882e982ed82e69873	110000:725=837c838a838a815b8369817582dc82b882cd91e688ea8ad696e593cb946a82cb81630a09090909090982dd82f182c8814096fb926682b582c882a282c581490a09090909090982b182b182a982e782aa8140967b94d482cc90ed82a282c982c882e982ed82e69873
D00988	83868369817582b882a282d482f181408d4c82a28367835282be82cb82a58163	118000:86
D00989	817582ed82af82cc814082ed82a982e782c882a295a882aa0a82bd82ad82b382f182a082e982b5814082b382b782aa97768dc782c182c40a82a282a482be82af82a082e982e682cb82a58163	118000:B3=817582ed82af82cc814082ed82a982e782c882a295a882aa0a09090909090982bd82ad82b382f182a082e982b5814082b382b782aa97768dc782c182c40a09090909090982a282a482be82af82a082e982e682cb82a58163
D00990	8347838b8369815b8175838683698149814082a082f182c882c682b182eb82c90a8352839383738385815b835e815b82aa82a082e882dc82b79873	118000:118=8347838b8369815b8175838683698149814082a082f182c882c682b182eb82c90a0909090909098352839383738385815b835e815b82aa82a082e882dc82b79873
D00991	83868369817583478377837798760a835883438362836093fc82ea82c482dd82e682c182c68149	118000:166=83868369817583478377837798760a090909090909835883438362836093fc82ea82c482dd82e682c182c68149
D00992	8175838683698163814095b782b182a682e98148	118000:1A0
D00993	838683698175838a8140838a8385815b83668342834182b382f19874	118000:1C1
D00994	838a8385815b836683428341817583868369816381630a904e93fc82c990ac8cf782b582bd82dd82bd82a282cb8163	118000:1F5=838a8385815b836683428341817583868369816381630a090909090909904e93fc82c990ac8cf782b582bd82dd82bd82a282cb8163
D00995	81758da181408bad90a7934982c90a934782cc89f190fc82c981408a8482e88d9e82f182c582dd82bd82cc8163	118000:237=81758da181408bad90a7934982c90a090909090909934782cc89f190fc82c981408a8482e88d9e82f182c582dd82bd82cc8163
D00996	817582b182ea82c58cf0904d82cd81408349815b8350815b82cb81630a82b182a482a282a48352839383738385815b835e815b82aa82a082c182bd82e70a8e8482c98341834e835a835882b582c48149	118000:277=817582b182ea82c58cf0904d82cd81408349815b8350815b82cb81630a09090909090982b182a482a282a48352839383738385815b835e815b82aa82a082c182bd82e70a0909090909098e8482c98341834e835a835882b582c48149
D00997	81758366815b835e82cc8b4c985e82e2814082a8948382a295a882cd0a82b182b182c5814082c582ab82e982a982e7816381630a8386836981408c9293ac82f082a88b4682e882b582c482a282e982ed8149	118000:2E0=81758366815b835e82cc8b4c985e82e2814082a8948382a295a882cd0a09090909090982b182b182c5814082c582ab82e982a982e7816381630a0909090909098386836981408c9293ac82f082a88b4682e882b582c482a282e982ed8149
D00998	83868369817582a082e882aa82c682a48140838a8385815b83668342834182b382f18149	118000:34B
D00999	8347838b8369815b81758e4582b382ea82bd81408b408a42906c924282cc8e638a5b8163	120000:88
D01000	83868369817582c782a482b582c4814082b182f182c882b182c682f081630a93af82b68b408a42906c82c9814095cf82ed82e882c882a282cd82b882c882cc82c981630a82bb82ea82f0816382bb82ea82f081638163	120000:B9=83868369817582c782a482b582c4814082b182f182c882b182c682f081630a090909090909090993af82b68b408a42906c82c9814095cf82ed82e882c882a282cd82b882c882cc82c981630a090909090909090982bb82ea82f0816382bb82ea82f081638163
D01001	83868369817582b282df82f182cb816381630a8f9582af82c482a082b082e782ea82c882ad82c481638163	120000:12C=83868369817582b282df82f182cb816381630a09090909090909098f9582af82c482a082b082e782ea82c882ad82c481638163
D01002	838683698175838f815b815b815b836281490a82a0814082a0814082a082bd82b598740a82a682a682c19874	120000:190=838683698175838f815b815b815b836281490a090909090909090982a0814082a0814082a082bd82b598740a090909090909090982a682a682c19874
D01003	8347838b8369815b817582b182ea82cd814083868369924282cc945c97cd82f00a96cd95ed82b582bd83528373815b838d837b8362836798740a8b4382f082c282af82c482ad82be82b382a281498140838683698149	120000:1D9=8347838b8369815b817582b182ea82cd814083868369924282cc945c97cd82f00a090909090909090996cd95ed82b582bd83528373815b838d837b8362836798740a09090909090909098b4382f082c282af82c482ad82be82b382a281498140838683698149
D01004	83868369817582a6816082c18149814082a082bd82b582c690ed82a482cc8160987a	120000:24C
D01005	83868369817582e282c182cf82e881408ea995aa82c690ed82a482cc82c182c40a8b4395aa88ab82a282ed82cb8160987a	120000:792=83868369817582e282c182cf82e881408ea995aa82c690ed82a482cc82c182c40a090909090909098b4395aa88ab82a282ed82cb8160987a
D01006	83868369817582a0816082f1987a0a82b182cc90e681408d7382af82c882a282e681608149	130000:2A=83868369817582a0816082f1987a0a09090909090982b182cc90e681408d7382af82c882a282e681608149
D01007	8347838b8369815b81758cfc82b182a491a482c90a835883438362836082aa814082a082e882dc82b782cb8163	130000:62=8347838b8369815b81758cfc82b182a491a482c90a090909090909835883438362836082aa814082a082e882dc82b782cb8163
D01008	817582a082ea82f0899f82b982ce0a9286899b82cc837483468393835882aa8a4a82ab82bb82a482c882f182c582b782aa8163	130000:A2=817582a082ea82f0899f82b982ce0a0909090909099286899b82cc837483468393835882aa8a4a82ab82bb82a482c882f182c582b782aa8163
D01009	8347838b8369815b817597768dc782cc8b4b96cd82a982e78d6c82a682e982c60a82b182b182e795d382aa81409286905388ca927582cc82e682a482c582b782cb8163	130000:E8=8347838b8369815b817597768dc782cc8b4b96cd82a982e78d6c82a682e982c60a09090909090982b182b182e795d382aa81409286905388ca927582cc82e682a482c582b782cb8163
D01010	8175837c838a838a815b8369924282f0814091d282bf82dc82b782a98148	130000:13E
D01011	827882648272	130000:169 180000:1E4
D01012	826d826e	130000:170 180000:1EB
D01013	83868369817582c882f182be82eb82a4814082b182cc959489ae81630a95ba91e082b382f182aa82a282e982be82af82c50a91bc82c982cd814082c882f182c982e082c882a282e68160	138000:3A=83868369817582c882f182be82eb82a4814082b182cc959489ae81630a0909090909090995ba91e082b382f182aa82a282e982be82af82c50a0909090909090991bc82c982cd814082c882f182c982e082c882a282e68160
D01014	8347838b8369815b81758ca982c482ad82be82b382a281408386836981490a899c82c994e082aa82a082e882dc82b78163	138000:9F=8347838b8369815b81758ca982c482ad82be82b382a281408386836981490a09090909090909899c82c994e082aa82a082e882dc82b78163
D01015	817582bd82d482f1814082a082cc95ba91e082cd0a899c82cc94e082f081408ee782c182c482a282e982cc82be82c68e7682a282dc82b78163	138000:E4=817582bd82d482f1814082a082cc95ba91e082cd0a09090909090909899c82cc94e082f081408ee782c182c482a282e982cc82be82c68e7682a282dc82b78163
D01016	83868369817582bb82c182a98163814082bb82ea82c882e70a82a082cc899c82c9814082c882c982aa82a082e982cc82a90a8a6d82a982df82c482dd82e682a48149	138000:131=83868369817582bb82c182a98163814082bb82ea82c882e70a0909090909090982a082cc899c82c9814082c882c982aa82a082e982cc82a90a090909090909098a6d82a982df82c482dd82e682a48149
D01017	83868369817583898362834c815b815b815b815b81490a82b182f182c882e082f181408ca982c282af82bf82e182c182bd829f8149	140000:54=83868369817583898362834c815b815b815b815b81490a0909090909090982b182f182c882e082f181408ca982c282af82bf82e182c182bd829f8149
D01018	8c928d4e928382f08a6c93be82b582bd	140000:9D
D01019	83868369817583898362834c815b815b815b815b81490a82b182f182c882e082f18ca982c282af82bf82e182c182bd829f8149	140000:AE=83868369817583898362834c815b815b815b815b81490a0909090909090982b182f182c882e082f18ca982c282af82bf82e182c182bd829f8149
D01020	836e815b83758347834c835882f08a6c93be82b582bd	140000:E9 1D0000:15F
D01021	835783838393837b83708374834682f08a6c93be82b582bd	140000:100 168000:9B
D01022	8347838b8369815b817582b182b182cd0a96cd8b5b90ed93ac82f08d7382a682e9959489ae82cc82e682a482c582b782cb81638163	148000:1D=8347838b8369815b817582b182b182cd0a0909090909090996cd8b5b90ed93ac82f08d7382a682e9959489ae82cc82e682a482c582b782cb81638163 3C0000:28=8347838b8369815b817582b182b182cd0a0909090909090996cd8b5b90ed93ac82f08d7382a682e9959489ae82cc82e682a482c582b782cb81638163
D01023	837c838a838a815b8369817582c882e982d982c70a82b182b182c595ba8aed82f0814090bb91a282b582c482a282e982cc82cb8163	150000:69=837c838a838a815b8369817582c882e982d982c70a0909090909090982b182b182c595ba8aed82f0814090bb91a282b582c482a282e982cc82cb8163
D01024	837c838a838a815b8369817582a082ea82cd816381630a82c782b182a982c58ca982bd8b4c89af82aa81638163	150000:B2=837c838a838a815b8369817582a082ea82cd816381630a0909090909090982c782b182a982c58ca982bd8b4c89af82aa81638163
D01025	837c838a838a815b8369817582b182cc959489ae82cd0a90ed93ac8c5097fb82f082b782e90a959489ae82cc82e682a482cb8163	158000:1D=837c838a838a815b8369817582b182cc959489ae82cd0a0909090909090990ed93ac8c5097fb82f082b782e90a09090909090909959489ae82cc82e682a482cb8163
D01026	838d8362834e82cc9550817582dc82be814082a082bd82a282cd89cc82a682e982e68163	158000:563
D01027	837c838a838a815b8369817582c282a282c482e982ed81490a82b182ea82cd90ed93ac82c996f097a782bf82bb82a482cb8149	168000:54=837c838a838a815b8369817582c282a282c482e982ed81490a0909090909090982b182ea82cd90ed93ac82c996f097a782bf82bb82a482cb8149
D01028	8b9091e582a882de82b782d182f08a6c93be82b582bd	168000:B4
D01029	8341835a838d83898347834c835882f08a6c93be82b582bd	168000:CB
D01030	837c838a838a815b8369817582b182cc959489ae816381630a82c882c982a981408343838482c8975c8ab482aa82b782e981638163	170000:86=837c838a838a815b8369817582b182cc959489ae816381630a090909090909090982c882c982a981408343838482c8975c8ab482aa82b782e981638163
D01031	81758cfc82b182a482cc94e082aa81408a4a82a282c482e982ed8163	170000:D0
D01032	837c838a838a815b8369817582cd82c1814082b5814082b582dc82c182bd9873	170000:10C
D01033	837c838a838a815b8369817583608362816396fb926682b582bd82ed9873	170000:15F
D01034	817582dd82f182c8814091d282c182c482c498730a82b782ae82c98f9582af82e982a982e79873	170000:18A=817582dd82f182c8814091d282c182c482c498730a090909090909090982b782ae82c98f9582af82e982a982e79873
D01035	81758384815b815b815b83628149	170000:221
D01036	837c838a838a815b8369817582a082c882bd82cd817795508178	170000:230
D01037	9550817582bf82e582a482c7814082a282a282c682b182eb82d60a978882bd82dd82bd82a282cb8149	170000:262=9550817582bf82e582a482c7814082a282a282c682b182eb82d60a09090909090909978882bd82dd82bd82a282cb8149
D01038	817582b182cc8177838d8362834e82cc9550817882aa82a282e98cc082e80a82b182ea88c88fe381408f9f8ee882c8837d836c82cd8b9682b382c882a29873	170000:2B1=817582b182cc8177838d8362834e82cc9550817882aa82a282e98cc082e80a0909090909090982b182ea88c88fe381408f9f8ee882c8837d836c82cd8b9682b382c882a29873
D01039	9550817582dc82be814082a082bd82a282cd89cc82a682e982e68163	170000:31E 188000:901 198000:570 1A0000:822 1A8000:6CB 1E0000:BEB 200000:7E3 220000:740 228000:899 238000:8F8 240000:9BE 278000:9D4 2C8000:56B 2D8000:54C 300000:A02 308000:688 310000:6D0 340000:4ED 350000:4ED 360000:4ED 370000:4ED 388000:AE5 398000:664 3A8000:4EA 3B0000:58A 3B8000:568 3C0000:547 3E8000:8A1 3F0000:53E 400000:552 408000:55A
D01040	837c838a838a815b8369817582e682a982c182bd81490a82dd82f182c8814096b38e9682be82c182bd82cc82cb8149	170000:3E6=837c838a838a815b8369817582e682a982c182bd81490a0909090909090982dd82f182c8814096b38e9682be82c182bd82cc82cb8149
D01041	837c838a838a815b8369817582b182f182c88f8a82c50a834f8359834f835982b582c482e782ea82c882a281490a90e682c9906982de82ed82e68149	170000:429=837c838a838a815b8369817582b182f182c88f8a82c50a09090909090909834f8359834f835982b582c482e782ea82c882a281490a0909090909090990e682c9906982de82ed82e68149
D01042	837c838a838a815b836981758386836981490a82e682a982c182bd816396b38e9682be82c182bd82e682a482cb8149	180000:35=837c838a838a815b836981758386836981490a0909090909090982e682a982c182bd816396b38e9682be82c182bd82e682a482cb8149
D01043	83868369817582ed815b815b82a281498140837c838a838a815b8369976c82be829f98760a8ab493ae82cc8dc489ef82be82ed8160814082a482ea82b582a282c8829f81609876	180000:80=83868369817582ed815b815b82a281498140837c838a838a815b8369976c82be829f98760a0909090909098ab493ae82cc8dc489ef82be82ed8160814082a482ea82b582a282c8829f81609876
D01044	837c838a838a815b8369817583868369816381630a82b182b182cd8140934782cc97768dc782cc928682c882cc82e6987a0a82e082a48fad82b581408356838a8341835882c982c882ea82c882a282cc987a	180000:DA=837c838a838a815b8369817583868369816381630a09090909090982b182b182cd8140934782cc97768dc782cc928682c882cc82e6987a0a09090909090982e082a48fad82b581408356838a8341835882c982c882ea82c882a282cc987a
D01045	83868369817583478377837798760a82c282a2814082a482ea82b582ad82c182c48163	180000:145=83868369817583478377837798760a09090909090982c282a2814082a482ea82b582ad82c182c48163
D01046	8175837c838a838a815b8369976c814082bb82c182bf91a482c982a082e90a835883438362836082c5814082b182cc82dc82f1928682cc82aa0a8a4a82ab82bb82a482c882f182c582b782aa829f8163	180000:17B=8175837c838a838a815b8369976c814082bb82c182bf91a482c982a082e90a090909090909835883438362836082c5814082b182cc82dc82f1928682cc82aa0a0909090909098a4a82ab82bb82a482c882f182c582b782aa829f8163
D01047	835883438362836082f0899f82b582dc82b782a98148	180000:1F0
D01048	837c838a838a815b8369817582b282df82f182cb81408386836981630a82dc82be814092b282d782e982c682b182eb82aa82a082e982a982e70a82bb82b182c591d282c182c482c482cb8163	180000:250=837c838a838a815b8369817582b282df82f182cb81408386836981630a09090909090982dc82be814092b282d782e982c682b182eb82aa82a082e982a982e70a09090909090982bb82b182c591d282c182c482c482cb8163
D01049	83868369817582bb82f182c8829f816081490a837c838a838a815b8369976c829f8160987a	180000:2B5=83868369817582bb82f182c8829f816081490a090909090909837c838a838a815b8369976c829f8160987a
D01050	9591817582a282c482c482c482c482c4816381630a88ea91cc814082b182b182cd82c782b182c882cc82e682a78149	188000:70=9591817582a282c482c482c482c482c4816381630a09090909090988ea91cc814082b182b182cd82c782b182c882cc82e682a78149
D01051	83868369817582a282c182bd829f81608160816082a281490a93aa814091c582c182bf82e182c182bd829f8160	188000:B2=83868369817582a282c182bd829f81608160816082a281490a09090909090993aa814091c582c182bf82e182c182bd829f8160
D01052	837c838a838a815b8369817582c882f182be82a9814082e282c182a982a282c88f8a82c90a978e82c682b382ea82c482b582dc82c182bd82e682a482cb8163	188000:F2=837c838a838a815b8369817582c882f182be82a9814082e282c182a982a282c88f8a82c90a090909090909978e82c682b382ea82c482b582dc82c182bd82e682a482cb8163
D01053	8347838b8369815b817582b182cc8e638a5b82cc8e5282a982e782dd82c40a935690af82cc8353837e8ecc82c48fea816381630a94708afc8fea82cc82e682a482c582b781638163	188000:144=8347838b8369815b817582b182cc8e638a5b82cc8e5282a982e782dd82c40a090909090909935690af82cc8353837e8ecc82c48fea816381630a09090909090994708afc8fea82cc82e682a482c582b781638163
D01054	83868369817582a082ea82ea82ea82ea82ea82ea82a5815b987a	188000:1D8
D01055	8347838a834a81758b7a82a28d9e82dc82ea82e982a381608149	188000:1FF
D01056	94928d818175834c8383815b815b815b83628149	188000:226
D01057	8347838a834a817582a281408da182cc82cd88ea91cc0a82c882f182be82c182bd82cc8148	188000:259=8347838a834a817582a281408da182cc82cd88ea91cc0a09090909090982c882f182be82c182bd82cc8148
D01058	8347838b8369815b817583478341838d8362834e82c582b781490a88ea92e88e9e8ad481408a4a82a282c40a94708afc95a882f081408f88979d82b582c482a282e982e682a482c582b78163	188000:291=8347838b8369815b817583478341838d8362834e82c582b781490a09090909090988ea92e88e9e8ad481408a4a82a282c40a09090909090994708afc95a882f081408f88979d82b582c482a282e982e682a482c582b78163
D01059	9591817582c182bd82ad814082b182f182c88367835282dc82c5816381630a82b582c282b182a282ed82cb82a5987a	188000:2F6=9591817582c182bd82ad814082b182f182c88367835282dc82c5816381630a09090909090982b582c282b182a282ed82cb82a5987a
D01060	8347838b8369815b817582dd82c882b382f10a82b182b182c582cc90ed93ac82cd90548f6482c98149	188000:338=8347838b8369815b817582dd82c882b382f10a09090909090982b182b182c582cc90ed93ac82cd90548f6482c98149
D01061	817583478341838d8362834e82aa8a4a82ad82c6814091e58b4382c682c682e082c90a8b7a82a28af182b982e782ea82c482b582dc82a282dc82b782e68149	188000:374=817583478341838d8362834e82aa8a4a82ad82c6814091e58b4382c682c682e082c90a0909090909098b7a82a28af182b982e782ea82c482b582dc82a282dc82b782e68149
D01062	837c838a838a815b8369817582b182cc959489ae82c9814083478341838d8362834e82f00a8e7e82df82e98140835883438362836082aa82a082e982cd82b881630a82bb82ea82b382a681408e7e82df82e982b182c682aa82c582ab82ea82ce8149	188000:3C6=837c838a838a815b8369817582b182cc959489ae82c9814083478341838d8362834e82f00a0909090909098e7e82df82e98140835883438362836082aa82a082e982cd82b881630a09090909090982bb82ea82b382a681408e7e82df82e982b182c682aa82c582ab82ea82ce8149
D01063	83868369817582d382a3814082a082d482c882a982c182bd81600a82b182ea82c582e282c182c68140899c82c9906982df82bb82a482cb8163	188000:9CA=83868369817582d382a3814082a082d482c882a982c182bd81600a09090909090982b182ea82c582e282c182c68140899c82c9906982df82bb82a482cb8163
D01064	8347838b8369815b817582c782a482e282e70a935d91979195927582cc82e682a482c582b782aa0a93ae82a282c482a282dc82b982f182cb8163	190000:B6=8347838b8369815b817582c782a482e282e70a0909090909090909935d91979195927582cc82e682a482c582b782aa0a090909090909090993ae82a282c482a282dc82b982f182cb8163
D01065	83868369817582c682b182eb82c5814094928d81816381630a8e4f8cab8b4082cc81778bbe96be8178976c82c182c40a82c782b182c982a282e982a9814082ed82a982e782c882a282cc8148	190000:11F=83868369817582c682b182eb82c5814094928d81816381630a0909090909098e4f8cab8b4082cc81778bbe96be8178976c82c182c40a09090909090982c782b182c982a282e982a9814082ed82a982e782c882a282cc8148
D01066	94928d8181758163816381638163816381638163816381638163	190000:190
D01067	94928d818175835f838182c582b7816381630a9581926982be82c182bd82e7814088d38eaf82f08ab482b682c682ea82e90a82cd82b882c882f182c582b782aa8163	190000:1B2=94928d818175835f838182c582b7816381630a090909099581926982be82c182bd82e7814088d38eaf82f08ab482b682c682ea82e90a0909090982cd82b882c882f182c582b782aa8163
D01068	817582b182b182c982cd0a8e76944f82f08ed5926682b782e98356815b838b836882aa0a92a382e88f8482e782b382ea82c482a282e982e682a482c582b782cb	190000:1FD=817582b182b182c982cd0a0909090909098e76944f82f08ed5926682b782e98356815b838b836882aa0a09090909090992a382e88f8482e782b382ea82c482a282e982e682a482c582b782cb
D01069	83868369817582bb82a4816381630a82c882c982a98ab482b682bd82e7814082b782ae82c98bb382a682c482cb8149	190000:256=83868369817582bb82a4816381630a09090909090982c882c982a98ab482b682bd82e7814082b782ae82c98bb382a682c482cb8149
D01070	94928d81817582ed82a982e882dc82b582bd8163	190000:298
D01071	83868369817582a08140889f96eb8cc182bf82e182f19873	190000:2DD
D01072	8347838b8369815b817592c782a282a982af82dc82b582e582a49873	190000:302
D01073	817583868369816381638163	190000:33F
D01074	83868369817582a682c181490a82a281408da18163816395b782b182a682c882a982c182bd8148	190000:35E=83868369817582a682c181490a0909090909090982a281408da18163816395b782b182a682c882a982c182bd8148
D01075	97ed94fc817595ca82c982c882c982e095b782b182a682c882a982c182bd8341838b8163	190000:399
D01076	837c838a838a815b8369817582c782a482a982b582bd82cc8148	190000:3CA
D01077	838683698175889f96eb8cc182bf82e182f182cc90ba82aa0a95b782b182a682bd82e682a482c88b4382aa82b582bd82f182be81638163	190000:3F1=838683698175889f96eb8cc182bf82e182f182cc90ba82aa0a0909090909090995b782b182a682bd82e682a482c88b4382aa82b582bd82f182be81638163
D01078	94928d81817582a682c181488140889f96eb8cc182c182c482dc82b382a9816381630a97648b408e4f8e6f968582cc81638163	190000:43C=94928d81817582a682c181488140889f96eb8cc182c182c482dc82b382a9816381630a0909090909090997648b408e4f8e6f968582cc81638163
D01079	83868369817582a482f181490a82a082bd82b582c6889f96eb8cc182bf82e182f182cd0a9746924282be82c182bd82f182be8149	190000:483=83868369817582a482f181490a0909090909090982a082bd82b582c6889f96eb8cc182bf82e182f182cd0a090909090909099746924282be82c182bd82f182be8149
D01080	94928d81817582bb814082bb82f182c8816381630a97648b408e4f8e6f968582cd8177946a89f3905f82cc8965817882c60a8bb082ea82e782ea82c482a282bd82cd82b88163	190000:4D2=94928d81817582bb814082bb82f182c8816381630a0909090909090997648b408e4f8e6f968582cd8177946a89f3905f82cc8965817882c60a090909090909098bb082ea82e782ea82c482a282bd82cd82b88163
D01081	837c838a838a815b836981758e849242814094de8f97924282c60a90ed82c182bd82cc8163	190000:533=837c838a838a815b836981758e849242814094de8f97924282c60a0909090909090990ed82c182bd82cc8163
D01082	837e8354834c817582c582e08140889f96eb8cc182cd0a8e84924282f08ee782e982bd82df82c981408e8082f182c582b582dc82c182bd8163	190000:56C=837e8354834c817582c582e08140889f96eb8cc182cd0a090909090909098e84924282f08ee782e982bd82df82c981408e8082f182c582b582dc82c182bd8163
D01083	83868369817594928d8181498140904d82b682c481490a889f96eb8cc182bf82e182f182cd8140974482b582a28e7182be82c182bd81630a837a8393836782c9814082a282a28e7182be82c182bd82f182be82e68149	190000:5B9=83868369817594928d8181498140904d82b682c481490a09090909090909889f96eb8cc182bf82e182f182cd8140974482b582a28e7182be82c182bd81630a09090909090909837a8393836782c9814082a282a28e7182be82c182bd82f182be82e68149
D01084	94928d8181758386836982b382f18163	190000:62A
D01085	817583868369816382b182c182bf82d6978882c481638163	190000:665
D01086	8347838b8369815b817582b182b182cd814096cd8b5b90ed93ac82aa82c582ab82e90a959489ae82cc82e682a482c582b78163816382b182b182a982e7935690af82cc0a8dc5905b959482dc82c5814082a082dc82e88b9797a382cd82c882a28163	198000:1D=8347838b8369815b817582b182b182cd814096cd8b5b90ed93ac82aa82c582ab82e90a09090909090909959489ae82cc82e682a482c582b78163816382b182b182a982e7935690af82cc0a090909090909098dc5905b959482dc82c5814082a082dc82e88b9797a382cd82c882a28163
D01087	838b8343817582a482a482c181638140945282a6907382ab82bd82ed8163	198000:5F4 1A0000:85A 1A8000:703 1E0000:C23 200000:81B 220000:778 228000:8D1 238000:930 240000:9F6 278000:A0C 290000:45E 2D8000:584 2F0000:406 300000:A3A 308000:6C0 310000:708 340000:525 350000:525 360000:525 370000:525 388000:B1D 398000:69C 3A8000:522 3B0000:5C2 3B8000:5A0 3C0000:57F 3E8000:8D9 3F0000:576 400000:58A 408000:592
D01088	837d837e81758e9f82cd90e291ce82c9958982af82cb82a682bc8163	198000:62E 1A0000:894 1A8000:73D 1E0000:C5D 200000:855 220000:7B2 228000:90B 238000:96A 240000:A30 278000:A46 290000:498 2D8000:5BE 2F0000:440 300000:A74 308000:6FA 310000:742 340000:55F 350000:55F 360000:55F 370000:55F 388000:B57 398000:6D6 3A8000:55C 3B0000:5FC 3B8000:5DA 3C0000:5B9 3E8000:913 3F0000:5B0 400000:5C4 408000:5CC
D01089	837d837e817582c182bd82ad987a0a838a8385815b83668342834182cd814082a082bd82b5924282f00a82c782b182c9935d919782b582bd82cc82e69873	1A0000:3B=837d837e817582c182bd82ad987a0a09090909090909838a8385815b83668342834182cd814082a082bd82b5924282f00a0909090909090982c782b182c9935d919782b582bd82cc82e69873
D01090	838b834381758347838a834a976c82e081408386836982e00a82a282c882a282b682e182c882a282cc82e68160987a	1A0000:94=838b834381758347838a834a976c82e081408386836982e00a0909090909090982a282c882a282b682e182c882a282cc82e68160987a
D01091	81758380835f82c892ef8d5282cd82e282df82c40a8acf944f82b582c882b382a29873	1A0000:D7=81758380835f82c892ef8d5282cd82e282df82c40a090909090909098acf944f82b582c882b382a29873
D01092	837d837e81758347838a834a825682cc814082a082bd82b5924282f00a82c882df82c882a282c582e69873	1A0000:10E=837d837e81758347838a834a825682cc814082a082bd82b5924282f00a0909090909090982c882df82c882a282c582e69873
D01093	838b83438175835e8340815b815b815b815b83629873	1A0000:14D
D01094	817582bb82cc92f6937882cc8d558c8297cd82c50a82a082bd82b582c98f9f82c482e982c68e7682c182c48149	1A0000:194=817582bb82cc92f6937882cc8d558c8297cd82c50a0909090909090982a082bd82b582c98f9f82c482e982c68e7682c182c48149
D01095	8347838a834a8175837d837e81498140838b834398740a82b182f182c88f8a82c981638163	1A0000:1E1=8347838a834a8175837d837e81498140838b834398740a0909090909090982b182f182c88f8a82c981638163
D01096	817591d282c182c482c481408f9582af82e982ed8149	1A0000:21A
D01097	837d837e8175834781408347838a834a976c98730a8f9582af82c9978882bd82cd82b882c882cc82c90a905c82b596f382a082e882dc82b982f1987a	1A0000:23D=837d837e8175834781408347838a834a976c98730a090909090909098f9582af82c9978882bd82cd82b882c882cc82c90a09090909090909905c82b596f382a082e882dc82b982f1987a
D01098	81758374837483748362816381630a927882a982c182bd82ed82cb816381638140905f8a798de28386836981490a82a082bd82b582cd985a89d490ed82cc817792d689d481788149	1A0000:29F=81758374837483748362816381630a09090909090909927882a982c182bd82ed82cb816381638140905f8a798de28386836981490a0909090909090982a082bd82b582cd985a89d490ed82cc817792d689d481788149
D01099	92d689d4817582bf82e582a482c782a282a20a82dc82c682df82c4937c82b582c482e282e982ed9873	1A0000:314=92d689d4817582bf82e582a482c782a282a20a0909090909090982dc82c682df82c4937c82b582c482e282e982ed9873
D01100	92d689d4817582b5814082b582dc82c182bd829f815b815b0a8d80e3c4976c829f81408ce382cd978a82dd82dc82b781638163	1A0000:918=92d689d4817582b5814082b582dc82c182bd829f815b815b0a090909090909090909090909098d80e3c4976c829f81408ce382cd978a82dd82dc82b781638163
D01101	8347838a834a8175837d837e8140838b8343814082e682a982c182bd81490a8350834b82cd814082c882b382bb82a482cb81638163	1A0000:965=8347838a834a8175837d837e8140838b8343814082e682a982c182bd81490a090909090909098350834b82cd814082c882b382bb82a482cb81638163
D01102	837d837e81758347838a834a976c81630a82b29053947a82a882a982af82b582dc82b582bd8163	1A0000:9AE=837d837e81758347838a834a976c81630a0909090909090982b29053947a82a882a982af82b582dc82b582bd8163
D01103	838b8343817582c182bd82ad814082b182f182c88367835282c9935d919782b582c481630a8ce382c58140838a8385815b83668342834182c90a95b68be58cbe82ed82c882ad82bf82e18149	1A0000:9E9=838b8343817582c182bd82ad814082b182f182c88367835282c9935d919782b582c481630a090909090909098ce382c58140838a8385815b83668342834182c90a0909090909090995b68be58cbe82ed82c882ad82bf82e18149
D01104	8347838b8369815b817582dc82a082dc82a081630a96b38e9682be82c182bd82f182be82a982e70a82e682a982c182bd82b682e182c882a282c582b782a98163	1A0000:A50=8347838b8369815b817582dc82a082dc82a081630a0909090909090996b38e9682be82c182bd82f182be82a982e70a0909090909090982e682a982c182bd82b682e182c882a282c582b782a98163
D01105	817582b3829f8140838683690a90e682d6906982dd82dc82b582e582a48149	1A0000:AAB=817582b3829f8140838683690a0909090909090990e682d6906982dd82dc82b582e582a48149
D01106	8cb696b28175987282f08fe382b082bd82ed82cb81630a82dc82bd814089ef82a282dc82b582e582a48163	1A8000:42=8cb696b28175987282f08fe382b082bd82ed82cb81630a090909090909090982dc82bd814089ef82a282dc82b582e582a48163
D01107	8bb689d48175834e83629874814082a88e6f976c81638163	1A8000:82
D01108	889f96eb8cc1817588c582cc90a28a4582c982a882a282c581498140838683698149	1A8000:B9
D01109	889f96eb8cc1817583748374837481638386815b838a8342814082a282ad82ed82e68149	1A8000:E8
D01110	889f96eb8cc181758a6f8ce582b582eb81498140837c838a838a815b83698149	1A8000:119
D01111	889f96eb8cc18175835e815b83518362836782cd81408e8d90448149	1A8000:146
D01112	889f96eb8cc181758fc182a682eb8149814095918149	1A8000:16F
D01113	889f96eb8cc18175837e8354834c814093a682b082c482e08380835f82e68149	1A8000:192
D01114	889f96eb8cc181758347838a834a814981408dd382af8e5582e982aa82a282a28149	1A8000:1BF
D01115	889f96eb8cc181758e9f82cd8140924e82c982b582e682a482a982c88148	1A8000:208
D01116	83868369817582bb82f182c8829f8140889f96eb8cc182bf82e1816082f181638163	1A8000:775
D01117	838683698175889f96eb8cc182bf82e182f19873	1A8000:7A4 1E0000:41 390000:3C9
D01118	889f96eb8cc181758163816381638163816381638163816381638163	1A8000:7C5
D01119	838683698175889f96eb8cc182bf82e1815b815b815b82f19873	1A8000:7E2
D01120	837e8354834c817582c8816382c882f182c58140889f96eb8cc182aa82b182b182c99874	1A8000:83A
D01121	8347838a834a817594de8f9782cd81408a6d82a982c98e8082f182be82cd82b8816381630a90b682ab82c482e982cd82b882aa82c882a29873	1A8000:86B=8347838a834a817594de8f9782cd81408a6d82a982c98e8082f182be82cd82b8816381630a09090909090990b682ab82c482e982cd82b882aa82c882a29873
D01122	838683698175889f96eb8cc182bf82e182f181480a837a8393836782c98140889f96eb8cc182bf82e182f182be82e682cb81630a8345835c82b682e182c882a282f182be82cb8163	1A8000:8B7=838683698175889f96eb8cc182bf82e182f181480a090909090909837a8393836782c98140889f96eb8cc182bf82e182f182be82e682cb81630a0909090909098345835c82b682e182c882a282f182be82cb8163
D01123	837c838a838a815b836981758163816381638163816381638163816381638163	1A8000:918
D01124	889f96eb8cc1817583868369816381630a82dc82be816381638e8482cc82b182c68a6f82a682c482e98148	1A8000:939=889f96eb8cc1817583868369816381630a09090909090982dc82be816381638e8482cc82b182c68a6f82a682c482e98148
D01125	838683698175965982ea82e982ed82af82c882a282b682e182c882a2816381630a889f96eb8cc182bf82e182f182c6814082a082bd82b582cd0a82a89746924282c582b582e59873	1A8000:977=838683698175965982ea82e982ed82af82c882a282b682e182c882a2816381630a090909090909889f96eb8cc182bf82e182f182c6814082a082bd82b582cd0a09090909090982a89746924282c582b582e59873
D01126	81758386815b838a834282c688ea8f8f82c981408a778d5a82c982e0816381630a97568980926e82c982e08d7382c182bd82e682cb8163	1A8000:9D8=81758386815b838a834282c688ea8f8f82c981408a778d5a82c982e0816381630a09090909090997568980926e82c982e08d7382c182bd82e682cb8163
D01127	8175889f96eb8cc182bf82e182f182c682a282c40a837a8393836782c98a7982b582a982c182bd8163	1A8000:A22=8175889f96eb8cc182bf82e182f182c682a282c40a090909090909837a8393836782c98a7982b582a982c182bd8163
D01128	81758386815b838a834282e0814082dd82f182c882e00a889f96eb8cc182bf82e182f182aa814082a282c882ad82c882c182c40a8ee282b582a982c182bd82f182be82e69873	1A8000:A5E=81758386815b838a834282e0814082dd82f182c882e00a090909090909889f96eb8cc182bf82e182f182aa814082a282c882ad82c882c182c40a0909090909098ee282b582a982c182bd82f182be82e69873
D01129	889f96eb8cc1817582cb82a581408386836981638163816381630a8e8482cc82a88ae882a2814095b782a282c482ad82ea82e98148	1A8000:ABD=889f96eb8cc1817582cb82a581408386836981638163816381630a0909090909098e8482cc82a88ae882a2814095b782a282c482ad82ea82e98148
D01130	838683698175889f96eb8cc182bf82e182f182cc814082a88ae882a282c882e70a82c882f182c582e095b782a282c482a082b082e982e69873	1A8000:B05=838683698175889f96eb8cc182bf82e182f182cc814082a88ae882a282c882e70a09090909090982c882f182c582e095b782a282c482a082b082e982e69873
D01131	889f96eb8cc18175837483748374814082b682e182a00a8e8482c688ea8f8f82c9978882c481630a88c382ad8ee282b582a2817788c5817882cc90a28a4582c99873	1A8000:B5C=889f96eb8cc18175837483748374814082b682e182a00a0909090909098e8482c688ea8f8f82c9978882c481630a09090909090988c382ad8ee282b582a2817788c5817882cc90a28a4582c99873
D01132	83868369817582a08140889f96eb8cc182bf82e182f19874	1A8000:BC9
D01133	837c838a838a815b836981758386836998730a82b182ea82cd88c8914f82cc8140889f96eb8cc182b682e182c882a298730a8da182cc94de8f9782cc905382cd814082ca82af82aa82e782e69873	1A8000:C00=837c838a838a815b836981758386836998730a09090909090982b182ea82cd88c8914f82cc8140889f96eb8cc182b682e182c882a298730a0909090909098da182cc94de8f9782cc905382cd814082ca82af82aa82e782e69873
D01134	817583748374837483748362816381638374837483748374836281638163	1A8000:C73
D01135	817582dc82bd814082a889ef82a282b582dc82b582bd82ed82cb81630a82dd82c882b382f18163	1A8000:CAF=817582dc82bd814082a889ef82a282b582dc82b582bd82ed82cb81630a09090909090982dd82c882b382f18163
D01136	83868369817582a0814082a082c882bd924282cd9874	1A8000:CE9
D01137	8347838b8369815b817597648b408e4f8e6f96859874	1A8000:D0C
D01138	8cb696b281758e84924282aa814090b682ab82c482a282e982cc82aa0a82bb82f182c882c995738e768b638148	1A8000:D3A=8cb696b281758e84924282aa814090b682ab82c482a282e982cc82aa0a09090909090982bb82f182c882c995738e768b638148
D01139	8bb689d4817583868369814082a082c882bd82aa889f96eb8cc182cc8352834182f00a91e590d882c98e9d82c182c482a282c482ad82ea82bd82a982e70a8e84924282cd8140959c8a8882b782e982b182c682aa82c582ab82bd82cc8163	1A8000:D85=8bb689d4817583868369814082a082c882bd82aa889f96eb8cc182cc8352834182f00a09090909090991e590d882c98e9d82c182c482a282c482ad82ea82bd82a982e70a0909090909098e84924282cd8140959c8a8882b782e982b182c682aa82c582ab82bd82cc8163
D01140	81758b408a4289bb8d6392e9976c82c981400a905682bd82c897cd82f0814082a282bd82be82a282c482cb8163	1A8000:DFC=81758b408a4289bb8d6392e9976c82c981400a090909090909905682bd82c897cd82f0814082a282bd82be82a282c482cb8163
D01141	8cb696b281758da1937882cd81408b4d976c924282c982cd958982af82c882a28163	1A8000:E47
D01142	8bb689d48175889f96eb8cc10a8386836982c98bb382a682c482a082b082c882b382a2816381630a82a082c882bd82aa814088c582cc8ed282be82c682a282a482b182c682f09873	1A8000:E76=8bb689d48175889f96eb8cc10a0909090909098386836982c98bb382a682c482a082b082c882b382a2816381630a09090909090982a082c882bd82aa814088c582cc8ed282be82c682a282a482b182c682f09873
D01143	889f96eb8cc18175836e83438163816382a88e6f976c81638163	1A8000:ED7 1E0000:296
D01144	83868369817582c7814082c782a482b582c48163816381480a889f96eb8cc182bf82e182f18163	1A8000:EFE=83868369817582c7814082c782a482b582c48163816381480a090909090909889f96eb8cc182bf82e182f18163
D01145	81758d4482ab82c8904682c9906982df81638163	1B0000:22 1B8000:22 1C0000:22 1C8000:22
D01146	8175837c838a838a815b8369835883698362834e82f08a6c93be82b582bd	1D0000:57
D01147	838683698175837c8140837c838a838a815b8369976c82cc82a889d98e7182be816098760a834c8383815b815b815b815b836298730a8375838d837d8343836882aa93fc82c182c482e982a39876	1D0000:84=838683698175837c8140837c838a838a815b8369976c82cc82a889d98e7182be816098760a090909090909834c8383815b815b815b815b836298730a0909090909098375838d837d8343836882aa93fc82c182c482e982a39876
D01148	8386815b838a8342817582a889d98e7182cc95fb82cd8386815b838a834282aa0a82a282bd82be82ad82c582b782a38160	1D0000:EB=8386815b838a8342817582a889d98e7182cc95fb82cd8386815b838a834282aa0a09090909090982a282bd82be82ad82c582b782a38160
D01149	8175837c838a838a815b8369835883698362834e82cd0a82c882ad82c882c182c482b582dc82c182bd9873	1D0000:12F=8175837c838a838a815b8369835883698362834e82cd0a0909090982c882ad82c882c182c482b582dc82c182bd9873
D01150	8347838b8369815b8175926e8b8582c98c8282bf8d9e82dc82ea82bd0a82e082cc82c693af82b6816381638177935689ce81788149	1D8000:77=8347838b8369815b8175926e8b8582c98c8282bf8d9e82dc82ea82bd0a0909090909090982e082cc82c693af82b6816381638177935689ce81788149
D01151	8347838a834a817582e282c182cf82e80a82b182b182aa94ad8ecb837c83438393836782be82c182bd82cc82cb8149	1D8000:C0=8347838a834a817582e282c182cf82e80a0909090909090982b182b182aa94ad8ecb837c83438393836782be82c182bd82cc82cb8149
D01152	837e8354834c817582b182ea88c88fe30a935689ce82f081408e6782ed82b982e982ed82af82c982cd82a282a982c882a29873	1D8000:103=837e8354834c817582b182ea88c88fe30a09090909090909935689ce82f081408e6782ed82b982e982ed82af82c982cd82a282a982c882a29873
D01153	837c838a838a815b8369817582bb82a482cb81498140935689ce82f090a78ce482b782e90a8352839383738385815b835e815b82e08140954b82b80a8bdf82ad82c982a082e982cd82b88163917b82b582dc82b582e582a48149	1D8000:14A=837c838a838a815b8369817582bb82a482cb81498140935689ce82f090a78ce482b782e90a090909090909098352839383738385815b835e815b82e08140954b82b80a090909090909098bdf82ad82c982a082e982cd82b88163917b82b582dc82b582e582a48149
D01154	817582c282a282c9814082b182b182dc82c5978882c482b582dc82c182bd82cc82cb8163	1E0000:62
D01155	83868369817582a082c882bd82cd81639874	1E0000:A5
D01156	81758e8482cd8e6c93568b4082cc88ea906c816381778d80e3c481780a82b182cc88da93ae97768dc78177935690af817882f00a8ea182df82e982e082cc82c582b78163	1E0000:C4=81758e8482cd8e6c93568b4082cc88ea906c816381778d80e3c481780a0909090909090982b182cc88da93ae97768dc78177935690af817882f00a090909090909098ea182df82e982e082cc82c582b78163
D01157	83868369817582a082f182c88367835282c90a8381834383938352839383738385815b835e815b82aa8149	1E0000:135=83868369817582a082f182c88367835282c90a0909090909098381834383938352839383738385815b835e815b82aa8149
D01158	8d80e3c4817582a082ea82cd8140935689ce82cc90a78ce49195927581630a82a082ea82b382a68e7e82df82ea82ce0a926e8b8582cc935689ce82cd92e28e7e82b582dc82b78163	1E0000:173=8d80e3c4817582a082ea82cd8140935689ce82cc90a78ce49195927581630a0909090909090982a082ea82b382a68e7e82df82ea82ce0a09090909090909926e8b8582cc935689ce82cd92e28e7e82b582dc82b78163
D01159	817582c582e0814082bb82f182c882b182c682f00a926d82c182c482e08380835f82c882b182c682c582b781630a82a082c882bd924282cd814082b182b182c58e8082ca82cc82c582b782a982e78149	1E0000:1D6=817582c582e0814082bb82f182c882b182c682f00a09090909090909926d82c182c482e08380835f82c882b182c682c582b781630a0909090909090982a082c882bd924282cd814082b182b182c58e8082ca82cc82c582b782a982e78149
D01160	8cb696b2817582b3829f8140889f96eb8cc181630a82b182a282c282e782f0937c82b582c40a8b408a4289bb92e98d9182d68b4182e982cc82be8163	1E0000:241=8cb696b2817582b3829f8140889f96eb8cc181630a09090909090982b182a282c282e782f0937c82b582c40a0909090909098b408a4289bb92e98d9182d68b4182e982cc82be8163
D01161	83868369817582e2814082e282df82c481490a889f96eb8cc182bf82e182f181638e7682a28f6f82b582c49873	1E0000:2BD=83868369817582e2814082e282df82c481490a090909090909889f96eb8cc182bf82e182f181638e7682a28f6f82b582c49873
D01162	889f96eb8cc1817581638163816381638163816381638163816381638163	1E0000:2FD
D01163	83868369817582a082bd82b582cc82b182c6816382dd82f182c882cc82b182c6816381630a8a7982b582a982c182bd82b182c681638163	1E0000:31C=83868369817582a082bd82b582cc82b182c6816382dd82f182c882cc82b182c6816381630a0909090909098a7982b582a982c182bd82b182c681638163
D01164	83868369817582a082bd82b58140889f96eb8cc182bf82e182f182c682cd0a90ed82a282bd82ad82c882a281638163	1E0000:366=83868369817582a082bd82b58140889f96eb8cc182bf82e182f182c682cd0a09090909090990ed82a282bd82ad82c882a281638163
D01165	817582b982c182a982ad89ef82a682bd82f182be82e082f181630a8fce82c182c482a282bd82a2816381638aec82f182c582a282bd82a281638163	1E0000:3A8=817582b982c182a982ad89ef82a682bd82f182be82e082f181630a090909090909098fce82c182c482a282bd82a2816381638aec82f182c582a282bd82a281638163
D01166	817582be82c182c4816381630a82be82c182c481638163816381630a889f96eb8cc182bf82e182f182c682cd9746924282be82e082f18149	1E0000:3F7=817582be82c182c4816381630a09090909090982be82c182c481638163816381630a090909090909889f96eb8cc182bf82e182f182c682cd9746924282be82e082f18149
D01167	889f96eb8cc18175838681638163836981638163	1E0000:448
D01168	837c838a838a815b83698175838683698149814082a282af82c882a28149	1E0000:469
D01169	838683698175889f96eb8cc182bf82e182f1816381638148	1E0000:4B1
D01170	889f96eb8cc181758386814083868369816381638148	1E0000:4D6
D01171	838683698175889f96eb8cc182bf82e182f1816381638e7682a28f6f82b582bd82cc8148	1E0000:4F9
D01172	889f96eb8cc1817583868140838683698163816382ed81408e8481638163	1E0000:52A
D01173	889f96eb8cc18175834c8383815b815b815b815b83629873	1E0000:567
D01174	8d80e3c4817582b182cc96f097a782bd82b882aa816381490a8ce382c582e082a488ea9378814090f4945d81408e6492bc82b382c882ad82c482cd8163	1E0000:598=8d80e3c4817582b182cc96f097a782bd82b882aa816381490a0909090909098ce382c582e082a488ea9378814090f4945d81408e6492bc82b382c882ad82c482cd8163
D01175	83868369817582e682ad82e0814082e682ad82e00a889f96eb8cc182bf82e182f182f09873	1E0000:5FA=83868369817582e682ad82e0814082e682ad82e00a090909090909889f96eb8cc182bf82e182f182f09873
D01176	8d80e3c4817582b182cc935690af82f0814082a082c882bd924282cc0a95e6955782c982b582c482a082b082dc82b582e582a49873	1E0000:632=8d80e3c4817582b182cc935690af82f0814082a082c882bd924282cc0a09090909090995e6955782c982b582c482a082b082dc82b582e582a49873
D01177	83868369817591d282c182c482c482cb8140889f96eb8cc182bf82e182f10a954b82b881408f9582af82e982a982e79873	1E0000:67A=83868369817591d282c182c482c482cb8140889f96eb8cc182bf82e182f10a090909090909954b82b881408f9582af82e982a982e79873
D01178	8cb696b2817582b182b182dc82c582a98163	1E0000:6EA
D01179	8d80e3c4817582c782b182c98d7382ad814981408cb696b281408bb689d498730a834e836281638163	1E0000:709=8d80e3c4817582c782b182c98d7382ad814981408cb696b281408bb689d498730a0909090909090909834e836281638163
D01180	8d80e3c48175834f8163834f8340815b815b815b815b83629873	1E0000:CE1
D01181	838683698175889f96eb8cc182bf82e182f181498140889f96eb8cc182bf82e182f181490a91e58fe495769874	1E0000:D1B=838683698175889f96eb8cc182bf82e182f181498140889f96eb8cc182bf82e182f181490a09090909090991e58fe495769874
D01182	889f96eb8cc1817582a4814082a4815b82f181638163	1E0000:D6D
D01183	83868369817582ab81408b4382aa82c282a282bd816398740a82a88ae882a2814095d48e9682b582c49873	1E0000:D90=83868369817582ab81408b4382aa82c282a282bd816398740a09090909090982a88ae882a2814095d48e9682b582c49873
D01184	889f96eb8cc181758386814083868369814881638163816381630a82c7814082c782a482b582c4816381638341838c814881408e8481638163	1E0000:DD9=889f96eb8cc181758386814083868369814881638163816381630a09090909090982c7814082c782a482b582c4816381638341838c814881408e8481638163
D01185	83868369817582e682a982c182bd816381630a837a8393836782c982e682a982c182bd82e6815b815b815b815b815b815b815b8149	1E0000:E25=83868369817582e682a982c182bd816381630a090909090909837a8393836782c982e682a982c182bd82e6815b815b815b815b815b815b815b8149
D01186	889f96eb8cc1817582bf82e5814082bf82e582c182c6816381638386836981638163	1E0000:E6D
D01187	8386815b838a8342817582e282c182bd829f815b815b82a88f6a82a282c582b782a381490a82bd82ad82b382f1814082bd82ad82b382f1814082a890d494d1908682a282c40a82dd82f182c882c591e282cc94f693aa957482ab904882d782e982c582b782a38149	1E0000:E9C=8386815b838a8342817582e282c182bd829f815b815b82a88f6a82a282c582b782a381490a09090909090982bd82ad82b382f1814082bd82ad82b382f1814082a890d494d1908682a282c40a09090909090982dd82f182c882c591e282cc94f693aa957482ab904882d782e982c582b782a38149
D01188	8347838b8369815b8175837c838a838a815b836981490a918182ad81408381834383938352839383738385815b835e815b82f09873	1E0000:F1D=8347838b8369815b8175837c838a838a815b836981490a090909090909918182ad81408381834383938352839383738385815b835e815b82f09873
D01189	837c838a838a815b8369817582ed82a982c182c482e982ed8149	1E0000:F65
D01190	837c838a838a815b8369817582d382a381630a82b182ea82c58140926e8b8582e088c0915382cb9873	1E0000:FC5=837c838a838a815b8369817582d382a381630a09090909090982b182ea82c58140926e8b8582e088c0915382cb9873
D01191	837e8354834c817582a682a681408177935689ce817882aa975e82a682e90a91bc82cc90af82d682cc8bba88d082e08b8e82c182bd8149	1E0000:1001=837e8354834c817582a682a681408177935689ce817882aa975e82a682e90a09090909090991bc82cc90af82d682cc8bba88d082e08b8e82c182bd8149
D01192	94928d81817582b1814082b182cc8b43947a82cd9874	1E0000:106F
D01193	83868369817582c782a482b582bd82cc8148814094928d818149	1E0000:1092
D01194	94928d8181758ab482b682e99873	1E8000:53
D01195	94928d8181758bbe96be976c8149	1E8000:B1
D01196	8bbe96be817594928d81816381630a82e682ad82bc81408d80e3c482f0937c82b582c482ad82ea82dc82b582bd0a97e782f08cbe82a282dc82b78163	1E8000:D7=8bbe96be817594928d81816381630a09090909090982e682ad82bc81408d80e3c482f0937c82b582c482ad82ea82dc82b582bd0a09090909090997e782f08cbe82a282dc82b78163
D01197	94928d8181758bbe96be976c82b182bb814082e682ad82bc82b296b38e9682c59873	1E8000:12C
D01198	83868369817582a082cc906c82aa8bbe96be82b382f182a9829f81630a82cb82a58140959182bf82e182f1814097e78b5690b382b582ad82c40a83588365834c82c8906c82be82c68e7682ed82c882a28148	1E8000:15B=83868369817582a082cc906c82aa8bbe96be82b382f182a9829f81630a09090909090982cb82a58140959182bf82e182f1814097e78b5690b382b582ad82c40a09090909090983588365834c82c8906c82be82c68e7682ed82c882a28148
D01199	9591817582a082f182bd814092b28e7182c98fe682c182c40a8eb897e782c882b182c681408cbe82a482f182b682e182c882a282ed82e681490a927082a982ad82cc82cd9253944382cc82a082bd82b582c882f182be82a982e78149	1E8000:1C6=9591817582a082f182bd814092b28e7182c98fe682c182c40a0909090909098eb897e782c882b182c681408cbe82a482f182b682e182c882a282ed82e681490a090909090909927082a982ad82cc82cd9253944382cc82a082bd82b582c882f182be82a982e78149
D01200	8d80e3c481758b4d976c82e7814082b182b182a982e782cd0a90b682a982b582c4814082a982a682b582cd82b582c882a28149	1E8000:26A=8d80e3c481758b4d976c82e7814082b182b182a982e782cd0a09090909090990b682a982b582c4814082a982a682b582cd82b582c882a28149
D01201	837c838a838a815b8369817582dc814082dc82be90b682ab82c482bd82cc9874	1E8000:2C2
D01202	8bbe96be8175959588f382aa89f082af82bd8da10a82a082c882bd82b282c682ab82c982cd8140958982af82dc82b982f19873	1E8000:2EF=8bbe96be8175959588f382aa89f082af82bd8da10a09090909090982a082c882bd82b282c682ab82c982cd8140958982af82dc82b982f19873
D01203	817594928d6392e9976c82c68ba482c90a82b182cc96b3897682c890ed82a282f081408f4982ed82e782b982e982cc82c582b79873	1E8000:335=817594928d6392e9976c82c68ba482c90a09090909090982b182cc96b3897682c890ed82a282f081408f4982ed82e782b982e982cc82c582b79873
D01204	8d80e3c4817582dc82be814082bb82f182c882bd82ed8cbe82f0816081600a8e8082cb82a5815b815b815b82c19873	1E8000:37D=8d80e3c4817582dc82be814082bb82f182c882bd82ed8cbe82f0816081600a0909090909098e8082cb82a5815b815b815b82c19873
D01205	8d80e3c4817582c8814082c882c982a19873	1E8000:3D1
D01206	8bbe96be817596b082e882c882b382a29873	1E8000:3F1
D01207	8bbe96be817582dc82bd81408380835f82c88e4590b682f00a82b582c482b582dc82c182bd8163	1E8000:410=8bbe96be817582dc82bd81408380835f82c88e4590b682f00a09090909090982b582c482b582dc82c182bd8163
D01208	83868369817582a9814082a982c182b182a282a2815b9873	1E8000:44A
D01209	8386815b838a83428175837a8393836782c582b782a30a8e9e91e38c8082cc81408358835e815b82b382f182dd82bd82a282c582b782a38149	1E8000:46F=8386815b838a83428175837a8393836782c582b782a30a0909090909098e9e91e38c8082cc81408358835e815b82b382f182dd82bd82a282c582b782a38149
D01210	8bbe96be817594928d81816381630a82bb82bf82e782c982a282e995fb815882cd8148	1E8000:4BB=8bbe96be817594928d81816381630a09090909090982bb82bf82e782c982a282e995fb815882cd8148
D01211	94928d81817582cd82a2816381630a81778cf582cc8b7e90a28ee58178905f8a798de28386836982b382f182c60a926e8b8582cc95fb815882c582b78163	1E8000:4F1=94928d81817582cd82a2816381630a09090909090981778cf582cc8b7e90a28ee58178905f8a798de28386836982b382f182c60a090909090909926e8b8582cc95fb815882c582b78163
D01212	817582b182b182dc82c581408e8482c68ba482c90a90ed82c182c482ad82ea82bd82cc82c582b78163	1E8000:548=817582b182b182dc82c581408e8482c68ba482c90a09090909090990ed82c182c482ad82ea82bd82cc82c582b78163
D01213	83868369817582a0814082a08163816382bd814082bd82be82a282dc0a82b2918a94ba82c9814082a082b882a982e882dc82b582bd0a905f8a798de28386836982c5814082b282b482a282dc82bb82a482eb82a48163	1E8000:584=83868369817582a0814082a08163816382bd814082bd82be82a282dc0a09090909090982b2918a94ba82c9814082a082b882a982e882dc82b582bd0a090909090909905f8a798de28386836982c5814082b282b482a282dc82bb82a482eb82a48163
D01214	9591817582c882c981408cbe82c182c482f182cc82e682c18149	1E8000:5F3
D01215	8bbe96be817582a882a882c1816381630a82c582cd814082a082c882bd82aa936090e082cc8cf582cc8b7e90a28ee58163	1E8000:61A=8bbe96be817582a882a882c1816381630a09090909090982c582cd814082a082c882bd82aa936090e082cc8cf582cc8b7e90a28ee58163
D01216	8bbe96be817582a282af82dc82b982f181498140986282cd8ce382c582b781490a82c682e882a082a682b881408a4f82d68f6f82c882ad82c482cd81630a82b182bf82e782d68149	1E8000:67F=8bbe96be817582a282af82dc82b982f181498140986282cd8ce382c582b781490a09090909090982c682e882a082a682b881408a4f82d68f6f82c882ad82c482cd81630a09090909090982b182bf82e782d68149
D01217	83868369817582cd814082cd82a28163	1E8000:6E0
D01218	8347838a834a81758ad488ea94af82be82c182bd82ed82cb8163	1F0000:1C
D01219	83868369817582dd82f182c896b38e9682c582e682a982c182bd829f9876	1F0000:42
D01220	837e8354834c817582c582e08140926e8b8582cc837e83548343838b82cd0a916a8e7e82b582bd82af82c781408aae915382c995bd986182aa0a8ee682e896df82b382ea82bd82ed82af82b682e182c882a282ed8163	1F0000:77=837e8354834c817582c582e08140926e8b8582cc837e83548343838b82cd0a090909090909916a8e7e82b582bd82af82c781408aae915382c995bd986182aa0a0909090909098ee682e896df82b382ea82bd82ed82af82b682e182c882a282ed8163
D01221	837c838a838a815b8369817582a682a6814082bb82a482cb81630a82a082cc8b408a4289bb8d6392e982cc82b182c6816381408e9f82cd89bd82f00a8ae982f182c582a282e982a9814082ed82a982e782c882a28163	1F0000:E5=837c838a838a815b8369817582a682a6814082bb82a482cb81630a09090909090982a082cc8b408a4289bb8d6392e982cc82b182c6816381408e9f82cd89bd82f00a0909090909098ae982f182c582a282e982a9814082ed82a982e782c882a28163
D01222	8347838b8369815b81758b408a4289bb8d6392e982f08e7e82df82c882af82ea82ce0a915382c482cd89f08c8882b582dc82b982f182cb8149	1F0000:153=8347838b8369815b81758b408a4289bb8d6392e982f08e7e82df82c882af82ea82ce0a090909090909915382c482cd89f08c8882b582dc82b982f182cb8149
D01223	83868369817582c682b182eb82c58140889f96eb8cc182bf82e182f182cd8148	1F0000:1A9
D01224	8e8d9044817582b882a282d482f18160816081600a94e682ea82c482a282e982dd82bd82a282c58160816081600a82ae82c182b782e896b082c182c482a282dc82b7816081608160	1F0000:1D5=8e8d9044817582b882a282d482f18160816081600a09090909090994e682ea82c482a282e982dd82bd82a282c58160816081600a09090909090982ae82c182b782e896b082c182c482a282dc82b7816081608160
D01225	8bbe96be817594928d8181638140889f96eb8cc182c682a282a482cc82cd0a82a082cc8bb082ea82e782ea82bd817797648b408e4f8e6f9685817882cc81639874	1F0000:240=8bbe96be817594928d8181638140889f96eb8cc182c682a282a482cc82cd0a09090909090982a082cc8bb082ea82e782ea82bd817797648b408e4f8e6f9685817882cc81639874
D01226	94928d81817582cd82a281638386836982b382f182cd94de8f9782cc0a97e282bd82a2905382f082e0976e82a982b5814082ed82a982e882a082a48e9682aa0a82c582ab82bd82f182c582b78163	1F0000:293=94928d81817582cd82a281638386836982b382f182cd94de8f9782cc0a09090909090997e282bd82a2905382f082e0976e82a982b5814082ed82a982e882a082a48e9682aa0a09090909090982c582ab82bd82f182c582b78163
D01227	8bbe96be817582bb82a482c582b782a981638163	1F0000:2F9
D01228	8bbe96be8175905f8a798de283868369816381630a94de8f9782c882e7814089e4815882c98dc482d195bd986182f00a82e082bd82e782b582c482ad82ea82e982a982e08163	1F0000:324=8bbe96be8175905f8a798de283868369816381630a09090909090994de8f9782c882e7814089e4815882c98dc482d195bd986182f00a09090909090982e082bd82e782b582c482ad82ea82e982a982e08163
D01229	8175918882a282aa814082a282a982c996b3897682c882b182c682a981630a82ed82a982e782b982c482ad82ea82e982e282e082b582ea82dc82b982f182cb8163	1F0000:382=8175918882a282aa814082a282a982c996b3897682c882b182c682a981630a09090909090982ed82a982e782b982c482ad82ea82e982e282e082b582ea82dc82b982f182cb8163
D01230	94928d81817582cd82a28163	1F0000:3D5
D01231	83868369817582e682a88160816082b581490a889f96eb8cc182bf82e182f182e08f9582af82e782ea82bd82b50a82b182cc90a882a282c5834b8393836f82c182bf82e182a882a49876	1F0000:3F8=83868369817582e682a88160816082b581490a090909090909889f96eb8cc182bf82e182f182e08f9582af82e782ea82bd82b50a09090909090982b182cc90a882a282c5834b8393836f82c182bf82e182a882a49876
D01232	889f96eb8cc1817582a082c1816381408386836981638163	1F8000:FF
D01233	8386836981758b4e82b182b582bf82e182c182bd829f81480a8347837783778362814082a88ca9959182a282c9978882bd82f182be82e69876	1F8000:123=8386836981758b4e82b182b582bf82e182c182bd829f81480a0909090909098347837783778362814082a88ca9959182a282c9978882bd82f182be82e69876
D01234	8386815b838a834281758cb38b4382dd82bd82a282c50a82c882c982e682e882c582b782a3987a	1F8000:16E=8386815b838a834281758cb38b4382dd82bd82a282c50a09090909090982c882c982e682e882c582b782a3987a
D01235	889f96eb8cc181758341835e83568163	1F8000:1B2
D01236	838683698175835f838182be82e68140889f96eb8cc182bf82e182f181490a82e082a48fad82b5814089a182c982c882c182c482c882ab82e18163	1F8000:1CE=838683698175835f838182be82e68140889f96eb8cc182bf82e182f181490a09090909090982e082a48fad82b5814089a182c982c882c182c482c882ab82e18163
D01237	889f96eb8cc1817582a4814082a482f181638163	1F8000:21B
D01238	838683698175834783778377836298760a8da193fa82cd82cb8163814082a282a282e082cc8e9d82c182c482ab82bd82f182be8149	1F8000:23B=838683698175834783778377836298760a0909090909098da193fa82cd82cb8163814082a282a282e082cc8e9d82c182c482ab82bd82f182be8149
D01239	8386836981758352838c81408be289cd88ea82a882a282b582a282c182c40a91e5955d94bb82cc836f815b835183938145834b8362836382cc0a834183438358834e838a815b83808149	1F8000:28D=8386836981758352838c81408be289cd88ea82a882a282b582a282c182c40a09090909090991e5955d94bb82cc836f815b835183938145834b8362836382cc0a090909090909834183438358834e838a815b83808149
D01240	8175889f96eb8cc182bf82e182f182c9904882d782b382b982c40a82a082b082e682a482a982c8829f816082c182c48163	1F8000:2EF=8175889f96eb8cc182bf82e182f182c9904882d782b382b982c40a09090909090982a082b082e682a482a982c8829f816082c182c48163
D01241	8386815b838a83428175837a8393836782cd81408386836982b382f182c60a8386815b838a834282c5904882d782e982cd82b882be82c182bd82c582b782a38163	1F8000:332=8386815b838a83428175837a8393836782cd81408386836982b382f182c60a0909090909098386815b838a834282c5904882d782e982cd82b882be82c182bd82c582b782a38163
D01242	817582c582e08140889f96eb8cc182bf82e182f182cd93c195ca82c582b782a39873	1F8000:385
D01243	83868369817582b3829f8140889f96eb8cc182bf82e182f10a904882d782b382b982c482a082b082e98149	1F8000:3B3=83868369817582b3829f8140889f96eb8cc182bf82e182f10a090909090909904882d782b382b982c482a082b082e98149
D01244	889f96eb8cc1817582a482f18163	1F8000:3F0
D01245	889f96eb8cc1817582c282c18149	1F8000:415
D01246	83868369817582be814091e58fe495769874	1F8000:42F
D01247	889f96eb8cc1817597e282bd82a282af82c78163814082a882a282b582a28149	1F8000:44D
D01248	83868369817582a082cd82c18149814082e682a982c182bd829f9876	1F8000:479
D01249	8347838b8369815b817583868369814082a8986282aa82a082e882dc82b782cc82c50a8352834e83738362836782dc82c5978882c482ad82be82b382a28163	1F8000:4C9=8347838b8369815b817583868369814082a8986282aa82a082e882dc82b782cc82c50a090909098352834e83738362836782dc82c5978882c482ad82be82b382a28163
D01250	9591817582b382c182b382c6978882c882a282c6836f835083638e9d82bd82b982c40a984c89ba82c997a782bd82b982e982ed82e682a78149	1F8000:518=9591817582b382c182b382c6978882c882a282c6836f835083638e9d82bd82b982c40a09090909984c89ba82c997a782bd82b982e982ed82e682a78149
D01251	8e8d9044817582cd81608160816082e281608160816082ad816081608160	1F8000:561
D01252	8386836981758341838f838f838f83628163987a0a82b2814083538381839382cb8140889f96eb8cc182bf82e182f10a82dc82bd81408ce382c5978882e982cb8149	1F8000:58B=8386836981758341838f838f838f83628163987a0a09090909090982b2814083538381839382cb8140889f96eb8cc182bf82e182f10a09090909090982dc82bd81408ce382c5978882e982cb8149
D01253	8386815b838a83428175918182ad81408cb38b4382c982c882e982c582b782a38149	1F8000:5E5
D01254	889f96eb8cc1817582a482f181638163	1F8000:61E 200000:B25 390000:4E7
D01255	83868369817582c782a482b582bd82cc81480a8b7d82c98cc482d18f6f82b582bd82e882b582c48163	1F8000:645=83868369817582c782a482b582bd82cc81480a0909090909098b7d82c98cc482d18f6f82b582bd82e882b582c48163
D01256	8bbe96be81758386836982b382f1816381408b408a4289bb986690af82c90a8cfc82a982a4914f82c9814082c782a482b582c482e097a782bf8af182c182c40a82d982b582a28fea8f8a82aa82a082e982cc82c582b78149	1F8000:68B=8bbe96be81758386836982b382f1816381408b408a4289bb986690af82c90a0909090909098cfc82a982a4914f82c9814082c782a482b582c482e097a782bf8af182c182c40a09090909090982d982b582a28fea8f8a82aa82a082e982cc82c582b78149
D01257	837e8354834c817582b182ea82cd816381638148	1F8000:718
D01258	8bbe96be81758d8b8d9595c78163814090e682cc91e590ed82cc88e290d582c582b78163	1F8000:743
D01259	817594928d8182cc986282c982e682e982c6814082b182b182c98e8482cc96bf97460a81778db68fe5918a82cc8c959650817882aa974895c282b382ea82c482a282e90a82e782b582a282cc82c582b78163	1F8000:773=817594928d8182cc986282c982e682e982c6814082b182b182c98e8482cc96bf97460a09090909090981778db68fe5918a82cc8c959650817882aa974895c282b382ea82c482a282e90a09090909090982e782b582a282cc82c582b78163
D01260	837c838a838a815b836981758c95965082c182c4816381778e4f8cab8b40817882cc8148	1F8000:7DD
D01261	83868369817582c782a482b582c4814082bb82f182c882b182c682c98148	1F8000:80D
D01262	8bbe96be817596af82f0906c8ebf82c982c682e782ea82c48e6495fb82c882ad8163	1F8000:837
D01263	9591817582c182bd82ad81408aeb8b408ac7979d82aa8ac382a282a982e70a82bb815b82e4815b82b182c682c982c882f182cc82e68149	1F8000:870=9591817582c182bd82ad81408aeb8b408ac7979d82aa8ac382a282a982e70a090909090982bb815b82e4815b82b182c682c982c882f182cc82e68149
D01264	817583418393835e924281408e4f8cab8b4082c182c482a282c182c482e00a91e582b582bd82b182c682c882a282ed82cb82a58163	1F8000:8B8=817583418393835e924281408e4f8cab8b4082c182c482a282c182c482e00a090909090991e582b582bd82b182c682c882a282ed82cb82a58163
D01265	97ed94fc817582cd82cd82cd987a814082c882f182c582e082c882a28341838b8149	1F8000:92D
D01266	8347838b8369815b817582cd829f8163814082b182cc906c924282c982cd0a8bd992a38ab482c682a282a482e082cc82cd96b382a282f182c582b782a982cb82a58163	1F8000:95B=8347838b8369815b817582cd829f8163814082b182cc906c924282c982cd0a0909090909098bd992a38ab482c682a282a482e082cc82cd96b382a282f182c582b782a982cb82a58163
D01267	837e8354834c817582c682e882a082a682b881408b7d82a282c50a8d8b8d9595c782d682cc838b815b836782f092b282d782c482dd82e982ed8149	1F8000:9B0=837e8354834c817582c682e882a082a682b881408b7d82a282c50a0909090909098d8b8d9595c782d682cc838b815b836782f092b282d782c482dd82e982ed8149
D01268	83868369817582e082a482c1987a814082dd82f182c88bb082a28ae782b582c482a581600a8baf82a682c482e982b682e182c882a29873	1F8000:A2A=83868369817582e082a482c1987a814082dd82f182c88bb082a28ae782b582c482a581600a090909098baf82a682c482e982b682e182c882a29873
D01269	817582cb82a682cb82a6814881408d7382ad8367835281400a96b382a282f182be82c182bd82e781408345836082c9978882c882a28148	1F8000:A72=817582cb82a682cb82a6814881408d7382ad8367835281400a0909090996b382a282f182be82c182bd82e781408345836082c9978882c882a28148
D01270	837e8354834c817582a082cc8e7182cd94c68ddf8ed282c682b582c40a94708afc8f8895aa82c982b382ea82bd82cc8149	1F8000:AC5=837e8354834c817582a082cc8e7182cd94c68ddf8ed282c682b582c40a0909090994708afc8f8895aa82c982b382ea82bd82cc8149
D01271	817591b68ddd82aa8a6d944682b382ea82bd88c88fe3814082a082bd82b582cd0a8be289cd88c0915395db8fe18ff096f182c98aee82c382a282c4814094de8f9782f00a946a89f382b582c882ad82c482cd82c882e782c882a282ed9873	1F8000:B07=817591b68ddd82aa8a6d944682b382ea82bd88c88fe3814082a082bd82b582cd0a090909098be289cd88c0915395db8fe18ff096f182c98aee82c382a282c4814094de8f9782f00a09090909946a89f382b582c882ad82c482cd82c882e782c882a282ed9873
D01272	83868369817582a682a682c19874814091d282c182c498730a8a6d82a982c990cc82cd88ab82a28e7182be82c182bd82a982e082b582ea82c882a28149	1F8000:B85=83868369817582a682a682c19874814091d282c182c498730a090909098a6d82a982c990cc82cd88ab82a28e7182be82c182bd82a982e082b582ea82c882a28149
D01273	817582c582e081408da182cc889f96eb8cc182bf82e182f182cd0a82c682c182c482e0814082a282a28e7182be82e69873	1F8000:BD3=817582c582e081408da182cc889f96eb8cc182bf82e182f182cd0a0909090982c682c182c482e0814082a282a28e7182be82e69873
D01274	889f96eb8cc1817583868163816383868369987481638163	1F8000:C15
D01275	889f96eb8cc181758386816383868369816381408d7382c182bf82e181408384835f8163	1F8000:C45
D01276	8386836981758d7382a982c882a282e681490a82c782b182c982e081408d7382a982c882a282e698730a82b182b182c982a282e982a982e79873	1F8000:C76=8386836981758d7382a982c882a282e681490a0909090982c782b182c982e081408d7382a982c882a282e698730a0909090982b182b182c982a282e982a982e79873
D01277	817588ea906c82c982c882f182c482b582c882a281490a90e291ce82b582c882a29873	1F8000:CC5=817588ea906c82c982c882f182c482b582c882a281490a0909090990e291ce82b582c882a29873
D01278	83868369817582a282c182cf82a2975682f182c581630a82a282c182cf82a29746924281408dec82c182c481630a82cb82c181498140835f838182e6987381408e8082f182b682e1835f83819873	1F8000:D04=83868369817582a282c182cf82a2975682f182c581630a0909090982a282c182cf82a29746924281408dec82c182c481630a0909090982cb82c181498140835f838182e6987381408e8082f182b682e1835f83819873
D01279	889f96eb8cc181758e8082c982bd82ad816382c882a28163	1F8000:D67
D01280	889f96eb8cc1817583868369816381630a82a082e882aa82c682a4816381638386836981638163	1F8000:D97=889f96eb8cc1817583868369816381630a0909090982a082e882aa82c682a4816381638386836981638163
D01281	889f96eb8cc181758386836981638163	1F8000:DC3 238000:1218 240000:12E8
D01282	8175837483748362814082b182f182c88f8a82c982a282bd8163	1F8000:DEA
D01283	889f96eb8cc181759873	1F8000:E05
D01284	889f96eb8cc1817582b1814082b182cc90ba82cd9874	1F8000:E2D
D01285	8175917b82b582bd82ed8163814082b382a08b4182e882dc82b582e582a481630a8e84924282cc8d9181408b408a4289bb92e98d9182d681638163	1F8000:E5A=8175917b82b582bd82ed8163814082b382a08b4182e882dc82b582e582a481630a090909098e84924282cc8d9181408b408a4289bb92e98d9182d681638163
D01286	889f96eb8cc1817582a682c18148	1F8000:E9A
D01287	81758d6392e995c389ba82e0814082a88e6f82b382f1924282e00a82a082c882bd82cc8b4182e882f091d282c182c482a282e982cc82e681638163	1F8000:EBF=81758d6392e995c389ba82e0814082a88e6f82b382f1924282e00a0909090982a082c882bd82cc8b4182e882f091d282c182c482a282e982cc82e681638163
D01288	889f96eb8cc1817582a88e6f976c82e08163	1F8000:EFF
D01289	889f96eb8cc1817582e2816382e282be82e681490a8341835e835681408b4182e782c882a28149814082b882c182c682b882c182c60a8386836982c682a282e982f182be82a982e79873	1F8000:F28=889f96eb8cc1817582e2816382e282be82e681490a0909090909098341835e835681408b4182e782c882a28149814082b882c182c682b882c182c60a0909090909098386836982c682a282e982f182be82a982e79873
D01290	817589bd82f08cbe82c182c482e982cc81480a937a82e782cd934782c882cc82e681638163	1F8000:F95=817589bd82f08cbe82c182c482e982cc81480a09090909937a82e782cd934782c882cc82e681638163
D01291	889f96eb8cc1817588e182a482e6814981408386836982cd8341835e835682cc0a817797469242817882be82e082f18149	1F8000:FBF=889f96eb8cc1817588e182a482e6814981408386836982cd8341835e835682cc0a090909090909817797469242817882be82e082f18149
D01292	817589bd82f08cbe82a28f6f82b782a982c68e7682a682ce81630a837483748362816381779746924281788148	1F8000:100D=817589bd82f08cbe82a28f6f82b782a982c68e7682a682ce81630a09090909837483748362816381779746924281788148
D01293	8175906c8ad482c68e84924282cd81408969899382c995aa82a982e88d8782a682c882a20a91b68ddd82c882cc82e681638140937a82e782cc8cfb8ed482c90a8fe682b982e782ea82c482e982be82af82be82ed8163	1F8000:104A=8175906c8ad482c68e84924282cd81408969899382c995aa82a982e88d8782a682c882a20a0909090991b68ddd82c882cc82e681638140937a82e782cc8cfb8ed482c90a090909098fe682b982e782ea82c482e982be82af82be82ed8163
D01294	889f96eb8cc1817582a482a482f1814088e182a482e69873	1F8000:10B4
D01295	81758386836982cd96bd82aa82af82c50a8341835e835682f08f9582af82c482ad82ea82bd82e082f181490a8ee782c182c482ad82ea82bd82e082f19873	1F8000:10D8=81758386836982cd96bd82aa82af82c50a0909090909098341835e835682f08f9582af82c482ad82ea82bd82e082f181490a0909090909098ee782c182c482ad82ea82bd82e082f19873
D01296	817582dc82c182bd82ad95b782ab95aa82af82cc82c882a28e7182cb816381630a82a282a282ed81638163	1F8000:1144=817582dc82c182bd82ad95b782ab95aa82af82cc82c882a28e7182cb816381630a0909090982a282a282ed81638163
D01297	8175984182ea82c48b4182c182c4814082e082a488ea93780a8bb388e782cc82b592bc82b582e69873	1F8000:1191=8175984182ea82c48b4182c182c4814082e082a488ea93780a090909090909098bb388e782cc82b592bc82b582e69873
D01298	889f96eb8cc1817582e2814082e282df82c4816082c18149	1F8000:11CD
D01299	817583868369815b815b815b8149	1F8000:11FC
D01300	8386836981759874	1F8000:1233 238000:F2F 240000:FFC 338000:283
D01301	8347838b8369815b817582c782a482b582dc82b582bd8148	1F8000:1247
D01302	83868369817582a4814082a482f181638163	1F8000:126B
D01303	8347838b8369815b82c9907182cb82e9	1F8000:1289
D01304	8a4f82f08ca982e9	1F8000:129A
D01305	8386836981758347838b8369815b816381408da18140889f96eb8cc182bf82e182f182cc0a90ba82aa95b782b182a682c882a982c182bd8148	1F8000:12A3=8386836981758347838b8369815b816381408da18140889f96eb8cc182bf82e182f182cc0a09090909090990ba82aa95b782b182a682c882a982c182bd8148
D01306	8347838b8369815b817582a682c1814881408e8482c982cd89bd82e08163	1F8000:12EE
D01307	83868369817581638163816381638163816381638148	1F8000:132B
D01308	83868369817582a082a082c198748140889f96eb8cc182bf82e182f182aa9873	1F8000:135F
D01309	837c838a838a815b8369817582ad82c181638163814082a282c282cc8ad482c99874	1F8000:138B
D01310	889f96eb8cc1817582a282e2814082a282e2815b815b815b82c181490a82a082bd82b581408386836982cc82bb82ce82c982a282e981490a8b408a4289bb92e98d9182c982c882f182a981408b4182e782c882a282e69873	200000:3E=889f96eb8cc1817582a282e2814082a282e2815b815b815b82c181490a09090909090982a082bd82b581408386836982cc82bb82ce82c982a282e981490a0909090909098b408a4289bb92e98d9182c982c882f182a981408b4182e782c882a282e69873
D01311	817582dc82c182bd82ad8140899d90b68ddb82aa88ab82a28149	200000:AF
D01312	817582bb82a482a282a482ed82af82c5814082dd82c882b382f10a8e8482cd8140985a89d490ed82cc8177938d89d481788149	200000:E1=817582bb82a482a282a482ed82af82c5814082dd82c882b382f10a0909090909098e8482cd8140985a89d490ed82cc8177938d89d481788149
D01313	938d89d48175889f96eb8cc182cd0a95d482b582c482a282bd82be82ab82dc82b782ed8149	200000:127=938d89d48175889f96eb8cc182cd0a09090909090995d482b582c482a282bd82be82ab82dc82b782ed8149
D01314	889f96eb8cc1817583868369815b815b9873	200000:183
D01315	8347838b8369815b817582a0814082a082ea82cd98740a838f815b8376837c8343839383679873	200000:1A2=8347838b8369815b817582a0814082a082ea82cd98740a090909090909838f815b8376837c8343839383679873
D01316	8175938d89d482c9814082a082bb82b182c9939e924282b382ea82bd82e70a889f96eb8cc182f0984182ea96df82b982c882ad82c882e882dc82b79873	200000:1DC=8175938d89d482c9814082a082bb82b182c9939e924282b382ea82bd82e70a090909090909889f96eb8cc182f0984182ea96df82b982c882ad82c882e882dc82b79873
D01317	83868369817593f1937882c6889f96eb8cc182bf82e182f182f00a8b408a4289bb92e98d9182c882f182a982c9936e82b382c882a282ed9873	200000:22C=83868369817593f1937882c6889f96eb8cc182bf82e182f182f00a0909090909098b408a4289bb92e98d9182c882f182a982c9936e82b382c882a282ed9873
D01318	938d89d48175836e836e836e8362814082cc82eb82dc82c8937a82e782cb81630a889f96eb8cc182cd814082a282bd82be82ad82ed98730a82b382e782ce8140926e8b8582cc8ed282c782e09873	200000:29F=938d89d48175836e836e836e8362814082cc82eb82dc82c8937a82e782cb81630a09090909090909889f96eb8cc182cd814082a282bd82be82ad82ed98730a0909090909090982b382e782ce8140926e8b8582cc8ed282c782e09873
D01319	838683698175834c8383815b815b83620a889f96eb8cc182bf82e182f182aa81608160	200000:308=838683698175834c8383815b815b83620a09090909090909889f96eb8cc182bf82e182f182aa81608160
D01320	8bbe96be81758e8482aa82b182cc92f6937882c58163	200000:88D 220000:7EA 228000:943 238000:9A2 240000:A68 248000:9D5 278000:A7E 288000:2B0 2D8000:5F6 300000:AAC 308000:732 310000:77A 340000:597 350000:597 360000:597 370000:597 388000:B8F 398000:70E 3A8000:594 3B0000:634 3B8000:612 3C0000:5F1 3E8000:94B 3F0000:5E8 400000:5FC 408000:604
D01321	83868369817582b282df82f182cb81638163889f96eb8cc182bf82e182f181638163	200000:8BF
D01322	938d89d48175889f96eb8cc182f0984182ea82c496df82e782cb82ce816381630a82b182cc8e8482cd81638163	200000:8F5=938d89d48175889f96eb8cc182f0984182ea82c496df82e782cb82ce816381630a0909090909090909090909090982b182cc8e8482cd81638163
D01323	838683698175889f96eb8cc182bf82e182f1814091e58fe4957698740a8350834b82cd82c882a28148	200000:97E=838683698175889f96eb8cc182bf82e182f1814091e58fe4957698740a0909090909098350834b82cd82c882a28148
D01324	889f96eb8cc181758386836981498140838683698149	200000:9BA
D01325	83868369817582c782a482b582bd82cc9874	200000:9DD
D01326	889f96eb8cc18175978882c482ad82ea82bd816381630a8386836981408f9582af82c9978882c482ad82ea82bd82f182be8149	200000:9FC=889f96eb8cc18175978882c482ad82ea82bd816381630a0909090909098386836981408f9582af82c9978882c482ad82ea82bd82f182be8149
D01327	83868369817583458374837498760a939682bd82e8914f82b682e182c882a2	200000:A42=83868369817583458374837498760a090909090909939682bd82e8914f82b682e182c882a2
D01328	889f96eb8cc1817582a082bd82b5816381630a82b182b182c982a282c4814082a282a282e682cb81480a82b882c182c681408386836982cc82bb82ce82c982a282c482a282a282e682cb8148	200000:A74=889f96eb8cc1817582a082bd82b5816381630a09090909090982b182b182c982a282c4814082a282a282e682cb81480a09090909090982b882c182c681408386836982cc82bb82ce82c982a282c482a282a282e682cb8148
D01329	83868369817582e082bf82eb82f1814082a082bd82b582e0816381630a82b882c182c682b882c182c6814082bb82ce82c982a282e982e69876	200000:AD9=83868369817582e082bf82eb82f1814082a082bd82b582e0816381630a09090909090982b882c182c682b882c182c6814082bb82ce82c982a282e982e69876
D01330	8347838a834a817582dc82bd8140905682b582a292878ad482aa0a82c582ab82bd82e682a482cb8163	208000:2E=8347838a834a817582dc82bd8140905682b582a292878ad482aa0a09090909090982c582ab82bd82e682a482cb8163
D01331	9591817582c182bd82ad814090ed82a482bd82d182c992878ad482aa0a919d82a682c482ad82f182be82a982e7816381408386836982e00a96ad82c88e7182e682cb82a581638163	208000:69=9591817582c182bd82ad814090ed82a482bd82d182c992878ad482aa0a090909090909919d82a682c482ad82f182be82a982e7816381408386836982e00a09090909090996ad82c88e7182e682cb82a581638163
D01332	8386815b838a8342817582ab82c182c6814082e082c182c682e082c182c60a82a89746924282aa919d82a682c482ad82c582b782a39873	208000:D4=8386815b838a8342817582ab82c182c6814082e082c182c682e082c182c60a09090909090982a89746924282aa919d82a682c482ad82c582b782a39873
D01333	837c838a838a815b8369817583748362814082bb82a482cb81630a8e8482e0814082bb82a48e7682a482ed	208000:11D=837c838a838a815b8369817583748362814082bb82a482cb81630a0909090909098e8482e0814082bb82a48e7682a482ed
D01334	94928d818175974692428163814083588365834c82c88cbe977482c582b782cb8163	208000:15A
D01335	837c838a838a815b8369817582b182cc89b982cd8b7e93ef904d8d868149	208000:1A5
D01336	837e834c817582b282ad8ee382a29364946782c882f182c582b782aa0a89bd82c682a9834c83838362836082b582dc82b582bd81490a8da181408966919c82aa8f6f82dc82b78149	208000:1CF=837e834c817582b282ad8ee382a29364946782c882f182c582b782aa0a09090909090989bd82c682a9834c83838362836082b582dc82b582bd81490a0909090909098da181408966919c82aa8f6f82dc82b78149
D01337	8175905f8a79816381638386836981638163918182ad816381630a82b182cc82dc82dc82c582cd816382b182cc90af82aa81638163	208000:263=8175905f8a79816381638386836981638163918182ad816381630a0909090982b182cc82dc82dc82c582cd816382b182cc90af82aa81638163
D01338	817582a0829f815b815b815b815b82c19873	208000:2A8
D01339	83868369817582b582c182a982e882b582c48149814082cb82a681490a82cb82a682c182bd82e78149	208000:2BB=83868369817582b582c182a982e882b582c48149814082cb82a681490a09090909090982cb82a682c182bd82e78149
D01340	8175905f8a798de28386836982cd814082dc82be82a998740a82b182cce587984f90af8177837e8347836c815b8384817882cc96af82f00a8ca98e4582b582c982b782e982c282e082e882a98149	208000:30C=8175905f8a798de28386836982cd814082dc82be82a998740a0909090982b182cce587984f90af8177837e8347836c815b8384817882cc96af82f00a090909098ca98e4582b582c982b782e982c282e082e882a98149
D01341	8bbe96be817582a082ea82cd81639874	208000:363
D01342	817583748362816382dc82a082a282a281638140937a82aa978882c882ad82c682e00a8e8482cd91de8bfc82b582c882a282c58dcf82dd82bb82a482be82b582c881490a836e815b8362836e8362836e83628163	208000:38A=817583748362816382dc82a082a282a281638140937a82aa978882c882ad82c682e00a090909098e8482cd91de8bfc82b582c882a282c58dcf82dd82bb82a482be82b582c881490a09090909836e815b8362836e8362836e83628163
D01343	8bbe96be817582ad82c1814082c882f182c682a282a482b182c682f081638163	208000:3F2
D01344	8386836981758bbe96be82b382f18149814082a082cc906c82cc82b182c60a926d82c182c482e982cc8148	208000:41E=8386836981758bbe96be82b382f18149814082a082cc906c82cc82b182c60a090909090909926d82c182c482e982cc8148
D01345	8bbe96be8175937a82cd985a89d490ed82cc81778e87977a89d4817898730a96da934982cc82bd82df82c982cd8ee8926982f0914982d182dc82b982f18149	208000:45B=8bbe96be8175937a82cd985a89d490ed82cc81778e87977a89d4817898730a09090909090996da934982cc82bd82df82c982cd8ee8926982f0914982d182dc82b982f18149
D01346	837c838a838a815b8369817582dd82f182c881408d7382ad82ed82e68149	208000:4B7
D01347	97ed94fc817582dc82bd81408b7e93ef904d8d868341838b82a9816098740a918182ad8d7382ad8341838b82e69873	208000:4E1=97ed94fc817582dc82bd81408b7e93ef904d8d868341838b82a9816098740a090909090909918182ad8d7382ad8341838b82e69873
D01348	837e834c817591d282c182c4814981408da1937882cd816381630a81778969899382cc8376838a8393835a83588d86817882a982e782c582b79873	208000:522=837e834c817591d282c182c4814981408da1937882cd816381630a09090909090981778969899382cc8376838a8393835a83588d86817882a982e782c582b79873
D01349	83868369817582a6815b815b82c198740a81778376838a8393835a83588145837e8389815b83578385817882a982e79874	208000:56F=83868369817582a6815b815b82c198740a09090909090981778376838a8393835a83588145837e8389815b83578385817882a982e79874
D01350	837c838a838a815b83698175837e8389815b83578385814082c782a482b582bd82cc8148	208000:5CF
D01351	837e8389815b83578385817582dd82c882b382f1816395b782b182a682dc82b782a981630a8376838a8393835a83588d8681638163934782aa816381630a93e0959482c9949a926582f081638163	208000:60A=837e8389815b83578385817582dd82c882b382f1816395b782b182a682dc82b782a981630a090909098376838a8393835a83588d8681638163934782aa816381630a0909090993e0959482c9949a926582f081638163
D01352	83868369817582a682a682c19874814082ce8140949a92659874	208000:661
D01353	837e8389815b83578385817582c882f182c682a9816389f18efb82b582c4816381630a82b29053947a816381638b7982d182dc82b982f18163816391e58fe495768163	208000:692=837e8389815b83578385817582c882f182c682a9816389f18efb82b582c4816381630a0909090982b29053947a816381638b7982d182dc82b982f18163816391e58fe495768163
D01354	838683698175837e8389815b8357838581498140837e8389815b835783858149	208000:6DA
D01355	83868369817582c7814082c7815b82b582e682a498740a81778376838a8393835a83588d86817882c68177837e8347836c815b8384817881630a97bc95fb82aa83738393836082c882f182c48163	208000:711=83868369817582c7814082c7815b82b582e682a498740a09090909090981778376838a8393835a83588d86817882c68177837e8347836c815b8384817881630a09090909090997bc95fb82aa83738393836082c882f182c48163
D01356	8347838a834a81758c8882dc82c182c482e982ed8149814082b182cc8fea8d870a82bd82d482f1837e8347836c815b838482cd814082a882c682e881630a934782cc905e82cc96da934982cd8376838a8393835a83588d8682e68149	208000:777=8347838a834a81758c8882dc82c182c482e982ed8149814082b182cc8fea8d870a09090909090982bd82d482f1837e8347836c815b838482cd814082a882c682e881630a090909090909934782cc905e82cc96da934982cd8376838a8393835a83588d8682e68149
D01357	837e8354834c817582bf82e582c182c691d282c182c481490a837e8347836c815b838482aa814082a882c682e882c682a282a482cc82c882e70a8b7482e08d6c82a682e782ea82e982f182b682e182c882a282a982b582e78148	208000:7EB=837e8354834c817582bf82e582c182c691d282c182c481490a090909090909837e8347836c815b838482aa814082a882c682e882c682a282a482cc82c882e70a0909090909098b7482e08d6c82a682e782ea82e982f182b682e182c882a282a982b582e78148
D01358	8175838f836982a982e0926d82ea82c882a282af82c7814082a082cc90af82cc0a906c815882f095fa82c182c482a882ad82ed82af82c982cd82a282a982c882a282ed8149	208000:85D=8175838f836982a982e0926d82ea82c882a282af82c7814082a082cc90af82cc0a090909090909906c815882f095fa82c182c482a882ad82ed82af82c982cd82a282a982c882a282ed8149
D01359	8347838a834a817582c582cd81408376838a8393835a83588d8682f00a8ca98ecc82c482e982c182c482a282a482cc81488140837e8389815b8357838582cd0a8e84924282cc92878ad482c882cc82e68149	208000:8B4=8347838a834a817582c582cd81408376838a8393835a83588d8682f00a0909090909098ca98ecc82c482e982c182c482a282a482cc81488140837e8389815b8357838582cd0a0909090909098e84924282cc92878ad482c882cc82e68149
D01360	837e8354834c817582a082c882bd82b182bb837e8347836c815b838482cc0a906c815882f08ca98e4582b582c982b782e982c282e082e881480a8ddf82cc82c882a2906c815882aa8aeb8a5182f08ef382af82c482e982cc82e68149	208000:91E=837e8354834c817582a082c882bd82b182bb837e8347836c815b838482cc0a090909090909906c815882f08ca98e4582b582c982b782e982c282e082e881480a0909090909098ddf82cc82c882a2906c815882aa8aeb8a5182f08ef382af82c482e982cc82e68149
D01361	838683698175837c838a838a815b8369976c829f814082c782a482b582e682a4987a	208000:99D
D01362	837c838a838a815b8369817593f1906c82c682e090b3985f82be82af82c90a94bb926682aa93ef82b582a282ed82cb8163	208000:9CB=837c838a838a815b8369817593f1906c82c682e090b3985f82be82af82c90a09090909090994bb926682aa93ef82b582a282ed82cb8163
D01363	8347838b8369815b817582bb82a482c582b781408386836981490a935690af82c9904e93fc82b582bd82c682ab82c693af82b682e682a482c90a93f18ee882c995aa82a982ea82c48d7393ae82b582dc82b582e582a49873	208000:A0E=8347838b8369815b817582bb82a482c582b781408386836981490a090909090909935690af82c9904e93fc82b582bd82c682ab82c693af82b682e682a482c90a09090909090993f18ee882c995aa82a982ea82c48d7393ae82b582dc82b582e582a49873
D01364	837c838a838a815b8369817582bb82a482cb816381408bd98b7d8e9691d482be82b50a82b182cc8ddb81408e6495fb82c882a282ed82cb8149	208000:A7E=837c838a838a815b8369817582bb82a482cb816381408bd98b7d8e9691d482be82b50a09090909090982b182cc8ddb81408e6495fb82c882a282ed82cb8149
D01365	8347838b8369815b817582bb82ea82b682e18140914f82c693af82b682ad0a8386836982c6837c838a838a815b836982cc8360815b838082c90a95aa82af82dc82b582e582a48149	208000:AD4=8347838b8369815b817582bb82ea82b682e18140914f82c693af82b682ad0a0909090909098386836982c6837c838a838a815b836982cc8360815b838082c90a09090909090995aa82af82dc82b582e582a48149
D01366	837c838a838a815b8369817582c782bf82e782c9906982de82c982b582eb0a8da189f182cc934782cd8386836982f09557934982c682b582c482a282e98163	208000:B34=837c838a838a815b8369817582c782bf82e782c9906982de82c982b582eb0a0909090909098da189f182cc934782cd8386836982f09557934982c682b582c482a282e98163
D01367	81758386836982cc8360815b838082c9945c97cd82cc8d8282a28ed282f00a8f5782df82e995fb82aa82a282a282ed82cb8149	208000:B85=81758386836982cc8360815b838082c9945c97cd82cc8d8282a28ed282f00a0909090909098f5782df82e995fb82aa82a282a282ed82cb8149
D01368	8347838b8369815b817582b382a081408386836981490a984182ea82c482a282ad92878ad482f0914982f182c582ad82be82b382a28149	208000:BCA=8347838b8369815b817582b382a081408386836981490a090909090909984182ea82c482a282ad92878ad482f0914982f182c582ad82be82b382a28149
D01369	8347838b8369815b8175984182ea82c482a282ad92878ad482cd8c8882dc82c182bd0a82e682a482c582b782cb8149	218000:11=8347838b8369815b8175984182ea82c482a282ad92878ad482cd8c8882dc82c182bd0a09090909090982e682a482c582b782cb8149
D01370	817582bb82ea82c582cd8140838683690a82c782bf82e782c98cfc82a982a282dc82b782a98148	218000:52=817582bb82ea82c582cd8140838683690a09090909090982c782bf82e782c98cfc82a982a282dc82b782a98148
D01371	e587984f90af837e8347836c815b8384	218000:8B
D01372	8969899382cc8376838a8393835a83588d86	218000:9C
D01373	83868369817582a082bd82b582cd8177837e8347836c815b8384817882d681490a837c838a838a815b8369976c82cd81408376838a8393835a83588d8682cc95fb82f00a82a88ae882a282b582dc82b78149	218000:AF=83868369817582a082bd82b582cd8177837e8347836c815b8384817882d681490a090909090909837c838a838a815b8369976c82cd81408376838a8393835a83588d8682cc95fb82f00a09090909090982a88ae882a282b582dc82b78149
D01374	837c838a838a815b8369817582ed82a982c182bd82ed8140838683698149	218000:119
D01375	83868369817582a082bd82b582cd81778376838a8393835a83588d86817882d681490a837c838a838a815b8369976c82cd8140837e8347836c815b838482cc95fb82f00a82a88ae882a282b582dc82b78149	218000:1E1=83868369817582a082bd82b582cd81778376838a8393835a83588d86817882d681490a090909090909837c838a838a815b8369976c82cd8140837e8347836c815b838482cc95fb82f00a09090909090982a88ae882a282b582dc82b78149
D01376	83868369817582be8140924e82e082a282c882a2816381630a82b182b182cc906c82cd814088ea91cc0a82c782b182c98d7382c182bf82e182c182bd82cc8148	220000:28=83868369817582be8140924e82e082a282c882a2816381630a09090909090982b182b182cc906c82cd814088ea91cc0a09090909090982c782b182c98d7382c182bf82e182c182bd82cc8148
D01377	8175837483628374836283748362816382e282cd82e88140978882bd82c88149	220000:8D
D01378	8e87977a89d48175836a835a82cc8b7e93ef904d8d8682f08140905e82c98ef382af0a836d8352836d835282e282c182c482ad82e982c682cd816381630a837d836b835082c89841928682be82e68149	220000:CB=8e87977a89d48175836a835a82cc8b7e93ef904d8d8682f08140905e82c98ef382af0a090909090909836d8352836d835282e282c182c482ad82e982c682cd816381630a090909090909837d836b835082c89841928682be82e68149
D01379	83868369817582bb814082bb82ea82b682e182a00a82b182cc90af82cc906c924282cd81638163	220000:134=83868369817582bb814082bb82ea82b682e182a00a09090909090982b182cc90af82cc906c924282cd81638163
D01380	8e87977a89d481758e4f93fa82d982c7914f82a9816381630a8371837d82c282d482b582c981408e8482aa8e6e969682b582c482e282c182bd82e68163	220000:16E=8e87977a89d481758e4f93fa82d982c7914f82a9816381630a0909090909098371837d82c282d482b582c981408e8482aa8e6e969682b582c482e282c182bd82e68163
D01381	817582a282c582e68140817796b68cb681789873	220000:1D0
D01382	8e87977a89d481758374836281630a82a8914f924282c982cd814082b182a282c282e782cd937c82b982c882a29873	220000:1F1=8e87977a89d481758374836281630a09090909090982a8914f924282c982cd814082b182a282c282e782cd937c82b982c882a29873
D01383	8175817796b68cb68178959491e082cc8cb689658d558c8281490a82c682ad82c696a182ed82a482aa82a282a29873	220000:233=8175817796b68cb68178959491e082cc8cb689658d558c8281490a09090909090982c682ad82c696a182ed82a482aa82a282a29873
D01384	889f96eb8cc1817582b282df82f182cb8163814096fb926682b582bf82e182c182bd8163	220000:81C 228000:975 238000:9D4 240000:A9A 248000:5A5 278000:AB0 2D8000:628 300000:ADE 308000:764 310000:7AC 340000:5C9 350000:5C9 360000:5C9 370000:5C9 388000:BC1 398000:740 3A8000:5C6 3B0000:666 3B8000:644 3C0000:623 3E8000:97D 3F0000:61A 400000:62E 408000:636
D01385	8e87977a89d481758b4d976c82e782b282c682ab82c90a82e282e782ea82e982cc82a9829f815b815b82c19873	220000:8A8=8e87977a89d481758b4d976c82e782b282c682ab82c90a090909090909090909090909090982e282e782ea82e982cc82a9829f815b815b82c19873 228000:A01=8e87977a89d481758b4d976c82e782b282c682ab82c90a090909090909090909090909090982e282e782ea82e982cc82a9829f815b815b82c19873
D01386	82b182b182c582cd81408ec08d738f6f978882c882a28149	220000:92A
D01387	837c838a838a815b8369817583868369816381408e8482e681630a949a92658f88979d82cd8aae97b982b582bd82ed81490a837e8389815b8357838582cd96b38e9682e68149	220000:955=837c838a838a815b8369817583868369816381408e8482e681630a090909090909949a92658f88979d82cd8aae97b982b582bd82ed81490a090909090909837e8389815b8357838582cd96b38e9682e68149
D01388	83868369817582b382c182b782aa8140837c838a838a815b8369976c98760a82b182c182bf82e0814082bd82c182bd8da10a8f4982ed82c182bd8367835282c582b78149	220000:9B4=83868369817582b382c182b782aa8140837c838a838a815b8369976c98760a09090909090982b182c182bf82e0814082bd82c182bd8da10a0909090909098f4982ed82c182bd8367835282c582b78149
D01389	837c838a838a815b8369817582bb82a4816381408dec90ed90ac8cf782cb8149	220000:A11
D01390	837e8389815b83578385817582a082e882aa82c682a481408386836982b382f181630a834783938357839382cc92b290ae82aa8f4982ed82c182bd82e70a82b782ae82c992c782a282a982af82dc82b782ed8163	220000:A3E=837e8389815b83578385817582a082e882aa82c682a481408386836982b382f181630a090909090909834783938357839382cc92b290ae82aa8f4982ed82c182bd82e70a09090909090982b782ae82c992c782a282a982af82dc82b782ed8163
D01391	83868369817582e682a982c182bd82cb8140837e8389815b835783858149	220000:AAB
D01392	838683698175837e8389815b8357838581490a8f9582af82c9978882bd82e6815b8149	228000:28=838683698175837e8389815b8357838581490a0909090909098f9582af82c9978882bd82e6815b8149
D01393	837e8389815b835783858175838681408386836982b382f198740a8e8482cc82bd82df82c98148	228000:6A=837e8389815b835783858175838681408386836982b382f198740a090909098e8482cc82bd82df82c98148
D01394	8347838b8369815b81758386836981490a82a082cc949a926582cd81408d558c8282b782ea82ce0a8e9e8cc09195927582aa92e28e7e82b782e982cd82b882c582b78149	228000:96=8347838b8369815b81758386836981490a09090909090982a082cc949a926582cd81408d558c8282b782ea82ce0a0909090909098e9e8cc09195927582aa92e28e7e82b782e982cd82b882c582b78149
D01395	83868369817582ed82a982c182bd82ed81408347838b8369815b81490a837e8389815b835783858140949a926582c882f182c40a82b782ae81408a4f82b582c482a082b082e982a982e78149	228000:F3=83868369817582ed82a982c182bd82ed81408347838b8369815b81490a090909090909837e8389815b835783858140949a926582c882f182c40a09090909090982b782ae81408a4f82b582c482a082b082e982a982e78149
D01396	8e87977a89d48175836f834a82df98730a82bb82a48ac8925082c982a282ad82a982c89874	228000:175=8e87977a89d48175836f834a82df98730a09090909090982bb82a48ac8925082c982a282ad82a982c89874
D01397	83868369817582a082c882bd82cd98740a8177837e8347836c815b8384817882c9814082a282bd82cd82b882c882cc82c98149	228000:1BF=83868369817582a082c882bd82cd98740a0909090909098177837e8347836c815b8384817882c9814082a282bd82cd82b882c882cc82c98149
D01398	8e87977a89d48175836a835a82cc8b7e93ef904d8d8682c90a82be82dc82b382ea82c882a982c182bd82cc82cd814082d982df82c482e282e981630a82b582a982b5814082b182cc8acd82cd82e082a48f4982ed82e882be9873	228000:205=8e87977a89d48175836a835a82cc8b7e93ef904d8d8682c90a09090909090982be82dc82b382ea82c882a982c182bd82cc82cd814082d982df82c482e282e981630a09090909090982b582a982b5814082b182cc8acd82cd82e082a48f4982ed82e882be9873
D01399	8347838b8369815b817583868369814981408b7d82a282c581490a8e6382e88e4f82c282c582b78149	228000:2B4=8347838b8369815b817583868369814981408b7d82a282c581490a09090909090909098e6382e88e4f82c282c582b78149
D01400	8347838b8369815b81758fc582e782c882a282c58140838683698149	228000:300
D01401	8347838b8369815b817582a082c688ea8cc282c582b781490a8386836981408ae692a382c182c48149	228000:337=8347838b8369815b817582a082c688ea8cc282c582b781490a09090909090909098386836981408ae692a382c182c48149
D01402	8e87977a89d4817582a882cc82ea815b81408b9682b382f182bc98730a82b182a482c882ea82ce81408e8481408ea982e782cc8ee882c50a926e8d9682c9978e82c682b582c482e282e99873	228000:38A=8e87977a89d4817582a882cc82ea815b81408b9682b382f182bc98730a09090909090909090982b182a482c882ea82ce81408e8481408ea982e782cc8ee882c50a090909090909090909926e8d9682c9978e82c682b582c482e282e99873
D01403	81758acd93e082c882cc82c5814094ad8ecb82c582ab82c882a28149	228000:A49
D01404	949a94ad82dc82c5814082a082c681408253835e815b83938149	228000:A6F
D01405	949a94ad82dc82c5814082a082c681408252835e815b83938149	228000:A93
D01406	949a94ad82dc82c5814082a082c681408251835e815b83938149	228000:AB7
D01407	949a94ad82dc82c5814082a082c681408250835e815b83938149	228000:ADB
D01408	83868369817582d382a482c181630a82c882f182c682a981408ad482c98d8782c182bd82dd82bd82a28149	228000:B60=83868369817582d382a482c181630a09090909090982c882f182c682a981408ad482c98d8782c182bd82dd82bd82a28149
D01409	837c838a838a815b83698175838683698163816381408e8482e681630a8177e587984f90af817882cc934782cd814095d082c382af82bd82ed8149	228000:BB0=837c838a838a815b83698175838683698163816381408e8482e681630a0909090909098177e587984f90af817882cc934782cd814095d082c382af82bd82ed8149
D01410	83868369817582b382c182b782aa8140837c838a838a815b8369976c98760a82b182c182bf82e082bd82c182bd8da181408f4982ed82c182bd8367835282c582b78149	228000:BFE=83868369817582b382c182b782aa8140837c838a838a815b8369976c98760a09090909090982b182c182bf82e082bd82c182bd8da181408f4982ed82c182bd8367835282c582b78149
D01411	837c838a838a815b8369817582bb82a481638dec90ed90ac8cf782cb8149	228000:C54
D01412	837e8389815b8357838581758386836982b382f181638163	228000:C7F
D01413	8386836981758376838a8393835a83588145837e8389815b835783858149	228000:CA4
D01414	837e8389815b83578385817582b182cc82dc82dc82c582cd0a91e595cf82c88e9682c982c882e982c682b182eb82c582b582bd81630a967b939682c982a082e882aa82c682a48149	228000:CCF=837e8389815b83578385817582b182cc82dc82dc82c582cd0a09090909090991e595cf82c88e9682c982c882e982c682b182eb82c582b582bd81630a090909090909967b939682c982a082e882aa82c682a48149
D01415	8175834783938357839382cc92b290ae82aa8f4982ed82c182bd82e70a82b782ae82c992c782a282a982af82dc82b782ed8149	228000:D30=8175834783938357839382cc92b290ae82aa8f4982ed82c182bd82e70a09090909090982b782ae82c992c782a282a982af82dc82b782ed8149
D01416	83868369817582a482f1814096b38e9682c582e682a982c182bd82cb0a837e8389815b835783859873	228000:D76=83868369817582a482f1814096b38e9682c582e682a982c182bd82cb0a090909090909837e8389815b835783859873
D01417	959181758e6c93568b4082c682a282a28140985a89d490ed82c682a282a20a8b408a4289bb92e98d9182c182c4814090ab8a6988ab82a28384836382ce82c182a90a82c882f182b682e182c882a282cc8149	230000:23=959181758e6c93568b4082c682a282a28140985a89d490ed82c682a282a20a0909090909098b408a4289bb92e98d9182c182c4814090ab8a6988ab82a28384836382ce82c182a90a09090909090982c882f182b682e182c882a282cc8149
D01418	8347838a834a8175959489ba82aa814082a082cc92b28e7182be82c60a8b408a4289bb8d6392e982cd8dc588ab82cb8149	230000:8D=8347838a834a8175959489ba82aa814082a082cc92b28e7182be82c60a0909090909098b408a4289bb8d6392e982cd8dc588ab82cb8149
D01419	8bbe96be8175937a8163814082a282e2814094de8f9782e08f8982df82a982e70a82a082cc82e682a482c896ec905389c682c582cd82c882a982c182bd82cc82c582b78163	230000:D0=8bbe96be8175937a8163814082a282e2814094de8f9782e08f8982df82a982e70a09090909090982a082cc82e682a482c896ec905389c682c582cd82c882a982c182bd82cc82c582b78163
D01420	8bbe96be817594de8f9782aa88c8914f82cc82dc82dc82c582a082c182bd82c882e70a817797648b408e4f8e6f9685817882e090b682dc82ea82e982b182c682cd0a82c882a982c182bd82cd82b88163	230000:132=8bbe96be817594de8f9782aa88c8914f82cc82dc82dc82c582a082c182bd82c882e70a090909090909817797648b408e4f8e6f9685817882e090b682dc82ea82e982b182c682cd0a09090909090982c882a982c182bd82cd82b88163
D01421	83868369817582c7815b82a282a482b182c682c882cc81408bbe96be82b382f18148	230000:19A
D01422	8bbe96be81758b408a4289bb8d6392e982cd97448f4782c88e7793b18ed282c582a082e80a82dc82bd814093568dcb934982c889c88a778ed282c582e082a082e882dc82b582bd8163	230000:1DE=8bbe96be81758b408a4289bb8d6392e982cd97448f4782c88e7793b18ed282c582a082e80a0909090982dc82bd814093568dcb934982c889c88a778ed282c582e082a082e882dc82b582bd8163
D01423	8175955e95cf82b582bd94de8f9782cd814082bb82cc93aa945d82f08bec8e6782b582c40a817797648b408e4f8e6f9685817881778e6c93568b4081788163814082bb82b582c40a8177985a89d490ed817882f0916e82e88fe382b082bd82cc82c582b78163	230000:242=8175955e95cf82b582bd94de8f9782cd814082bb82cc93aa945d82f08bec8e6782b582c40a09090909817797648b408e4f8e6f9685817881778e6c93568b4081788163814082bb82b582c40a090909098177985a89d490ed817882f0916e82e88fe382b082bd82cc82c582b78163
D01424	8175889f96eb8cc1924282cd94de8f9782cc905382cc88c582e682e80a90b682dc82ea82bd8163814082a282ed82ce905382cc95aa90678163	230000:2BC=8175889f96eb8cc1924282cd94de8f9782cc905382cc88c582e682e80a0909090990b682dc82ea82bd8163814082a282ed82ce905382cc95aa90678163
D01425	8bbe96be81758b408a4289bb8d6392e982cd814082dc82b382b582ad0a94de8f97924282cc817795ea817882c882cc82c582b781638163	230000:310=8bbe96be81758b408a4289bb8d6392e982cd814082dc82b382b582ad0a0909090994de8f97924282cc817795ea817882c882cc82c582b781638163
D01426	889f96eb8cc18175816381638163816381638163816381638163	230000:34C 238000:1166 240000:1236
D01427	83868369817582bb814082bb82f182c88e9682c182c481638163	230000:367
D01428	8bbe96be817582bb82cc90cc81408b408a4289bb8d6392e982cd0a817794928d6392e981458bca89d8976c817882c682c682e082c90a89e482aa92e98d9182f08ea182df82c482a282dc82b582bd81638163	230000:3A3=8bbe96be817582bb82cc90cc81408b408a4289bb8d6392e982cd0a09090909817794928d6392e981458bca89d8976c817882c682c682e082c90a0909090989e482aa92e98d9182f08ea182df82c482a282dc82b582bd81638163
D01429	817593f1906c82cc939d8ea182c982e682e995bd986182c88e9e91e382cd0a82a282c282dc82c582e091b182ad82c68e7682ed82ea82dc82b582bd8163	230000:409=817593f1906c82cc939d8ea182c982e682e995bd986182c88e9e91e382cd0a0909090982a282c282dc82c582e091b182ad82c68e7682ed82ea82dc82b582bd8163
D01430	8bbe96be817582be82aa8163814094de8f9782cd814082a082e993fa93cb91520a955e95cf82b582bd8163	230000:461=8bbe96be817582be82aa8163814094de8f9782cd814082a082e993fa93cb91520a09090909955e95cf82b582bd8163
D01431	817597e28d9382c888ab968282c689bb82b5814095ba82f097a682a282c40a8be289cd904e8d5582f08e6e82df82bd82cc82c582b79873	230000:49C=817597e28d9382c888ab968282c689bb82b5814095ba82f097a682a282c40a090909098be289cd904e8d5582f08e6e82df82bd82cc82c582b79873
D01432	837c838a838a815b8369817582c782a482b582c4814082bb82f182c88e9682c98148	230000:4E3
D01433	8bbe96be817594de8f9782cd967b939682c9916690b082e782b582a20a906c95a882c582b582bd816381408e7793b18ed282c682b582c482cc8aed82e00a905c82b595aa82c882a982c182bd8163	230000:51C=8bbe96be817594de8f9782cd967b939682c9916690b082e782b582a20a09090909906c95a882c582b582bd816381408e7793b18ed282c682b582c482cc8aed82e00a09090909905c82b595aa82c882a982c182bd8163
D01434	817582be82aa814082bd82c182bd88ea82c2814094928d6392e981458bca89d8976c82c90a8b7982ce82ca935f82aa82a082c182bd82cc82c582b78163	230000:57E=817582be82aa814082bd82c182bd88ea82c2814094928d6392e981458bca89d8976c82c90a090909098b7982ce82ca935f82aa82a082c182bd82cc82c582b78163
D01435	8bbe96be8175906c815882f088f882ab82c282af82e99356958a82cc8dcb816381630a8177906c965d817881638163	230000:5D6=8bbe96be8175906c815882f088f882ab82c282af82e99356958a82cc8dcb816381630a090909098177906c965d817881638163
D01436	817593af82b68e7793b18ed282c582a082e882c882aa82e7814096af8f4f82cc0a82dc82c882b482b582cd8bca89d8976c82c98cfc82af82e782ea82c482b582dc82a48163	230000:615=817593af82b68e7793b18ed282c582a082e882c882aa82e7814096af8f4f82cc0a0909090982dc82c882b482b582cd8bca89d8976c82c98cfc82af82e782ea82c482b582dc82a48163
D01437	8bbe96be81758c8882b582c4968482df82e982b182c682cc8f6f978882ca0a8bcd82a982c88db78163814082bb82ea82aa94de8f9782cc905382c9817788c5817882f00a82e082bd82e782b582bd82cc82c582b79873	230000:675=8bbe96be81758c8882b582c4968482df82e982b182c682cc8f6f978882ca0a090909098bcd82a982c88db78163814082bb82ea82aa94de8f9782cc905382c9817788c5817882f00a0909090982e082bd82e782b582bd82cc82c582b79873
D01438	81758eb9936982c682a282a4905382cc88c582f081638163	230000:6DF
D01439	8bbe96be817582bb82cc8c8b89ca8140946a89f382b382ea82bd8a5882c60a97dd815882bd82e98e808ed282cc8e5282c682a282a494df82b582a28cbb8ec082aa0a8d4c82aa82c182c482a282ab82dc82b582bd8163	230000:703=8bbe96be817582bb82cc8c8b89ca8140946a89f382b382ea82bd8a5882c60a09090909090997dd815882bd82e98e808ed282cc8e5282c682a282a494df82b582a28cbb8ec082aa0a0909090909098d4c82aa82c182c482a282ab82dc82b582bd8163
D01440	837e8354834c817582bb82b582c48163936090e082cc90ed82a282aa0a8e6e82dc82c182bd82cc82cb8163	230000:771=837e8354834c817582bb82b582c48163936090e082cc90ed82a282aa0a0909090909098e6e82dc82c182bd82cc82cb8163
D01441	8bbe96be817582bb82a48163814082be82aa814089e4815882cd8b4382c382ad82cc82aa0a927882b782ac82bd8163814082e082c182c6918182ad8b4382c382ad82d782ab0a82be82c182bd82cc82be8149	230000:7AE=8bbe96be817582bb82a48163814082be82aa814089e4815882cd8b4382c382ad82cc82aa0a090909090909927882b782ac82bd8163814082e082c182c6918182ad8b4382c382ad82d782ab0a09090909090982be82c182bd82cc82be8149
D01442	817594de8f9782cc928682c990f682f182c582a282bd8177905382cc88c5817882c98163	230000:818
D01443	837c838a838a815b8369817588c582cc97cd82cd8140906c82cc905382c990f682de0a88c38d9582cc959495aa82f0919d959d82b382b982e98163	230000:853=837c838a838a815b8369817588c582cc97cd82cd8140906c82cc905382c990f682de0a09090909090988c38d9582cc959495aa82f0919d959d82b382b982e98163
D01444	8347838b8369815b817582dd814082dd82c882b382f1987a0a82bb82eb82bb82eb8d8b8d9595c782c9939e928582b582dc82b78149	230000:8A0=8347838b8369815b817582dd814082dd82c882b382f1987a0a09090909090982bb82eb82bb82eb8d8b8d9595c782c9939e928582b582dc82b78149
D01445	8175928597a4837c8343839383678a6d94468140826e826a81630a928597a48e9e82cc835683878362834e82c9928d88d382b582c482ad82be82b382a28149	230000:8E7=8175928597a4837c8343839383678a6d94468140826e826a81630a090909090909928597a48e9e82cc835683878362834e82c9928d88d382b582c482ad82be82b382a28149
D01446	837c838a838a815b8369817582b182b182aa81778d8b8d9595c7817881480a8cc391e3905f986282c982c582e081408f6f82c482ab82bb82a482c88f8a82cb8163	238000:28=837c838a838a815b8369817582b182b182aa81778d8b8d9595c7817881480a0909090909098cc391e3905f986282c982c582e081408f6f82c482ab82bb82a482c88f8a82cb8163 240000:28=837c838a838a815b8369817582b182b182aa81778d8b8d9595c7817881480a0909090909098cc391e3905f986282c982c582e081408f6f82c482ab82bb82a482c88f8a82cb8163
D01447	837e8354834c817582a682a681630a82c782b182a9905f94e9934982c5814082b182b182be82af0a8e9e8ad482aa938082e882c282a282c482b582dc82c182bd82e682a482c88163	238000:7C=837e8354834c817582a682a681630a09090909090982c782b182a9905f94e9934982c5814082b182b182be82af0a0909090909098e9e8ad482aa938082e882c282a282c482b582dc82c182bd82e682a482c88163 240000:7C=837e8354834c817582a682a681630a09090909090982c782b182a9905f94e9934982c5814082b182b182be82af0a0909090909098e9e8ad482aa938082e882c282a282c482b582dc82c182bd82e682a482c88163
D01448	83868369817582a0814082a082ea82cd9874	238000:DD 240000:DD
D01449	8bbe96be817581778c9596508178976c82cc8b4382f08ab482b682dc82b781490a82e282cd82e8814082a082bb82b182c90a959582b68d9e82df82e782ea82c482a282e982e682a482c582b79873	238000:10E=8bbe96be817581778c9596508178976c82cc8b4382f08ab482b682dc82b781490a09090909090982e282cd82e8814082a082bb82b182c90a090909090909959582b68d9e82df82e782ea82c482a282e982e682a482c582b79873 240000:10E=8bbe96be817581778c9596508178976c82cc8b4382f08ab482b682dc82b781490a09090909090982e282cd82e8814082a082bb82b182c90a090909090909959582b68d9e82df82e782ea82c482a282e982e682a482c582b79873
D01450	837c838a838a815b8369817582a082ea82cd0a958192ca82cc95ba8e6d82c582cd82c882a29874	238000:175=837c838a838a815b8369817582a082ea82cd0a090909090909958192ca82cc95ba8e6d82c582cd82c882a29874 240000:175=837c838a838a815b8369817582a082ea82cd0a090909090909958192ca82cc95ba8e6d82c582cd82c882a29874
D01451	94928d81817582a882bb82e782ad0a8c959650976c82f0959588f382b582c482a882ad82bd82df0a93c195ca82c896f096da82f089ca82bd82b582c482a282e982cc82c582b78149	238000:1AF=94928d81817582a882bb82e782ad0a0909090909098c959650976c82f0959588f382b582c482a882ad82bd82df0a09090909090993c195ca82c896f096da82f089ca82bd82b582c482a282e982cc82c582b78149 240000:1AF=94928d81817582a882bb82e782ad0a0909090909098c959650976c82f0959588f382b582c482a882ad82bd82df0a09090909090993c195ca82c896f096da82f089ca82bd82b582c482a282e982cc82c582b78149
D01452	837e8354834c817582c682a282a482b182c682cd0a82a082cc95ba8e6d924282f0937c82b982ce81638163	238000:210=837e8354834c817582c682a282a482b182c682cd0a09090909090982a082cc95ba8e6d924282f0937c82b982ce81638163 240000:210=837e8354834c817582c682a282a482b182c682cd0a09090909090982a082cc95ba8e6d924282f0937c82b982ce81638163
D01453	8bbe96be817582cd82a2816381408c959650976c82f00a8b7e82a28f6f82b782b182c682aa82c582ab82e982cd82b88149	238000:24E=8bbe96be817582cd82a2816381408c959650976c82f00a0909090909098b7e82a28f6f82b782b182c682aa82c582ab82e982cd82b88149 240000:24E=8bbe96be817582cd82a2816381408c959650976c82f00a0909090909098b7e82a28f6f82b782b182c682aa82c582ab82e982cd82b88149
D01454	83868369817582e682a7816082b5814082a282ad82ed82e681490a8c95965082b382f182f0918182ad81408f9582af8f6f82b582c482a082b082e682a49873	238000:292=83868369817582e682a7816082b5814082a282ad82ed82e681490a0909090909098c95965082b382f182f0918182ad81408f9582af8f6f82b582c482a082b082e682a49873 240000:292=83868369817582e682a7816082b5814082a282ad82ed82e681490a0909090909098c95965082b382f182f0918182ad81408f9582af8f6f82b582c482a082b082e682a49873
D01455	8175835e8340815b815b815b83629873	238000:313
D01456	81758177955882cc837e8368838a8178814082bd82be82a282dc8e518fe38149	238000:32F
D01457	838683698175837e8368838a82bf82e182f18149	238000:36E
D01458	837e8368838a81758e8482cc814092b490e291ce97eb937882cc0a82c282e782e782cc914f82c582cd8140924e82e082aa96b397cd81630a82bb82ea82f08e7682a2926d82e782b982c482a082b082e982ed8149	238000:38F=837e8368838a81758e8482cc814092b490e291ce97eb937882cc0a090909090909090982c282e782e782cc914f82c582cd8140924e82e082aa96b397cd81630a090909090909090982bb82ea82f08e7682a2926d82e782b982c482a082b082e982ed8149
D01459	83868369817582e682a7816082b581408e6382e882cd8fad82c882a282ed81630a82b782ae814082e282c182c282af82bf82e182a482f182be82a982e78149	238000:400=83868369817582e682a7816082b581408e6382e882cd8fad82c882a282ed81630a090909090909090982b782ae814082e282c182c282af82bf82e182a482f182be82a982e78149
D01460	837e8368838a817582b582dc82c182bd814096fb926682b582bd8163	238000:A14 278000:B66 290000:4D0 2D8000:6DE 2F0000:478 300000:B94 308000:81A 310000:862 340000:67F 350000:67F 360000:67F 370000:67F 388000:C77 398000:7F6 3A8000:67C 3B0000:71C 3B8000:6FA 3C0000:6D9 3E8000:A33 3F0000:6D0 400000:6E4 408000:6EC
D01461	82a982a682c5817582a082bd82b582aa814082b182f182c882e282c282c98163	238000:A4C 240000:B18 278000:B9E 288000:31A 2D8000:716 300000:BCC 308000:852 310000:89A 340000:6B7 350000:6B7 360000:6B7 370000:6B7 388000:CAF 398000:82E 3A8000:6B4 3B0000:754 3B8000:732 3C0000:711 3E8000:A6B 3F0000:708 400000:71C 408000:724
D01462	8386836981758c95965082b382f182c182c4814088ea91cc0a82c782f182c8906c82c882cc82a982c8829f81600a8368834c8368834c8149	238000:B11=8386836981758c95965082b382f182c182c4814088ea91cc0a09090909090982c782f182c8906c82c882cc82a982c8829f81600a0909090909098368834c8368834c8149 240000:BDE=8386836981758c95965082b382f182c182c4814088ea91cc0a09090909090982c782f182c8906c82c882cc82a982c8829f81600a0909090909098368834c8368834c8149
D01463	8bbe96be81758c959650976c9873	238000:B74 240000:C41
D01464	8c959650817582a882a881408bbe96be8163814094928d8181490a82e282cd82e8814082bb82c882bd82bd82bf82c582a082c182bd82a998730a82a982bd82b682af82c882a28163	238000:B9A=8c959650817582a882a881408bbe96be8163814094928d8181490a09090909090982e282cd82e8814082bb82c882bd82bd82bf82c582a082c182bd82a998730a09090909090982a982bd82b682af82c882a28163 240000:C67=8c959650817582a882a881408bbe96be8163814094928d8181490a09090909090982e282cd82e8814082bb82c882bd82bd82bf82c582a082c182bd82a998730a09090909090982a982bd82b682af82c882a28163
D01465	8bbe96be817582a282a681408e8482cd89bd82e0816381630a82b182ea82cd82dd82c8814082a082cc8fad8f9782cc82a882a982b08149	238000:BFB=8bbe96be817582a282a681408e8482cd89bd82e0816381630a09090909090982b182ea82cd82dd82c8814082a082cc8fad8f9782cc82a882a982b08149 240000:CC8=8bbe96be817582a282a681408e8482cd89bd82e0816381630a09090909090982b182ea82cd82dd82c8814082a082cc8fad8f9782cc82a882a982b08149
D01466	81758cf582cc8b7e90a28ee58140905f8a798de28386836982b382f182c582b781490a82a982ad82a282a48e8482e0814094de8f9782c982e682c182c40a8f9582af8f6f82b382ea82bd82cc82c582b78149	238000:C45=81758cf582cc8b7e90a28ee58140905f8a798de28386836982b382f182c582b781490a09090909090982a982ad82a282a48e8482e0814094de8f9782c982e682c182c40a0909090909098f9582af8f6f82b382ea82bd82cc82c582b78149 240000:D12=81758cf582cc8b7e90a28ee58140905f8a798de28386836982b382f182c582b781490a09090909090982a982ad82a282a48e8482e0814094de8f9782c982e682c182c40a0909090909098f9582af8f6f82b382ea82bd82cc82c582b78149
D01467	8c959650817582c882f182c681408db6976c82c582a082c182bd82a98149	238000:CB0 240000:D7D
D01468	83868369817582c882f182a90a8c95965082b382f182cc814082b582e182d782e895fb82c182c40a8e9e91e38c8082dd82bd82a282be82cb82a58160	238000:CDB=83868369817582c882f182a90a0909090909098c95965082b382f182cc814082b582e182d782e895fb82c182c40a0909090909098e9e91e38c8082dd82bd82a282be82cb82a58160 240000:DA8=83868369817582c882f182a90a0909090909098c95965082b382f182cc814082b582e182d782e895fb82c182c40a0909090909098e9e91e38c8082dd82bd82a282be82cb82a58160
D01469	8386815b838a834281758386815b838a83420a82e682ad814082ed82a982f182c882a282c582b782a3987a	238000:D42=8386815b838a834281758386815b838a83420a09090909090982e682ad814082ed82a982f182c882a282c582b782a3987a 240000:E0F=8386815b838a834281758386815b838a83420a09090909090982e682ad814082ed82a982f182c882a282c582b782a3987a
D01470	94928d81817582b182ea82c58e4f8cab8b4082cc93f1906c82aa0a82bb82eb82a282dc82b582bd81490a8ce382cd814094928d6392e9976c82f08f9582af8f6f82b982ce8163	238000:D80=94928d81817582b182ea82c58e4f8cab8b4082cc93f1906c82aa0a09090909090982bb82eb82a282dc82b582bd81490a0909090909098ce382cd814094928d6392e9976c82f08f9582af8f6f82b982ce8163 240000:E4D=94928d81817582b182ea82c58e4f8cab8b4082cc93f1906c82aa0a09090909090982bb82eb82a282dc82b582bd81490a0909090909098ce382cd814094928d6392e9976c82f08f9582af8f6f82b982ce8163
D01471	81758374816381638374837481638163	238000:DEB 240000:EB8
D01472	83868369817582c882c981408da182cc90ba9874	238000:DFC 240000:EC9
D01473	837c838a838a815b8369817597648b408e4f8e6f96859873	238000:E3A 240000:F07
D01474	889f96eb8cc1817582a88e6f976c9873	238000:E71 240000:F3E
D01475	8bb689d48175837483938149814097a090d882e88ed282c90a8e6f8cc482ce82ed82e882b382ea82e98a6f82a682cd0a82a082e882dc82b982f182ed81638163	238000:E8E=8bb689d48175837483938149814097a090d882e88ed282c90a0909090909098e6f8cc482ce82ed82e882b382ea82e98a6f82a682cd0a09090909090982a082e882dc82b982f182ed81638163 240000:F5B=8bb689d48175837483938149814097a090d882e88ed282c90a0909090909098e6f8cc482ce82ed82e882b382ea82e98a6f82a682cd0a09090909090982a082e882dc82b982f182ed81638163
D01476	889f96eb8cc1817582bb814082bb82f182c881638163	238000:EE7 240000:FB4
D01477	8bb689d4817582b382c48140905f8a798de2838683698149	238000:F0A 240000:FD7
D01478	8bb689d48175985a89d490ed82aa915396c582b582bd8da181630a8e849242814082bb82eb82bb82eb8c88928582f00a82c282af82e982d782ab82be82c68e7682a282dc82b582bd82cc8163	238000:F38=8bb689d48175985a89d490ed82aa915396c582b582bd8da181630a090909090909098e849242814082bb82eb82bb82eb8c88928582f00a0909090909090982c282af82e982d782ab82be82c68e7682a282dc82b582bd82cc8163 240000:1005=8bb689d48175985a89d490ed82aa915396c582b582bd8da181630a090909090909098e849242814082bb82eb82bb82eb8c88928582f00a0909090909090982c282af82e982d782ab82be82c68e7682a282dc82b582bd82cc8163
D01479	817582bb82b182c581630a82a082c882bd82c98c8893ac82f0905c82b58d9e82de82ed8149	238000:F9F=817582bb82b182c581630a0909090909090982a082c882bd82c98c8893ac82f0905c82b58d9e82de82ed8149
D01480	83868369817582af814082af82c182c682a481609874	238000:FEA 240000:10B8
D01481	8cb696b281758fea8f8a82cd97ac90f990af81778341838c836e83658178	238000:100D 240000:10DB
D01482	8bb689d4817588ea91ce93f182c582cd814082a982ed82a282bb82a482cb81630a82e082a488ea906c8163816382bb82a4814096ad82c889bc96ca82f082c282af82bd0a82a082c882bd82e088ea8f8f82c9978882e982aa82a282a282ed9873	238000:1038=8bb689d4817588ea91ce93f182c582cd814082a982ed82a282bb82a482cb81630a09090909090982e082a488ea906c8163816382bb82a4814096ad82c889bc96ca82f082c282af82bd0a09090909090982a082c882bd82e088ea8f8f82c9978882e982aa82a282a282ed9873
D01483	837c838a838a815b8369817582ed81408e849874	238000:10B1 240000:1181
D01484	8bb689d4817590b3815893b08158814093f191ce93f182cc8c8893ac81630a82b982a282ba82a2814092878ad482c682cc95ca82ea82f090c982b582f182c582a982e70a82a882a282c582c882b382a28163	238000:10D2=8bb689d4817590b3815893b08158814093f191ce93f182cc8c8893ac81630a09090909090982b982a282ba82a2814092878ad482c682cc95ca82ea82f090c982b582f182c582a982e70a09090909090982a882a282c582c882b382a28163 240000:11A2=8bb689d4817590b3815893b08158814093f191ce93f182cc8c8893ac81630a09090909090982b982a282ba82a2814092878ad482c682cc95ca82ea82f090c982b582f182c582a982e70a09090909090982a882a282c582c882b382a28163
D01485	8cb696b2817582c582cd8163816391d282c182c482a282e982bc8163	238000:113D 240000:120D
D01486	837e8354834c8175838f836982cb98730a94de8f97924282cc94da97f282c88ee88cfb82c90a89bd9378814082be82dc82b382ea82bd82b182c682a981638163	238000:1181=837e8354834c8175838f836982cb98730a09090909090994de8f97924282cc94da97f282c88ee88cfb82c90a09090909090989bd9378814082be82dc82b382ea82bd82b182c682a981638163 240000:1251=837e8354834c8175838f836982cb98730a09090909090994de8f97924282cc94da97f282c88ee88cfb82c90a09090909090989bd9378814082be82dc82b382ea82bd82b182c682a981638163
D01487	959181758d7382ad82b182c682c882a282ed82e681490a82d982c182c682ab82e182a282a282c182c48149	238000:11DA=959181758d7382ad82b182c682c882a282ed82e681490a09090909090982d982c182c682ab82e182a282a282c182c48149 240000:12AA=959181758d7382ad82b182c682c882a282ed82e681490a09090909090982d982c182c682ab82e182a282a282c182c48149
D01488	83868369817582dd82f182c8814095b782a282c481490a82a082bd82b58163816382e282c182cf82e88d7382ad81490a8d7382c182c48163816393f1906c82f090e093be82b582c482dd82e99873	238000:1235=83868369817582dd82f182c8814095b782a282c481490a09090909090982a082bd82b58163816382e282c182cf82e88d7382ad81490a0909090909098d7382c182c48163816393f1906c82f090e093be82b582c482dd82e99873 240000:1305=83868369817582dd82f182c8814095b782a282c481490a09090909090982a082bd82b58163816382e282c182cf82e88d7382ad81490a0909090909098d7382c182c48163816393f1906c82f090e093be82b582c482dd82e99873
D01489	889f96eb8cc18175838683699874	238000:129C 240000:136C
D01490	9591817582c8814082c882c981408cbe82c182c482f182cc82e682a781490a914f82c982e0814082bb82ea82c58eb8947382b582c482f182c582b582e59874	238000:12B7=9591817582c8814082c882c981408cbe82c182c482f182cc82e682a781490a090909090909914f82c982e0814082bb82ea82c58eb8947382b582c482f182c582b582e59874 240000:1387=9591817582c8814082c882c981408cbe82c182c482f182cc82e682a781490a090909090909914f82c982e0814082bb82ea82c58eb8947382b582c482f182c582b582e59874
D01491	837e8354834c81758aeb8caf82b782ac82e982ed8149	238000:1309 240000:13D9
D01492	889f96eb8cc182c9986282b582a982af82e9	238000:132C 240000:13FC
D01493	838683698175889f96eb8cc182bf82e182f1814091e58fe4957681490a82a082bd82b582f0904d977082b582c49873	238000:1350=838683698175889f96eb8cc182bf82e182f1814091e58fe4957681490a09090909090982a082bd82b582f0904d977082b582c49873 240000:1420=838683698175889f96eb8cc182bf82e182f1814091e58fe4957681490a09090909090982a082bd82b582f0904d977082b582c49873
D01494	817582a88e6f82b382f192428140954b82b80a984182ea82c48b4182c182c482ad82e982a982e78163	238000:1392=817582a88e6f82b382f192428140954b82b80a090909090909984182ea82c48b4182c182c482ad82e982a982e78163 240000:1462=817582a88e6f82b382f192428140954b82b80a090909090909984182ea82c48b4182c182c482ad82e982a982e78163
D01495	83868369817582dd82f182c881409053947a82b582c482ad82ea82c40a82a082e882aa82c681638163	238000:13E2=83868369817582dd82f182c881409053947a82b582c482ad82ea82c40a09090909090982a082e882aa82c681638163
D01496	817582c582e082cb816381630a82ab82c182c6814095aa82a982c182c482ad82ea82e982c68e7682a482f182be81490a82be82c182c481638163	238000:141E=817582c582e082cb816381630a09090909090982ab82c182c6814095aa82a982c182c482ad82ea82e982c68e7682a482f182be81490a09090909090982be82c182c481638163 240000:14F0=817582c582e082cb816381630a09090909090982ab82c182c6814095aa82a982c182c482ad82ea82e982c68e7682a482f182be81490a09090909090982be82c182c481638163
D01497	8175889f96eb8cc182bf82e182f182cd0a95aa82a982c182c482ad82ea82bd82e082f18163	238000:1471=8175889f96eb8cc182bf82e182f182cd0a09090909090995aa82a982c182c482ad82ea82bd82e082f18163 240000:1543=8175889f96eb8cc182bf82e182f182cd0a09090909090995aa82a982c182c482ad82ea82bd82e082f18163
D01498	817582a88e6f82b382f1924282c682be82c182c4814082ab82c182c682ab82c182c60a928797c782ad82c882ea82e982cd82b882be82e68149	238000:14A9=817582a88e6f82b382f1924282c682be82c182c4814082ab82c182c682ab82c182c60a090909090909928797c782ad82c882ea82e982cd82b882be82e68149 240000:157B=817582a88e6f82b382f1924282c682be82c182c4814082ab82c182c682ab82c182c60a090909090909928797c782ad82c882ea82e982cd82b882be82e68149
D01499	837c838a838a815b8369817582dc82c182bd82ad816381630a82a082c882bd82c182c48e7182cd81638163	238000:1512=837c838a838a815b8369817582dc82c182bd82ad816381630a09090909090982a082c882bd82c182c48e7182cd81638163 240000:15E4=837c838a838a815b8369817582dc82c182bd82ad816381630a09090909090982a082c882bd82c182c48e7182cd81638163
D01500	817595aa82a982c182bd81490a8e8482e08ba697cd82b782e982ed9873	238000:1550=817595aa82a982c182bd81490a0909090909098e8482e08ba697cd82b782e982ed9873 240000:1622=817595aa82a982c182bd81490a0909090909098e8482e08ba697cd82b782e982ed9873
D01501	838683698175837c838a838a815b8369976c9876	238000:1580 240000:1652
D01502	8347838b8369815b817593f1906c82c682e00a82ad82ea82ae82ea82e096fb926682b582c882a282c582ad82be82b382a282cb8163	238000:15A1=8347838b8369815b817593f1906c82c682e00a09090909090982ad82ea82ae82ea82e096fb926682b582c882a282c582ad82be82b382a282cb8163 240000:1673=8347838b8369815b817593f1906c82c682e00a09090909090982ad82ea82ae82ea82e096fb926682b582c882a282c582ad82be82b382a282cb8163
D01503	83868369817591e58fe4957698730a82bb82ea82b682e181408d7382c182c482ad82e982cb8149	238000:15F5=83868369817591e58fe4957698730a09090909090982bb82ea82b682e181408d7382c182c482ad82e982cb8149 240000:16C7=83868369817591e58fe4957698730a09090909090982bb82ea82b682e181408d7382c182c482ad82e982cb8149
D01504	8175837a837a837a837a837a81638163	240000:313
D01505	817582a891d282bd82b982b582dc82b582bd82ed82cb81630a8e8482cd81778d828b4d82c88db990e189d8817882c6905c82b582dc82b78149	240000:32F=817582a891d282bd82b982b582dc82b582bd82ed82cb81630a0909090909090909098e8482cd81778d828b4d82c88db990e189d8817882c6905c82b582dc82b78149
D01506	8386836981758db990e189d882bf82e182f18149	240000:390
D01507	8db990e189d881758b76815882cc90ed82a282cb81638163	240000:3B1
D01508	817582c582e081778be289cd82a88fec976c936090e0817882c882cc82c90a82c782a482b582c4814082a88fec976c82cc928682cc82a88fec976c82c582a082e90a8e8482cc8f6f94d482aa814082b182f182c882c98fad82c882a282cc82a982b582e78148	240000:3D6=817582c582e081778be289cd82a88fec976c936090e0817882c882cc82c90a090909090909090982c782a482b582c4814082a88fec976c82cc928682cc82a88fec976c82c582a082e90a09090909090909098e8482cc8f6f94d482aa814082b182f182c882c98fad82c882a282cc82a982b582e78148
D01509	83868369817582a88140978e82bf928582a282c481408db990e189d882bf82e182f1987a0a934782cd96da82cc914f82c882f182be82a982e78160987a	240000:459=83868369817582a88140978e82bf928582a282c481408db990e189d882bf82e182f1987a0a0909090909090909934782cd96da82cc914f82c882f182be82a982e78160987a
D01510	8db990e189d8817582ed82a982e882dc82b582bd82ed81408386836982b382f181490a8e8482cc8ec097cd82f0814090a28ad488ea94ca82c90a8dc48a6d944682b382b982c482a082b082dc82b782ed9873	240000:4AB=8db990e189d8817582ed82a982e882dc82b582bd82ed81408386836982b382f181490a09090909090909098e8482cc8ec097cd82f0814090a28ad488ea94ca82c90a09090909090909098dc48a6d944682b382b982c482a082b082dc82b782ed9873
D01511	8db990e189d881758e8482cc8ec097cd82cd82b182cc92f6937882c582cd81638163	240000:ADA 278000:B28 2C8000:5A3 2D8000:6A0 300000:B56 308000:7DC 310000:824 340000:641 350000:641 360000:641 370000:641 388000:C39 398000:7B8 3A8000:63E 3B0000:6DE 3B8000:6BC 3C0000:69B 3E8000:9F5 3F0000:692 400000:6A6 408000:6AE
D01512	817582bb82b182c581630a82a082c882bd82c981408c8893ac82f0905c82b58d9e82de82ed8149	240000:106C=817582bb82b182c581630a09090909090982a082c882bd82c981408c8893ac82f0905c82b58d9e82de82ed8149
D01513	8bb689d4817588ea91ce93f182c582cd814082a982ed82a282bb82a482cb81630a82e082a488ea906c8163816382bb82a4814096ad82c889bc96ca82f082c282af82bd0a82a082c882bd82e0814088ea8f8f82c9978882e982aa82a282a282ed9873	240000:1106=8bb689d4817588ea91ce93f182c582cd814082a982ed82a282bb82a482cb81630a09090909090982e082a488ea906c8163816382bb82a4814096ad82c889bc96ca82f082c282af82bd0a09090909090982a082c882bd82e0814088ea8f8f82c9978882e982aa82a282a282ed9873
D01514	83868369817582dd82f182c881630a9053947a82b582c482ad82ea82c4814082a082e882aa82c681638163	240000:14B2=83868369817582dd82f182c881630a0909090909099053947a82b582c482ad82ea82c4814082a082e882aa82c681638163
D01515	8bb689d481758374837483748362816381630a93a682b082c882a982c182bd82b182c682cd0a82d982df82c482a082b082dc82b782ed8149	248000:33=8bb689d481758374837483748362816381630a09090909090993a682b082c882a982c182bd82b182c682cd0a09090909090982d982df82c482a082b082dc82b782ed8149
D01516	8cb696b2817582b182ea82c5926e8b8582c582cc8ed882e882aa95d482b982e981630a8a6f8ce582c18163	248000:84=8cb696b2817582b182ea82c5926e8b8582c582cc8ed882e882aa95d482b982e981630a0909090909098a6f8ce582c18163
D01517	83868369817591d282c182c481490a82a082bd82b59242814090ed82a282c9978882bd82f182b682e182c882a282cc81490a986282b58d8782a282c9978882bd82cc8149	248000:C2=83868369817591d282c182c481490a09090909090982a082bd82b59242814090ed82a282c9978882bd82f182b682e182c882a282cc81490a090909090909986282b58d8782a282c9978882bd82cc8149
D01518	8cb696b28175986282b58d8782a28163814881408380835f82c882b182c682f08163	248000:11F
D01519	838683698175889f96eb8cc182bf82e182f182be82c182c481630a82ed82a982c182c482ad82ea82bd816381630a82be82a982e781638163	248000:14E=838683698175889f96eb8cc182bf82e182f182be82c182c481630a09090909090982ed82a982c182c482ad82ea82bd816381630a09090909090982be82a982e781638163
D01520	8bb689d481758bf082a982c8968582cd814082a082c882bd95fb82cc0a8f70928682c9814082cd82dc82c182bd82e682a482c582b782af82c70a8e84924282cd814082bb82a482cd82a282a982c882ad82c482e68149	248000:19F=8bb689d481758bf082a982c8968582cd814082a082c882bd95fb82cc0a0909090909098f70928682c9814082cd82dc82c182bd82e682a482c582b782af82c70a0909090909098e84924282cd814082bb82a482cd82a282a982c882ad82c482e68149
D01521	837c838a838a815b8369817582dc82be814095aa82a982e782c882a282cc98740a889f96eb8cc182cd81408ea982e782cc88d38e7582c50a8386836982cc8cb382d6978882bd82cc82e68149	248000:20E=837c838a838a815b8369817582dc82be814095aa82a982e782c882a282cc98740a090909090909889f96eb8cc182cd81408ea982e782cc88d38e7582c50a0909090909098386836982cc8cb382d6978882bd82cc82e68149
D01522	8175889f96eb8cc182cd81408386836982c68f6f89ef82a20a8b408a4289bb8d6392e982cc81408ef4949b82f0926682bf90d882e80a8ea995aa82cc905382f081408ee682e896df82b582bd82cc8149	248000:273=8175889f96eb8cc182cd81408386836982c68f6f89ef82a20a0909090909098b408a4289bb8d6392e982cc81408ef4949b82f0926682bf90d882e80a0909090909098ea995aa82cc905382f081408ee682e896df82b582bd82cc8149
D01523	8cb696b281758ea995aa82cc8163816390538148	248000:2DC
D01524	8bb689d4817596d982e882c882b382a281490a8e84924282cd81408d6392e995c389ba82e682e80a82b182cc96bd82f08ef682a982c182bd82cc82e69873	248000:2FD=8bb689d4817596d982e882c882b382a281490a0909090909098e84924282cd81408d6392e995c389ba82e682e80a09090909090982b182cc96bd82f08ef682a982c182bd82cc82e69873
D01525	817595c389ba82f097a090d882e982b182c682cd0a8ea982e782cc8e8082f088d396a182b782e982cc82e69873	248000:354=817595c389ba82f097a090d882e982b182c682cd0a0909090909098ea982e782cc8e8082f088d396a182b782e982cc82e69873
D01526	83868369817582bb82f182c881630a82a082c882bd924282cd814093b98bef82b682e182c882a28149	248000:394=83868369817582bb82f182c881630a09090909090982a082c882bd924282cd814093b98bef82b682e182c882a28149
D01527	8bb689d4817582a682a682a2814096d982ea82c682a282a482cc82c981490a8d6392e995c389ba82cc96bd97df82cd814090e291ce82c882cc82e69873	248000:3D0=8bb689d4817582a682a682a2814096d982ea82c682a282a482cc82c981490a0909090909098d6392e995c389ba82cc96bd97df82cd814090e291ce82c882cc82e69873
D01528	8cb696b281758e84924282aa90ed82a482b182c682cd81408f6896bd81630a82b3829f81408c88928582f082c282af82dc82b582e582a49873	248000:420=8cb696b281758e84924282aa90ed82a482b182c682cd81408f6896bd81630a09090909090982b3829f81408c88928582f082c282af82dc82b582e582a49873
D01529	83868369817582b282df82f182cb8140889f96eb8cc182bf82e182f181630a82a082bd82b581638163	248000:4B1=83868369817582b282df82f182cb8140889f96eb8cc182bf82e182f181630a0909090909090909090909090982a082bd82b581638163
D01530	838683698175834c8383815b815b815b83620a837c838a838a815b8369976c82aa815b815b82c19873	248000:4FB=838683698175834c8383815b815b815b83620a09090909090909090909090909837c838a838a815b8369976c82aa815b815b82c19873
D01531	8cb696b2817582e282cd82e8814082b182a482c882e9895e96bd82c882cc82a98163	248000:545
D01532	8bb689d48175834c8383815b815b815b815b83628149	248000:57B
D01533	8cb696b2817582a8814082a8914f82cd81638163889f96eb8cc18163	248000:5FB
D01534	889f96eb8cc1817582a88e6f976c98730a82e082a481408380835f82c890ed82a282cd82e282df82c49873	248000:624=889f96eb8cc1817582a88e6f976c98730a09090909090982e082a481408380835f82c890ed82a282cd82e282df82c49873
D01535	8bb689d4817583748393814082b182cc97a090d882e88ed282aa9873	248000:662
D01536	889f96eb8cc1817597a090d882e88ed282c582e082a282a298730a82be82c182c48386836982cd816381630a8386836982cd814082a082bd82b582cc9065974682be82e082f18149	248000:68B=889f96eb8cc1817597a090d882e88ed282c582e082a282a298730a09090909090982be82c182c48386836982cd816381630a0909090909098386836982cd814082a082bd82b582cc9065974682be82e082f18149
D01537	8cb696b281759065974682be82c68163	248000:6EC
D01538	889f96eb8cc1817582bb82a482be82e6814981408386836982cd0a82a082bd82b582f096bd82aa82af82c58ee782c182c482ad82ea82bd81630a82be82a982e78da1937882cd814082a082bd82b582aa8386836982f08ee782e98149	248000:709=889f96eb8cc1817582bb82a482be82e6814981408386836982cd0a09090909090982a082bd82b582f096bd82aa82af82c58ee782c182c482ad82ea82bd81630a09090909090982be82a982e78da1937882cd814082a082bd82b582aa8386836982f08ee782e98149
D01539	838683698175889f96eb8cc182bf82e182f181638163	248000:77E
D01540	8bb689d48175889f96eb8cc1816389e482e78e6f968582cc82c282c882aa82e882e682e80a9746924282c882c782c682a282a481408cb6917a82cc95fb82aa0a91e590d882be82c68cbe82a482cc9874	248000:7A1=8bb689d48175889f96eb8cc1816389e482e78e6f968582cc82c282c882aa82e882e682e80a0909090909099746924282c882c782c682a282a481408cb6917a82cc95fb82aa0a09090909090991e590d882be82c68cbe82a482cc9874
D01541	889f96eb8cc1817582a482a482f1814082a88e6f976c924282e091e58e9681490a82be82af82c7816382be82af82c78386836982cd814082e082c182c695ca82c882cc8149	248000:80A=889f96eb8cc1817582a482a482f1814082a88e6f976c924282e091e58e9681490a09090909090982be82af82c7816382be82af82c78386836982cd814082e082c182c695ca82c882cc8149
D01542	8bb689d481758374836281630a82a082c882bd82c682e0814082b182ea82dc82c582be82ed8149	248000:862=8bb689d481758374836281630a09090909090982a082c882bd82c682e0814082b182ea82dc82c582be82ed8149
D01543	889f96eb8cc1817582bb814082bb82f182c8816382a88e6f976c815b815b815b82c18149	248000:89C
D01544	8bb689d4817582a282c582e6814981408b408a4289bb95ba8e6d9873	248000:8CD
D01545	837c838a838a815b8369817582b182f182c88e9682be82c60a8e7682c182c482bd82ed8149	248000:913=837c838a838a815b8369817582b182f182c88e9682be82c60a0909090909098e7682c182c482bd82ed8149
D01546	81758386836982b382f182f081408e8082c882b982cd82b582dc82b982f19873	248000:957
D01547	8c959650817582d082c682dc82b8814091de8e5582a282bd82b78163	248000:A07 278000:AF0 288000:2E2 2D8000:668 300000:B1E 308000:7A4 310000:7EC 340000:609 350000:609 360000:609 370000:609 388000:C01 398000:780 3A8000:606 3B0000:6A6 3B8000:684 3C0000:663 3E8000:9BD 3F0000:65A 400000:66E 408000:676
D01548	8c959650817583868369936181408f9591be938182a282bd82b78149	248000:A38
D01549	83868369817582dd82f182c89874	248000:A61
D01550	8cb696b2817582b182ea82c591ce939982be82c881630a82b182b182a982e782aa8140967b939682cc8f9f95899873	248000:A7C=8cb696b2817582b182ea82c591ce939982be82c881630a09090909090982b182b182a982e782aa8140967b939682cc8f9f95899873
D01551	837e834c81758dc58afa82cc8ae7816381408fce82c182c482a282bd8163	250000:11
D01552	83868369817582e282be8163814082e282be82e6814082b182f182c882cc816381630a83538381839382cb81638140889f96eb8cc182bf82e182f181638163	250000:46=83868369817582e282be8163814082e282be82e6814082b182f182c882cc816381630a09090909090983538381839382cb81638140889f96eb8cc182bf82e182f181638163
D01553	8347838b8369815b81758386836981638163	250000:97
D01554	837c838a838a815b8369817590ed82a282cd94f082af82e782ea82c882a982c182bd81630a94de8f9782e082ed82a982c182c482ad82ea82e982ed8163	250000:B5=837c838a838a815b8369817590ed82a282cd94f082af82e782ea82c882a982c182bd81630a09090909090994de8f9782e082ed82a982c182c482ad82ea82e982ed8163
D01555	838683698175889f96eb8cc182bf82e182f182cd816381408da1814082c782b182c98148	250000:104
D01556	8347838a834a817588e396b18eba82c58b7882f182c582e982ed81630a835683878362834e82f08ef382af82c482a282e982e682a482be82af82c70a8e8d904482aa82c282a282c482e982a982e78163	250000:134=8347838a834a817588e396b18eba82c58b7882f182c582e982ed81630a090909090909835683878362834e82f08ef382af82c482a282e982e682a482be82af82c70a0909090909098e8d904482aa82c282a282c482e982a982e78163
D01557	83868369817582c582e0814082c782a482b582c4816381630a82c782a482b582c48e8082c882c882ab82e182a282af82c882a282cc98740a8e8082f182c582e089bd82e089f08c8882b582c882a282cc82c99873	250000:1A7=83868369817582c582e0814082c782a482b582c4816381630a09090909090982c782a482b582c48e8082c882c882ab82e182a282af82c882a282cc98740a0909090909098e8082f182c582e089bd82e089f08c8882b582c882a282cc82c99873
D01558	9591817582f182e082a4814082b582c182a982e882b582c882b382a282e681490a82a282c282e082cc836d815b83658393834c82c88386836982cd0a82c782b181408d7382c182bf82e182c182bd82cc82e68149	250000:213=9591817582f182e082a4814082b582c182a982e882b582c882b382a282e681490a09090909090982a282c282e082cc836d815b83658393834c82c88386836982cd0a09090909090982c782b181408d7382c182bf82e182c182bd82cc82e68149
D01559	817583418393835e82cc8b438e9d82bf816381630a92ca82b682bd82dd82bd82a282c882f182be82a982e70a82bb82ea82c5814082a2815b82b682e182c882a282cc82b38149	250000:27F=817583418393835e82cc8b438e9d82bf816381630a09090909090992ca82b682bd82dd82bd82a282c882f182be82a982e70a09090909090982bb82ea82c5814082a2815b82b682e182c882a282cc82b38149
D01560	8347838a834a817582a882bb82e782ad8dc58afa82cc8dc58afa82c981630a8b408a4289bb8d6392e982cc8ef4949b82f0926682bf90d882c182bd82cc82e68149	250000:2E8=8347838a834a817582a882bb82e782ad8dc58afa82cc8dc58afa82c981630a0909090909098b408a4289bb8d6392e982cc8ef4949b82f0926682bf90d882c182bd82cc82e68149
D01561	83868369817582c582e08163816382c582e0816381630a8c8b8bc7814082a082bd82b582cd89bd82e082c582ab82c882a982c182bd8163	250000:33B=83868369817582c582e08163816382c582e0816381630a0909090909098c8b8bc7814082a082bd82b582cd89bd82e082c582ab82c882a982c182bd8163
D01562	81758f9582af82e982b182c682e081630a82a89746924282c982c882e982b182c682e08163	250000:384=81758f9582af82e982b182c682e081630a09090909090982a89746924282c982c882e982b182c682e08163
D01563	8175838683698163814082bb82f182c882c98ea995aa82f090d382df82c882a282c58163	250000:3D8
D01564	838683698175889f96eb8cc182bf82e182f19874	250000:3FD
D01565	889f96eb8cc1817582a88e6f82b382dc924282cd8386836982cc926782a982a2905382c90a904782ea82e982b182c682aa82c582ab82bd82f182be82e68163	250000:428=889f96eb8cc1817582a88e6f82b382dc924282cd8386836982cc926782a982a2905382c90a090909090909904782ea82e982b182c682aa82c582ab82bd82f182be82e68163
D01566	817582bb82ea82dc82c582cd90cc82cc8341835e835682c693af82b682e682a482c90a8cc793c682c5814082b782b382f182be905382be82af82be82c182bd8163	250000:479=817582bb82ea82dc82c582cd90cc82cc8341835e835682c693af82b682e682a482c90a0909090909098cc793c682c5814082b782b382f182be905382be82af82be82c182bd8163
D01567	889f96eb8cc1817582c582e0814082e082a488e182a482e681490a82a88e6f82b382dc924282cd8386836982cc974482b582b382c682ca82ad82e082e882f00a8ab482b682e782ea82bd82cd82b88163	250000:4D7=889f96eb8cc1817582c582e0814082e082a488e182a482e681490a09090909090982a88e6f82b382dc924282cd8386836982cc974482b582b382c682ca82ad82e082e882f00a0909090909098ab482b682e782ea82bd82cd82b88163
D01568	817582a88e6f82b382dc924282cd81408386836982c69746924282c90a82c882ea82bd82f182be82e69873	250000:53F=817582a88e6f82b382dc924282cd81408386836982c69746924282c90a0909090909090982c882ea82bd82f182be82e69873
D01569	838683698175889f96eb8cc182bf82e182f18163	250000:57D
D01570	889f96eb8cc181758341835e835681408ee282b582ad82c882f182a982c882a281490a82e082bf82eb82f1814082a88e6f82b382dc924282e09873	250000:5A8=889f96eb8cc181758341835e835681408ee282b582ad82c882f182a982c882a281490a09090909090982e082bf82eb82f1814082a88e6f82b382dc924282e09873
D01571	81758341835e835682c982cd8386836982aa82a282e981490a82a88e6f82b382dc924282cc905382cc928682c982e081408386836982aa8163	250000:5F5=81758341835e835682c982cd8386836982aa82a282e981490a09090909090982a88e6f82b382dc924282cc905382cc928682c982e081408386836982aa8163
D01572	838683698175889f96eb8cc182bf82e182f18163814083538381839382cb81630a8b7482c99053947a82a982af82bf82e182c182c48163	250000:64B=838683698175889f96eb8cc182bf82e182f18163814083538381839382cb81630a0909090909098b7482c99053947a82a982af82bf82e182c182c48163
D01573	837c838a838a815b8369817582cb82a581408386836981630a82a082c882bd82c982cd8fce8ae782aa8e978d8782c182c482e982ed81630a82a282c282dc82c582e082bb82f182c88ae782b582c482bf82e1835f838182e68149	250000:694=837c838a838a815b8369817582cb82a581408386836981630a09090909090982a082c882bd82c982cd8fce8ae782aa8e978d8782c182c482e982ed81630a09090909090982a282c282dc82c582e082bb82f182c88ae782b582c482bf82e1835f838182e68149
D01574	83868369817582cd82a29876	250000:706
D01575	8347838b8369815b817582b3829f814082dd82c882b382f10a8b408a4289bb986690af82cd814082e082a482b782ae82c582b781490a90e682f08b7d82ac82dc82b582e582a49873	250000:71E=8347838b8369815b817582b3829f814082dd82c882b382f10a0909090909098b408a4289bb986690af82cd814082e082a482b782ae82c582b781490a09090909090990e682f08b7d82ac82dc82b582e582a49873
D01576	9591817582b582c182a982b5814082b182cc90af0a95cf82c8919c82b582a982c882a282ed82cb81608160	258000:32=9591817582b582c182a982b5814082b182cc90af0a09090909090995cf82c8919c82b582a982c882a282ed82cb81608160
D01577	83868369817582cb82a582cb82a5814082c882f182c50a82b182f182c88367835282c98af182c182bd82cc8148	258000:70=83868369817582cb82a582cb82a5814082c882f182c50a09090909090982b182f182c88367835282c98af182c182bd82cc8148
D01578	8c959650817582a482de81630a82b182b182cd8b408a4289bb986690af814090a897cd8c9782cc8bab8a4582c90a88ca927582b782e990af82c882cc82be8163	258000:B0=8c959650817582a482de81630a09090909090982b182b182cd8b408a4289bb986690af814090a897cd8c9782cc8bab8a4582c90a09090909090988ca927582b782e990af82c882cc82be8163
D01579	8bbe96be817588ea8ca9814088e290d582c98ca982a682dc82b782aa0a8ec082cd814082b182b182c982cd8b408a4289bb986690af82cc0a835a834c8385838a836583429195927582aa82a082e982cc82c582b78149	258000:109=8bbe96be817588ea8ca9814088e290d582c98ca982a682dc82b782aa0a0909090909098ec082cd814082b182b182c982cd8b408a4289bb986690af82cc0a090909090909835a834c8385838a836583429195927582aa82a082e982cc82c582b78149
D01580	817582bb82ea82f089f08f9c82b782ea82ce0a8b408a4289bb986690af82d682cc88da93ae8d71984882f00a8a6d95db82b782e982b182c682aa82c582ab82dc82b78163	258000:178=817582bb82ea82f089f08f9c82b782ea82ce0a0909090909098b408a4289bb986690af82d682cc88da93ae8d71984882f00a0909090909098a6d95db82b782e982b182c682aa82c582ab82dc82b78163
D01581	83868369817582b682e182a00a918182ad814082b182b182cc9195927582f08e7e82df82c48163	258000:1D5=83868369817582b682e182a00a090909090909918182ad814082b182b182cc9195927582f08e7e82df82c48163
D01582	8bbe96be81758ec082cd814082bb82ea82c982cd0a82e282c182a982a282c896e291e882aa814082a082e982cc82c582b78163	258000:20F=8bbe96be81758ec082cd814082bb82ea82c982cd0a09090909090982e282c182a982a282c896e291e882aa814082a082e982cc82c582b78163
D01583	8c95965081758e84924282aa959588f382b382ea82c482a282e98ad482c90a89fc91a282b382ea82c481409195927582cc89f08f9c95fb964082aa0a95cf82ed82c182c482b582dc82c182bd82cc82be987a	258000:255=8c95965081758e84924282aa959588f382b382ea82c482a282e98ad482c90a09090909090989fc91a282b382ea82c481409195927582cc89f08f9c95fb964082aa0a09090909090995cf82ed82c182c482b582dc82c182bd82cc82be987a
D01584	817582c782a482c982a982b582c4814089f08f9c82b582c882a282c60a8b408a4289bb986690af82d682cc90f693fc82cd0a82dc82b88140957389c2945c8163	258000:2C0=817582c782a482c982a982b582c4814089f08f9c82b582c882a282c60a0909090909098b408a4289bb986690af82d682cc90f693fc82cd0a09090909090982dc82b88140957389c2945c8163
D01585	83868369817582e682a7816082b581490a82bb82a482a282a482b182c682c882e7814082dd82f182c882c50a82bb82cc9195927582f08e7e82df82bf82e182a882a48149	258000:319=83868369817582e682a7816082b581490a09090909090982bb82a482a282a482b182c682c882e7814082dd82f182c882c50a09090909090982bb82cc9195927582f08e7e82df82bf82e182a882a48149
D01586	8c959650817582bb82ea82c582cd814082b382c182bb82ad81630a838683699361814082b182ea82aa835a834c8385838a836583429195927582c582b78149	258000:376=8c959650817582bb82ea82c582cd814082b382c182bb82ad81630a090909090909838683699361814082b182ea82aa835a834c8385838a836583429195927582c582b78149
D01587	83868369817582d3815b815b815b82f181630a82c882f182a995cf82c88c6082b582c482e982ed82cb82a58163	258000:3C8=83868369817582d3815b815b815b82f181630a09090909090982c882f182a995cf82c88c6082b582c482e982ed82cb82a58163
D01588	817591ce899e82b782e9834c83838389834e835e815b82f00a8376838c815b836782c98fe682b98140835a834c8385838a836583429195927582f00a89f08f9c82b982e69873	258000:408=817591ce899e82b782e9834c83838389834e835e815b82f00a090909098376838c815b836782c98fe682b98140835a834c8385838a836583429195927582f00a0909090989f08f9c82b982e69873
D01589	8c9596508175835f838182be8149814082b182ea82c582cd0a835a834c8385838a836583429195927582aa814089f08f9c82c582ab82c882a281630a8fe682e98ed282aa88e182a482cc82a981638163	258000:477=8c9596508175835f838182be8149814082b182ea82c582cd0a09090909090909835a834c8385838a836583429195927582aa814089f08f9c82c582ab82c882a281630a090909090909098fe682e98ed282aa88e182a482cc82a981638163
D01590	8c959650817589e482e781408e4f906c82cc8b408a42906c82aa0a91ce899e82b782e98376838c815b836782c98fe682e882dc82b78163	258000:4E9=8c959650817589e482e781408e4f906c82cc8b408a42906c82aa0a0909090909090991ce899e82b782e98376838c815b836782c98fe682e882dc82b78163
D01591	81758e6382e882cc8376838c815b836782cd83868369936182aa816381630a8dc58ce382cc8376838c815b836782c982cd91bc82cc95fb815882aa81638163	258000:534=81758e6382e882cc8376838c815b836782cd83868369936182aa816381630a090909090909098dc58ce382cc8376838c815b836782c982cd91bc82cc95fb815882aa81638163
D01592	81758d6392e982cc96bd82cd8140924e82e682e882e08f6482a28163	258000:5C8
D01593	81758a4382cd81408c9582f0946782cc928682c993db82dd8d9e82de8163	258000:5E5
D01594	8175977a82cd814082e682bb8ed282cc8ee582c982e682c182c48fb882e98163	258000:604
D01595	817596e98bf382cc90af815882cd0a8bbe82cc90a28a4582c995c282b682e782ea82e98163	258000:625=817596e98bf382cc90af815882cd0a090909098bbe82cc90a28a4582c995c282b682e782ea82e98163
D01596	81758c8e82cd8140949282a2896582c9936882e882c282d482b382ea82e98f6896bd8163	258000:64F
D01597	8bbe96be817582a882a882c19873814082b382b782aa8386836982b382f181490a835a834c8385838a836583429195927582aa814092e28e7e82b582dc82b582bd9873	258000:686=8bbe96be817582a882a882c19873814082b382b782aa8386836982b382f181490a090909090909835a834c8385838a836583429195927582aa814092e28e7e82b582dc82b582bd9873
D01598	837c838a838a815b8369817582b182ea82c581408b408a4289bb986690af82c90a90f693fc82c582ab82e982ed82cb8149	260000:4D=837c838a838a815b8369817582b182ea82c581408b408a4289bb986690af82c90a09090909090990f693fc82c582ab82e982ed82cb8149
D01599	8347838a834a81758349815b837a837a837a837a836281490a987282aa96c282e982ed8149	260000:91=8347838a834a81758349815b837a837a837a837a836281490a090909090909987282aa96c282e982ed8149
D01600	83868369817582e6815b82b5814082b382c182bb82ad0a82b582e382c182cf815b81638163	260000:C9=83868369817582e6815b82b5814082b382c182bb82ad0a09090909090982b582e382c182cf815b81638163
D01601	8175837a837a837a837a837a81630a82a082c882bd924282cc8d6c82a682cd0a82c682c182ad82c982a88ca992ca82b582e69873	260000:10D=8175837a837a837a837a837a81630a0909090982a082c882bd924282cc8d6c82a682cd0a0909090982c682c182ad82c982a88ca992ca82b582e69873
D01602	837e8354834c817589bd8ed29874	260000:15C
D01603	817582ed82e782ed82cc96bc82cd817794fc8b53817881490a93568b538940814594fc8b5382c882e982bc9873	260000:182=817582ed82e782ed82cc96bc82cd817794fc8b53817881490a09090909090993568b538940814594fc8b5382c882e982bc9873
D01604	8bbe96be8175937a82cd81778d9593568e67817882c60a8bb082ea82e782ea82bd81408e6c93568b4082cc9874	260000:1C2=8bbe96be8175937a82cd81778d9593568e67817882c60a0909090909098bb082ea82e782ea82bd81408e6c93568b4082cc9874
D01605	8c9596508175918a8ee882c982c682c182c4957391ab82c882b581490a82b182b182cd89e482e782aa8e5182e99873	260000:202=8c9596508175918a8ee882c982c682c182c4957391ab82c882b581490a09090909090982b182b182cd89e482e782aa8e5182e99873
D01606	94fc8b53817582bd82ed82af82aa816381630a82ed82e782ed82aa8e4f8cab8b4082f00a918a8ee882c982b782e982c68e7682a482bd82a98149	260000:244=94fc8b53817582bd82ed82af82aa816381630a09090909090982ed82e782ed82aa8e4f8cab8b4082f00a090909090909918a8ee882c982b782e982c68e7682a482bd82a98149
D01607	8c959650817582c882c99874	260000:2BB
D01608	8bbe96be817582b1814082b182ea82cd9874	260000:2D4
D01609	8c9596508175837583898362834e837a815b838b82a99874	260000:2F3
D01610	817582a482ed82a0829f829f829f829f82c19873	260000:318
D01611	94928d81817582a082a082c198740a8bbe96be976c81408c959650976c815b815b815b82c19873	260000:35D=94928d81817582a082a082c198740a0909090909098bbe96be976c81408c959650976c815b815b815b82c19873
D01612	94fc8b53817582b382c4814088ea94d40a82e282c182a982a282c8937a82e782cd814095d082c382a282bd816381630a8e9f82cd814082bb82c882bd939982cc94d482be8149	260000:397=94fc8b53817582b382c4814088ea94d40a09090909090982e282c182a982a282c8937a82e782cd814095d082c382a282bd816381630a0909090909098e9f82cd814082bb82c882bd939982cc94d482be8149
D01613	837e834c817582dd82f182c881490a8347838a834a976c82f0814082a88ee782e882b782e982cc82e68149	260000:3F6=837e834c817582dd82f182c881490a0909090909098347838a834a976c82f0814082a88ee782e882b782e982cc82e68149
D01614	8347838a834a817582a8814082a8914f924281638163	260000:434
D01615	94fc8b538175837a837a837a837a837a8163816381490a93738d8797c782ad81408f5782dc82c182c489ba82b382e982c882f182c48149	260000:457=94fc8b538175837a837a837a837a837a8163816381490a09090909090993738d8797c782ad81408f5782dc82c182c489ba82b382e982c882f182c48149
D01616	8347838a834a8175834c8383815b815b815b815b83629873	260000:4A1
D01617	8386815b838a8342817582e282df82e982c582b782a381490a82dd82f182c882f0814095d482b782c582b782a39873	260000:4C6=8386815b838a8342817582e282df82e982c582b782a381490a09090909090982dd82f182c882f0814095d482b782c582b782a39873
D01618	889f96eb8cc181758b9682b382c882a282a982e79873	260000:508
D01619	8386836981758386815b838a83428140889f96eb8cc182bf82e182f181490a82a082d482c882a282c1814097a382ea82c48160816081608149	260000:52B=8386836981758386815b838a83428140889f96eb8cc182bf82e182f181490a09090909090982a082d482c882a282c1814097a382ea82c48160816081608149
D01620	94fc8b5381758f6f978891b982c882a282cc95aa8ddb82c50a90b688d38b4382c89873	260000:577=94fc8b5381758f6f978891b982c882a282cc95aa8ddb82c50a09090909090990b688d38b4382c89873
D01621	94fc8b53817582ed82e782ed82f08140937b82e782b982e982c682cd816381630a8bf082a982c882e98ed282c782e082c98e8082f0816381638149	260000:5CB=94fc8b53817582ed82e782ed82f08140937b82e782b982e982c682cd816381630a0909090909098bf082a982c882e98ed282c782e082c98e8082f0816381638149
D01622	8386815b838a8342817582a082a082c181490a838681408386836982b3815b815b815b815b82f1987a	260000:619=8386815b838a8342817582a082a082c181490a090909090909838681408386836982b3815b815b815b815b82f1987a
D01623	8386836981758386815b838a834281490a82dd82f182c8815b815b815b82c19873	260000:655=8386836981758386815b838a834281490a09090909090982dd82f182c8815b815b815b82c19873
D01624	94fc8b5381758e6382e882cc8ed282e00a82b782ae82c98b7a82a28d9e82f182c50a8db782b58fe382b082dc82b782ed9873	260000:689=94fc8b5381758e6382e882cc8ed282e00a09090909090982b782ae82c98b7a82a28d9e82f182c50a0909090909098db782b58fe382b082dc82b782ed9873
D01625	837c838a838a815b836981758386836981409591814091cf82a682e982cc82e69873	260000:6D4
D01626	9591817582a281408cbe82ed82ea82c882ad82c482e00a82ed82a982c182c482e982ed82e68160987a	260000:703=9591817582a281408cbe82ed82ea82c882ad82c482e00a09090909090982ed82a982c182c482e982ed82e68160987a
D01627	94fc8b538175837a837a837a837a837a816381630a82bb82c882bd82be82af82cd81408e6e969682b982b882c982a882a282bd82cc82be8149	260000:74A=94fc8b538175837a837a837a837a837a816381630a09090909090982bb82c882bd82be82af82cd81408e6e969682b982b882c982a882a282bd82cc82be8149
D01628	817582b682ed82b682ed814092c982df82c282af0a82c882d482e88e4582b782bd82df82c982cb82a581638163	260000:796=817582b682ed82b682ed814092c982df82c282af0a0909090909090982c882d482e88e4582b782bd82df82c982cb82a581638163
D01629	83868369817582ad82c18163816382e6814082e682ad82e081638163	260000:7D7
D01630	94fc8b53817582a682c1814082c882c982a9905c82b582dc82b582c48148	260000:800
D01631	83868369817582e682ad82e0814082dd82f182c882f0816381630a82a482ed829f829f829f829f829f829f829f82c19873	260000:82B=83868369817582e682ad82e0814082dd82f182c882f0816381630a09090909090982a482ed829f829f829f829f829f829f829f82c19873
D01632	83868369817582b182ea82cd81408386815b838a834282cc82d482f182c19873	260000:892
D01633	94fc8b538175834f834881638163	260000:8C6
D01634	83868369817582b182ea82cd8140837c838a838a815b8369976c82cc9873	260000:8E8
D01635	94fc8b53817582c882c982a1815b815b815b815b	260000:913
D01636	83868369817582b182ea82cd8140959182bf82e182f182cc82d482f182e69873	260000:93B
D01637	94fc8b53817582c882ba814082b182f182c88370838f815b82aa9874	260000:96F
D01638	83868369817582b182ea82cd8140889f96eb8cc182bf82e182f182cc82d482f182c19873	260000:998
D01639	94fc8b53817582c281408bad82a2816381638bad82b782ac82e981638163	260000:9C9
D01640	83868369817582dd82f182c882f095d482b9815b815b82c18149	260000:9F4
D01641	94fc8b5381758345834d8383815b815b815b83628149	260000:A1B
D01642	83868369817582b282df82f182cb816381630a82dd82f182c882cc8b7782f093a282c482c882ad82c481638163	260000:A50=83868369817582b282df82f182cb816381630a0909090909090909090909090982dd82f182c882cc8b7782f093a282c482c882ad82c481638163
D01643	8175897190af8b4f93b98fe382c98376838a8393835a83588d8682aa0a82a282c882a282bd82df814094ad8ecb82c582ab82c882a28149	260000:A97=8175897190af8b4f93b98fe382c98376838a8393835a83588d8682aa0a0909090909090982a282c882a282bd82df814094ad8ecb82c582ab82c882a28149
D01644	83868369817582dd82f182c8816382dd82f182c881408f9582a982c182bd82cc82cb8149	268000:29
D01645	837c838a838a815b8369817582a682a6814981400a8bf38ad482cc8bb78ad482f082b382dc82e682c182c482a282e982c682b182eb82f00a81778376838a8393835a83588145837e8389815b83578385817882c982cb8149	268000:59=837c838a838a815b8369817582a682a6814981400a0909090909098bf38ad482cc8bb78ad482f082b382dc82e682c182c482a282e982c682b182eb82f00a09090909090981778376838a8393835a83588145837e8389815b83578385817882c982cb8149
D01646	837e8389815b8357838581758386836982b382f182cc8cb382c90a8bec82af82c282af82e98dc59286814082a082f182c88f8a82c582dd82c882b382f182c90a8f6f89ef82a482c682cd8e7682a282dc82b982f182c582b582bd82ed8149	268000:D4=837e8389815b8357838581758386836982b382f182cc8cb382c90a0909090909098bec82af82c282af82e98dc59286814082a082f182c88f8a82c582dd82c882b382f182c90a0909090909098f6f89ef82a482c682cd8e7682a282dc82b982f182c582b582bd82ed8149
D01647	83868369817582a082e882aa82c682a4816381630a82a082e882aa82c682a481498140837e8389815b835783859873	268000:14A=83868369817582a082e882aa82c682a4816381630a09090909090982a082e882aa82c682a481498140837e8389815b835783859873
D01648	837e8389815b83578385817582a482d382d382d382c1816381630a8e8482cd9396915282cc82b182c682f082b582bd82be82af82c582b782e69876	268000:18B=837e8389815b83578385817582a482d382d382d382c1816381630a0909090909098e8482cd9396915282cc82b182c682f082b582bd82be82af82c582b782e69876
D01649	9591817582dc814082c682e882a082a682b888ea906c82c582e282c182c282af82bd0a82dd82bd82a282be82b5814082d982df82c682a282c482a082b082e982ed8149	268000:1D8=9591817582dc814082c682e882a082a682b888ea906c82c582e282c182c282af82bd0a09090909090982dd82bd82a282be82b5814082d982df82c682a282c482a082b082e982ed8149
D01650	889f96eb8cc1817583868369815b9873	268000:22D
D01651	83868369817582c7814082c782a482b582bd82cc8140889f96eb8cc182bf82e182f18148	268000:254
D01652	889f96eb8cc1817582be82c182c4814082be82c182c481638163	268000:284
D01653	83868369817582a482d382d382c181630a82a882a982a682e88140889f96eb8cc182bf82e182f18149	268000:2AA=83868369817582a482d382d382c181630a09090909090982a882a982a682e88140889f96eb8cc182bf82e182f18149
D01654	889f96eb8cc1817582a482f18149814082bd82be82a282dc9873	268000:2E5
D01655	83868369817582dd82f182c8816382dd82f182c88149814082a882a982a682e89873	268000:316
D01656	8c9596508175905f8a798de2838683698163814089bd8ccc82c582a082eb82a481630a82a082cc8fce8ae782f08ca982c482a282e982c695738e768b6382c6905382aa0a82c882b282de81638163	268000:35A=8c9596508175905f8a798de2838683698163814089bd8ccc82c582a082eb82a481630a09090909090982a082cc8fce8ae782f08ca982c482a282e982c695738e768b6382c6905382aa0a09090909090982c882b282de81638163
D01657	8bbe96be817582a682a68163814090ed82a282cc8dc5928682c982a082c182c40a88ea8e9e82cc88c082e782ac82f093be82bd8b4395aa82c582b78163	268000:3C0=8bbe96be817582a682a68163814090ed82a282cc8dc5928682c982a082c182c40a09090909090988ea8e9e82cc88c082e782ac82f093be82bd8b4395aa82c582b78163
D01658	817596b38ed78b4382c88e718b9f82cc82e682a482c5814082bb82ea82c582a282c40a8e9c88a482c9969e82bf82bd95ea906582cc82e682a482c88163	268000:40F=817596b38ed78b4382c88e718b9f82cc82e682a482c5814082bb82ea82c582a282c40a0909090909098e9c88a482c9969e82bf82bd95ea906582cc82e682a482c88163
D01659	94928d81817582a082cc8fce8ae782aa81408386836982b382f182cc0a8dc591e582cc96a397cd82a982e082b582ea82dc82b982f18163	268000:45E=94928d81817582a082cc8fce8ae782aa81408386836982b382f182cc0a0909090909098dc591e582cc96a397cd82a982e082b582ea82dc82b982f18163
D01660	8c959650817582b582a982b58140904d82b682e782ea82ca81630a82a082cc8fad8f9782aa817797648b408e4f8e6f9685817882c68140905382f00a92ca82ed82b982bd82c682cd8163	268000:4B2=8c959650817582b582a982b58140904d82b682e782ea82ca81630a09090909090982a082cc8fad8f9782aa817797648b408e4f8e6f9685817882c68140905382f00a09090909090992ca82ed82b982bd82c682cd8163
D01661	94928d81817589bd8ed282c991ce82b582c482e095aa82af8a7582c482cc82c882a20a817796b38f9e82cc88a481788163	268000:514=94928d81817589bd8ed282c991ce82b582c482e095aa82af8a7582c482cc82c882a20a090909090909817796b38f9e82cc88a481788163
D01662	817582bb82ea82b182bb82aa97648b408e4f8e6f968582cc938082c482c282a282bd0a905382f0976e82a982b582bd82cc82c582cd82c882a282c582b582e582a482a98148	268000:557=817582bb82ea82b182bb82aa97648b408e4f8e6f968582cc938082c482c282a282bd0a090909090909905382f0976e82a982b582bd82cc82c582cd82c882a282c582b582e582a482a98148
D01663	8c959650817582d382de81638163	268000:5AE
D01664	8bbe96be817582a082cc974482b582b382aa814082a282c282a982b182cc90ed82a282f00a8f4982ed82e782b982c482ad82ea82e982c68e7682a482cc82c582b78163	268000:5C8=8bbe96be817582a082cc974482b582b382aa814082a282c282a982b182cc90ed82a282f00a0909090909098f4982ed82e782b982c482ad82ea82e982c68e7682a482cc82c582b78163
D01665	8c9596508175937182af82c482dd82e982a98148814082a082cc8fad8f9782c98163	268000:61D
D01666	8bbe96be817582bb82a482c582b782cb8163	268000:64B
D01667	8bbe96be81758cf582cc8b7e90a28ee58140905f8a798de283868369936181490a89e482e781408e4f8cab8b4082cc8bbe96be82c68c95965081630a82a082c882bd82c9915382c482f091f582b582dc82b582e582a48149	268000:686=8bbe96be81758cf582cc8b7e90a28ee58140905f8a798de283868369936181490a09090909090989e482e781408e4f8cab8b4082cc8bbe96be82c68c95965081630a09090909090982a082c882bd82c9915382c482f091f582b582dc82b582e582a48149
D01668	8c959650817582b182cc8be289cd82f08b7e82a482bd82df81630a82bb82c882bd82c68ba482c990ed82a48f8a91b69873	268000:6F6=8c959650817582b182cc8be289cd82f08b7e82a482bd82df81630a09090909090982bb82c882bd82c68ba482c990ed82a48f8a91b69873
D01669	81758ccc82c982b182cc906781408ce48ea995aa82cc91cc82c68e7682a482c40a91b695aa82c98e6782c182c482ad82be82b382ea8149	268000:739=81758ccc82c982b182cc906781408ce48ea995aa82cc91cc82c68e7682a482c40a09090909090991b695aa82c98e6782c182c482ad82be82b382ea8149
D01670	83868369817582a082bd82b58163814088ea906c82b682e189bd82c982e00a82c582ab82c882a2958192ca82cc8f9782cc8e7182c882f182c582b78163	268000:7BC=83868369817582a082bd82b58163814088ea906c82b682e189bd82c982e00a09090909090982c582ab82c882a2958192ca82cc8f9782cc8e7182c882f182c582b78163
D01671	83868369817582dd82f182c882aa82a282c882a282c68368835782ce82c182a982e881630a82be82a982e78163814082b182c182bf82b182bb814082e682eb82b582ad0a82a88ae882a282b582dc82b79873	268000:816=83868369817582dd82f182c882aa82a282c882a282c68368835782ce82c182a982e881630a09090909090982be82a982e78163814082b182c182bf82b182bb814082e682eb82b582ad0a09090909090982a88ae882a282b582dc82b79873
D01672	8c959980817583868369936181638163	268000:880
D01673	8386836981758347837783778362814082e6815b82b5814082dd82f182c881490a8b408a4289bb986690af82dc82c5814082a082c682bf82e582c182c681490a82aa82f182ce82eb815b9873	268000:8A7=8386836981758347837783778362814082e6815b82b5814082dd82f182c881490a0909090909098b408a4289bb986690af82dc82c5814082a082c682bf82e582c182c681490a09090909090982aa82f182ce82eb815b9873
D01674	8c959650817582a882a88140908b82c996df82c182c482ab82bd82bc81490a89e482e782aa8ccc8bbd82c99873	270000:4B=8c959650817582a882a88140908b82c996df82c182c482ab82bd82bc81490a09090909090989e482e782aa8ccc8bbd82c99873
D01675	837e8354834c817582a082cc90af82c98b408a4289bb8d6392e982aa82a282e98163	270000:8A
D01676	837c838a838a815b8369817582a282e682a282e682cb8149	270000:B8
D01677	83868369817582c682b182eb82c594928d8181408b408a4289bb986690af82c182c40a82c782f182c890af82c882cc8148	270000:E7=83868369817582c682b182eb82c594928d8181408b408a4289bb986690af82c182c40a09090909090982c782f182c890af82c882cc8148
D01678	94928d818175834583748374836281408386836982b382f1924282aa8ca982bd82e70a82ab82c182c683728362834e838a82b582dc82b782e68149	270000:12A=94928d818175834583748374836281408386836982b382f1924282aa8ca982bd82e70a09090909090982ab82c182c683728362834e838a82b582dc82b782e68149
D01679	81758e84924282cc90af82cd8177836c8349938c8b9e817882f083828366838b82c90a8dec82e782ea82bd82f182c582b78149	270000:177=81758e84924282cc90af82cd8177836c8349938c8b9e817882f083828366838b82c90a0909090909098dec82e782ea82bd82f182c582b78149
D01680	83868369817582a6816082c19874814082c7814082c782a482b582c48148	270000:1BC
D01681	94928d81817594928d6392e981458bca89d8976c82cd926e8b8582c682a282a490af82c90a91e595cf8bbb96a182f082e082c182c482a882e782ea82dc82b582bd82a982e78163	270000:1E6=94928d81817594928d6392e981458bca89d8976c82cd926e8b8582c682a282a490af82c90a09090909090991e595cf8bbb96a182f082e082c182c482a882e782ea82dc82b582bd82a982e78163
D01682	81758a5882f091a282e982c982a082bd82c182c4926e8b8582cc88ea93738e7382f00a83828366838b82c982b382ea82bd82f182c582b78149	270000:23F=81758a5882f091a282e982c982a082bd82c182c4926e8b8582cc88ea93738e7382f00a09090909090983828366838b82c982b382ea82bd82f182c582b78149
D01683	8bbe96be817582a682a681638140926e8b8582cc8966919c82f08ca982c482a282e90a8bca89d8976c82cd91e595cf8a7982b582bb82a482c582b582bd8163	270000:295=8bbe96be817582a682a681638140926e8b8582cc8966919c82f08ca982c482a282e90a0909090909098bca89d8976c82cd91e595cf8a7982b582bb82a482c582b582bd8163
D01684	8175926e8b85906c82cc90b68a8882c882c7976c815882c882b182c682f00a82e682ad986282b582c482a282dc82b582bd82cb8163	270000:2E6=8175926e8b85906c82cc90b68a8882c882c7976c815882c882b182c682f00a09090909090982e682ad986282b582c482a282dc82b582bd82cb8163
D01685	83868369817594928d6392e982b382f182cd814082c782a482b582c40a926e8b8582cc8e9682f081638148	270000:32D=83868369817594928d6392e982b382f182cd814082c782a482b582c40a090909090909926e8b8582cc8e9682f081638148
D01686	8c959980817582a882bb82e782ad8ea9975282c8926e8b8582cc96af82cc8e9682f00a88a482b582c482a882e782ea82bd82cc82be82eb82a482c88163	270000:36A=8c959980817582a882bb82e782ad8ea9975282c8926e8b8582cc96af82cc8e9682f00a09090909090988a482b582c482a882e782ea82bd82cc82be82eb82a482c88163
D01687	83868369817583478377837783629876814082c882f182be82a9928582ad82cc82aa0a8a7982b582dd82be82c8829f8163	270000:3B9=83868369817583478377837783629876814082c882f182be82a9928582ad82cc82aa0a0909090909098a7982b582dd82be82c8829f8163
D01688	838683698175837a83938367814082c882f182c682c882ad0a836c8349938c8b9e82c98e9782c482e98163	278000:20=838683698175837a83938367814082c882f182c682c882ad0a090909090909836c8349938c8b9e82c98e9782c482e98163
D01689	8347838a834a817582c582e0814082b182cc8a58816382a882a982b582ad82c882a281480a924e82e082a282c882a281638163	278000:5E=8347838a834a817582c582e0814082b182cc8a58816382a882a982b582ad82c882a281480a090909090909924e82e082a282c882a281638163
D01690	837c838a838a815b8369817590b68a888ab482aa8140915382ad0a8ab482b682e782ea82c882a282ed816381408bdf91e3934982c882f182be82af82c70a82c782b182a981408353815b83588367835e8345839382cc82e682a482c88163	278000:A4=837c838a838a815b8369817590b68a888ab482aa8140915382ad0a0909090909098ab482b682e782ea82c882a282ed816381408bdf91e3934982c882f182be82af82c70a09090909090982c782b182a981408353815b83588367835e8345839382cc82e682a482c88163
D01691	94928d81817582bb814082bb82f182c8816381638e8482cc926d82c182c482a282e90a8a5882cd814082b182f182c882c582cd82c882a982c182bd82ed81490a88ea91cc814082c782a482b582c481638163	278000:11B=94928d81817582bb814082bb82f182c8816381638e8482cc926d82c182c482a282e90a0909090909098a5882cd814082b182f182c882c582cd82c882a982c182bd82ed81490a09090909090988ea91cc814082c782a482b582c481638163
D01692	8c959650817582b182ea82e00a8b408a4289bb8d6392e982cc8e648bc682c882cc82a981638163	278000:186=8c959650817582b182ea82e00a0909090909098b408a4289bb8d6392e982cc8e648bc682c882cc82a981638163
D01693	817582a68160816082f1816382a68160816082f181638163	278000:1CC
D01694	8347838a834a817582a082e781480a82a082f182c88f8a82c981408fac82b382c88e7182aa8163	278000:1E5=8347838a834a817582a082e781480a09090909090982a082f182c88f8a82c981408fac82b382c88e7182aa8163
D01695	83868369817582c782a482b582bd82cc82a982c8829f81608148	278000:21F
D01696	8fad8f9781758370837082e08140837d837d82e00a82dd82f182c882dd82f182c881408d6392e9976c82c90a95df82dc82c182bf82e182c182bd82cc8149	278000:246=8fad8f9781758370837082e08140837d837d82e00a09090909090982dd82f182c882dd82f182c881408d6392e9976c82c90a09090909090995df82dc82c182bf82e182c182bd82cc8149
D01697	817582c882c982e088ab82a282b182c682b582c482c882a282cc82c9816381630a8d6392e9976c82cc8cbe82a482b182c6814095b782a982c882a282a982e782c182c40a95ba91e082b382f182c98140984182ea82c482a982ea82bf82e182c182bd82cc81638163	278000:29D=817582c882c982e088ab82a282b182c682b582c482c882a282cc82c9816381630a0909090909098d6392e9976c82cc8cbe82a482b182c6814095b782a982c882a282a982e782c182c40a09090909090995ba91e082b382f182c98140984182ea82c482a982ea82bf82e182c182bd82cc81638163
D01698	83868369817582e082a481408b8382a982c882a282c581490a82a88e6f82bf82e182f1924282aa81408f9582af82c482a082b082e98149	278000:31E=83868369817582e082a481408b8382a982c882a282c581490a09090909090982a88e6f82bf82e182f1924282aa81408f9582af82c482a082b082e98149
D01699	8fad8f978175837a8140837a8393836782c981638148	278000:368
D01700	83868369817591e58fe49576814082dc82a982b982c682a282c481490a95ba91e082b382f182c882f182a981400a82b782ae82c9814082e282c182c282af82bf82e182a482f182be82a982e78149	278000:38B=83868369817591e58fe49576814082dc82a982b982c682a282c481490a09090909090995ba91e082b382f182c882f182a981400a09090909090982b782ae82c9814082e282c182c282af82bf82e182a482f182be82a982e78149
D01701	8fad8f97817582a482f1816381638163	278000:3F2
D01702	8347838b8369815b8175918191ac81408cbb82ea82dc82b582bd82cb8149	278000:421
D01703	837c838a838a815b836981758da182dc82c582cc0a934782c682cd8140835e8343837682aa88e182a481630a8b4382f082c282af82e982cc82e68149	278000:44C=837c838a838a815b836981758da182dc82c582cc0a090909090909934782c682cd8140835e8343837682aa88e182a481630a0909090909098b4382f082c282af82e982cc82e68149
D01704	8386815b838a8342817582dd82f182c80a82e282c182c282af82bf82e182a482c582b782a38149	278000:4A1=8386815b838a8342817582dd82f182c80a09090909090982e282c182c282af82bf82e182a482c582b782a38149
D01705	83868369817582e682a7816082b581490a82a88e6f82bf82e182f1924281408ae692a382e982a982e782cb8149	278000:4DB=83868369817582e682a7816082b581490a09090909090982a88e6f82bf82e182f1924281408ae692a382e982a982e782cb8149
D01706	8347837e838a815b817582b282df82f182c882b382a281638eb897e782b582dc82b78163	278000:BDA 288000:356 2D8000:752 300000:C08 308000:88E 310000:8D6 340000:6F3 350000:6F3 360000:6F3 370000:6F3 388000:CEB 398000:86A 3A8000:6F0 3B0000:790 3B8000:76E 3C0000:74D 3E8000:AA7 3F0000:744 400000:758 408000:760
D01707	97748e71817582b182cc8e8482aa82e282e782ea82e982c882f182c481638163	278000:C1A 288000:396 2D8000:792 300000:C48 308000:8CE 310000:916 340000:733 350000:733 360000:733 370000:733 388000:D2B 398000:8AA 3A8000:730 3B0000:7D0 3B8000:7AE 3C0000:78D 3E8000:AE7 3F0000:784 400000:798 408000:7A0
D01708	8fad8f97817582a88e6f82bf82e182f19242814082b782c182b2816082a28149	278000:CA5
D01709	8fad8f9781758370837082c6837d837d82cd0a82b182c182bf82cc95fb82c9984182ea82c482a982ea82bd82cc81630a82b182c182bf82e68140918182ad9873	278000:CD2=8fad8f9781758370837082c6837d837d82cd0a09090909090982b182c182bf82cc95fb82c9984182ea82c482a982ea82bd82cc81630a09090909090982b182c182bf82e68140918182ad9873
D01710	83868369817582bd814091e595cf9874	278000:D2B
D01711	8fad8f9781758f9582af82c4816081490a82a88e6f82bf82e1816082f18149	278000:D48=8fad8f9781758f9582af82c4816081490a09090909090982a88e6f82bf82e1816082f18149
D01712	837c838a838a815b8369817582b182ea82c582cd0a8d558c8282c582ab82c882a28149	278000:D7A=837c838a838a815b8369817582b182ea82c582cd0a0909090909098d558c8282c582ab82c882a28149
D01713	8347838b8369815b81758e6495fb82aa82c882a2816381630a94bd8c8282cc8b4089ef82f0814091d282bf82dc82b582e582a48163	278000:DB0=8347838b8369815b81758e6495fb82aa82c882a2816381630a09090909090994bd8c8282cc8b4089ef82f0814091d282bf82dc82b582e582a48163
D01714	837e8354834c817582e082a4814082bb82eb82bb82eb0a82e682b382bb82a482cb8149	280000:43=837e8354834c817582e082a4814082bb82eb82bb82eb0a09090909090982e682b382bb82a482cb8149
D01715	837c838a838a815b8369817582a682a681490a8d7393ae82f08a4a8e6e82b582dc82b582e582a48149	280000:79=837c838a838a815b8369817582a682a681490a0909090909098d7393ae82f08a4a8e6e82b582dc82b582e582a48149
D01716	837c838a838a815b8369817582b382c182b382c6814082e282c182c282af82c40a83868369924282c68d8797ac82b782e982ed82e68149	280000:D9=837c838a838a815b8369817582b382c182b382c6814082e282c182c282af82c40a09090909090983868369924282c68d8797ac82b782e982ed82e68149
D01717	837e8354834c817582b582dc82c182bd8163816396fb926682b582bd81638163	280000:18F
D01718	837c838a838a815b8369817582b182ea82c582e682b582c68149	280000:1CE
D01719	8358834383628360	288000:16
D01720	889f96eb8cc18175918182ad81408386836982f08f9582af82c882ab82e181638163	288000:29
D01721	8c959650817589bd82f082b782e98b4382be81638148	288000:58
D01722	889f96eb8cc181758c8882dc82c182c482e982c582b582e581490a82b182b182a982e792458f6f82b782e982cc8149	288000:7B=889f96eb8cc181758c8882dc82c182c482e982c582b582e581490a09090909090982b182b182a982e792458f6f82b782e982cc8149
D01723	889f96eb8cc1817582b182f182c88f8a82c50a834f8359834f835982b582c482e782ea82c882a282ed81490a82b182c182bf82a982e78d7382ad82ed82e68149	288000:BD=889f96eb8cc1817582b182f182c88f8a82c50a090909090909834f8359834f835982b582c482e782ea82c882a282ed81490a09090909090982b182c182bf82a982e78d7382ad82ed82e68149
D01724	8c959650817582b782dc82ca81630a927882ea82f082c682c182c482b582dc82c182bd81630a82ed82b582e090ed82a482bc9873	288000:167=8c959650817582b782dc82ca81630a09090909090909927882ea82f082c682c182c482b582dc82c182bd81630a0909090909090982ed82b582e090ed82a482bc9873
D01725	8bbe96be8175967b978882cd934782c582a082c182bd0a8e84924282f081408f9582af82c482ad82ea82e982cc82a9816381630a889f96eb8cc182b382f181408ab4959e82b582dc82b582bd8163	288000:1B6=8bbe96be8175967b978882cd934782c582a082c182bd0a090909090909098e84924282f081408f9582af82c482ad82ea82e982cc82a9816381630a09090909090909889f96eb8cc182b382f181408ab4959e82b582dc82b582bd8163
D01726	94928d81817582a082e882aa82c682a482b282b482a282dc82b78149	288000:21F
D01727	889f96eb8cc1817582b282df82f1814083868369816381630a8e8481408ee782c182c482a082b082e782ea82c882a982c182bd81638163	288000:3D2=889f96eb8cc1817582b282df82f1814083868369816381630a0909090909090909090909090909098e8481408ee782c182c482a082b082e782ea82c882a982c182bd81638163
D01728	889f96eb8cc181758386836982cc8f8a82c90a918182ad81408cfc82a982ed82c882ab82e19873	288000:43B=889f96eb8cc181758386836982cc8f8a82c90a090909090909918182ad81408cfc82a982ed82c882ab82e19873
D01729	8bbe96be817582bf82e582c182c6814091d282c182c482ad82be82b382a28149	288000:475
D01730	889f96eb8cc1817582c882c982b582c482e982cc8148	288000:4B4
D01731	8bbe96be817582b182cc95ba8e6d82cc89f1984882c9904e93fc82b582c40a8fee95f18efb8f5782b582dc82b781638163	288000:4D7=8bbe96be817582b182cc95ba8e6d82cc89f1984882c9904e93fc82b582c40a0909090909098fee95f18efb8f5782b582dc82b781638163
D01732	8bbe96be817582c8814082c882f182be82c698740a82bb82f182c88f8a82c98149	288000:53C=8bbe96be817582c8814082c882f182be82c698740a09090909090982bb82f182c88f8a82c98149
D01733	817594928d6392e981778bca89d8976c817882cc0a8d7395fb82aa814082ed82a982e882dc82b582bd9873	288000:570=817594928d6392e981778bca89d8976c817882cc0a0909090909098d7395fb82aa814082ed82a982e882dc82b582bd9873
D01734	8347838a834a81758b868bc982cc814082a88fec976c82c582a082e98e8482aa0a82c882f182c582b182f182c88f8a82c90a93fc82c182c482c882ab82e182a282af82c882a282cc82e68149	290000:2B=8347838a834a81758b868bc982cc814082a88fec976c82c582a082e98e8482aa0a09090909090982c882f182c582b182f182c88f8a82c90a09090909090993fc82c182c482c882ab82e182a282af82c882a282cc82e68149
D01735	837e834c8175834781408347838a834a976c8140978e82bf928582a282c4987a	290000:90
D01736	8347838a834a817582b782ae82c9814082b182b182a982e70a8e84924282f0814082a88f6f82b582c882b382a282c18149	290000:BD=8347838a834a817582b782ae82c9814082b182b182a982e70a0909090909098e84924282f0814082a88f6f82b582c882b382a282c18149
D01737	837d837e817591e58fe4957682c582b781408347838a834a976c81490a82b182f182c882b182c682e082a082eb82a482a982c68140934795ba8e6d82a982e70a82b182ea82f08eb88c6882b582c482a882ab82dc82b582bd8149	290000:113=837d837e817591e58fe4957682c582b781408347838a834a976c81490a09090909090982b182f182c882b182c682e082a082eb82a482a982c68140934795ba8e6d82a982e70a09090909090982b182ea82f08eb88c6882b582c482a882ab82dc82b582bd8149
D01738	8347838a834a817582bb814082bb82ea82cd8fac8c5e949a926581490a918191ac814082e282c182c482a882b582dc82a29873	290000:186=8347838a834a817582bb814082bb82ea82cd8fac8c5e949a926581490a090909090909918191ac814082e282c182c482a882b582dc82a29873
D01739	8347838a834a81758e8482f00a82b182f182c88fac899882a2985389ae82c993fc82ea82bd8ddf816381630a82ab82c182bf82e881408f9e82ed82b982c482a082b082e982ed9873	290000:202=8347838a834a81758e8482f00a09090909090982b182f182c88fac899882a2985389ae82c993fc82ea82bd8ddf816381630a09090909090982ab82c182bf82e881408f9e82ed82b982c482a082b082e982ed9873
D01740	835a838a834a817582b582dc82c182bd81490a92878ad482f081408cc482d182c98d7382c182bd82ed8149	290000:263=835a838a834a817582b582dc82c182bd81490a09090909090992878ad482f081408cc482d182c98d7382c182bd82ed8149
D01741	8347838a834a817582bb82a482be816382dd82f182c88140894282ea82c481490a82b182b182cc926e8c6082f09798977082b582c40a91d282bf959a82b982b782e982cc82e68149	290000:2B3=8347838a834a817582bb82a482be816382dd82f182c88140894282ea82c481490a09090909090982b182b182cc926e8c6082f09798977082b582c40a09090909090991d282bf959a82b982b782e982cc82e68149
D01742	8347838a834a817582c782a482b582c4814082b182cc8e8482aa81608160	290000:508
D01743	837e834c81758347838a834a976c814082e282e882dc82b582bd82cb8149	290000:533
D01744	8347838a834a81758349815b8362837a837a837a837a836281490a8e84924282c990ed82a282f092a782e082a482c882f182c40a88ea969c944e8140918182a282cc82e68149	290000:55E=8347838a834a81758349815b8362837a837a837a837a836281490a0909090909098e84924282c990ed82a282f092a782e082a482c882f182c40a09090909090988ea969c944e8140918182a282cc82e68149
D01745	83868369817582dd82f182c8814091e58fe4957682a982c8829f816381630a82c782b182c995df82dc82c182c482f182be82eb8148	298000:5D=83868369817582dd82f182c8814091e58fe4957682a982c8829f816381630a09090909090982c782b182c995df82dc82c182c482f182be82eb8148
D01746	8386815b838a8342817582c682c182c482e09053947a82c581408386815b838a83420a82a895a08cb882c182c482ab82bd82c582b782a38163	298000:A5=8386815b838a8342817582c682c182c482e09053947a82c581408386815b838a83420a09090909090982a895a08cb882c182c482ab82bd82c582b782a38163
D01747	838683698175959182bf82e182f1816382c782a482b582e682a48148	298000:114
D01748	959181758c8882dc82c182c482f182b682e182c882a281490a82b182f182c8814082de82b38bea82b582a282c682b182eb0a82c682c182c682c68140834983548389836f82b782e982ed82e68149	298000:13D=959181758c8882dc82c182c482f182b682e182c882a281490a09090909090982b182f182c8814082de82b38bea82b582a282c682b182eb0a09090909090982c682c182c682c68140834983548389836f82b782e982ed82e68149
D01749	83868369817582c582e0814082b182cc985389ae82cc94e00a8c8b8d5c81408ae68fe482bb82a482be82e681630a82c782a482e282c182c492458f6f82b782e982cc8148	298000:1A4=83868369817582c582e0814082b182cc985389ae82cc94e00a0909090909098c8b8d5c81408ae68fe482bb82a482be82e681630a09090909090982c782a482e282c182c492458f6f82b782e982cc8148
D01750	9591817582be829f82a282b682e582a482d481490a82b182cc974c945c94fc906c8bb38e7482cc959182bf82e182f182c90a82dc82a982b982c682ab82c882b382a282c182c48149	298000:201=9591817582be829f82a282b682e582a482d481490a09090909090982b182cc974c945c94fc906c8bb38e7482cc959182bf82e182f182c90a09090909090982dc82a982b982c682ab82c882b382a282c182c48149
D01751	97ed94fc81759591816382c882c982b582c482e98341838b82a98148	298000:262
D01752	9591817582e082bf82eb82f181409853946a82e882e681490a82b182b182f082b182a482b582c4814082bf82e582a282bf82e582a282c182c68149	298000:28B=9591817582e082bf82eb82f181409853946a82e882e681490a09090909090982b182b182f082b182a482b582c4814082bf82e582a282bf82e582a282c182c68149
D01753	83868369817582be82a082a082a082a082a082c1987a	298000:2FE
D01754	8347838b8369815b817582b182cc906c8140967b939682c90a8bb38e7482c882f182c582b582e582a482a9987a	298000:315=8347838b8369815b817582b182cc906c8140967b939682c90a0909090909098bb38e7482c882f182c582b582e582a482a9987a
D01755	9591817582d9815b82e78a4a82a282bd8149814082c782a481480a89fc82df82c481408341835e835682cc916690b082e782b582b382aa0a95aa82a982c182bd82a982b582e78148	298000:367=9591817582d9815b82e78a4a82a282bd8149814082c782a481480a09090909090989fc82df82c481408341835e835682cc916690b082e782b582b382aa0a09090909090995aa82a982c182bd82a982b582e78148
D01756	817594fc906c82cd814082c882f182c582e082c582ab82c40a82d9816082f182c681408da282c182bf82e182a482ed82cb82a5816081490a834981608362837a8362837a83628149	298000:3C8=817594fc906c82cd814082c882f182c582e082c582ab82c40a09090909090982d9816082f182c681408da282c182bf82e182a482ed82cb82a5816081490a090909090909834981608362837a8362837a83628149
D01757	83868369817582cd814082cd82cd82cd82cd8163816382cd829f987a	298000:429
D01758	83868369817582c682e882a082a682b80a8f6f82e782ea82bd82cc82cd814082e682a982c182bd82af82c781630a918182ad814091bc82cc82dd82f182c882f0917b82b382c882a282c68163	298000:452=83868369817582c682e882a082a682b80a0909090909098f6f82e782ea82bd82cc82cd814082e682a982c182bd82af82c781630a090909090909918182ad814091bc82cc82dd82f182c882f0917b82b382c882a282c68163
D01759	835783838393837b8350815b834c82f08a6c93be82b582bd	298000:4BE 308000:FF
D01760	8341838d83478347834c835882f08a6c93be82b582bd	298000:4D7 308000:118
D01761	826c82728257825282a982e7	2A0000:26
D01762	826c827282508250825082a982e7	2A0000:33 2B0000:20
D01763	838683698175837c838a838a815b8369976c829f0a82b296b38e9682be82c182bd82f182c582b782cb9876	2A0000:71=838683698175837c838a838a815b8369976c829f0a090909090909090982b296b38e9682be82c182bd82f182c582b782cb9876
D01764	837c838a838a815b836981758386836982e08cb38b4382bb82a482cb81490a82b3829f814091bc82cc82dd82f182c882f0917b82b582dc82b582e582a48149	2A0000:B1=837c838a838a815b836981758386836982e08cb38b4382bb82a482cb81490a090909090909090982b3829f814091bc82cc82dd82f182c882f0917b82b582dc82b582e582a48149
D01765	826c82728257825382a982e7	2A8000:28
D01766	826c82728257825482a982e7	2A8000:35 2B8000:16
D01767	826c82728257825582a982e7	2B0000:2F 2C0000:26
D01768	826c82728257825682a982e7	2B8000:23 2C8000:16
D01769	83868369817582dd82f182c80a82c782b182c995df82dc82c182c482f182be82eb8148	2B8000:75=83868369817582dd82f182c80a09090909090982c782b182c995df82dc82c182c482f182be82eb8148
D01770	83868369817582b182ea82cd8140924e82a982aa90ed82c182bd90d598730a82dc82b382a9814082dd82f182c80a82e282e782ea82bf82e182c182bd82cc82a982c8829f987a	2B8000:AB=83868369817582b182ea82cd8140924e82a982aa90ed82c182bd90d598730a09090909090982dc82b382a9814082dd82f182c80a09090909090982e282e782ea82bf82e182c182bd82cc82a982c8829f987a
D01771	837e8354834c817583868369814082bb82a48ac8925082c982e282e782ea82e90a906c924282b682e182c882a282ed8163	2B8000:10A=837e8354834c817583868369814082bb82a48ac8925082c982e282e782ea82e90a090909090909906c924282b682e182c882a282ed8163
D01772	83868369817582c5814082c582e081638163	2B8000:14E
D01773	8386815b838a834281758386836982b3829f8160816082f10a8386815b838a8342814082a895a08cb882c182bd82c582b782a381630a82c882c982a9904882d795a882ad82be82b3829f816082a28149	2B8000:16D=8386815b838a834281758386836982b3829f8160816082f10a0909090909098386815b838a8342814082a895a08cb882c182bd82c582b782a381630a09090909090982c882c982a9904882d795a882ad82be82b3829f816082a28149
D01774	83868369817582bf82e582c182c6814082b182f182c882c682ab82c90a82c882c981408cbe82c182c482f182cc82e6816081408386815b838a8342987a	2B8000:1D6=83868369817582bf82e582c182c6814082b182f182c882c682ab82c90a09090909090982c882c981408cbe82c182c482f182cc82e6816081408386815b838a8342987a
D01775	8386815b838a8342817582a282e282c582b782a381630a82e082a481408386815b838a8342814089e4969d82c582ab82c882a282c582b782a381630a918182ad81408353836e839381408353836e839381608160	2B8000:226=8386815b838a8342817582a282e282c582b782a381630a09090909090982e082a481408386815b838a8342814089e4969d82c582ab82c882a282c582b782a381630a090909090909918182ad81408353836e839381408353836e839381608160
D01776	837c838a838a815b836981758da182cd0a8e6782ed82ea82c482a282c882a292ca984882cc82e682a482cb816381630a82dd82f182c881408d7382ab82dc82b582e582a48149	2B8000:2C4=837c838a838a815b836981758da182cd0a0909090909098e6782ed82ea82c482a282c882a292ca984882cc82e682a482cb816381630a09090909090982dd82f182c881408d7382ab82dc82b582e582a48149
D01777	8386836981758386815b838a8342814082b282d982a482d182e681490a82a882c982ac82e882c582e0814082c882f182c582e00a82bd82ad82b382f1904882d782c48149	2B8000:323=8386836981758386815b838a8342814082b282d982a482d182e681490a09090909090982a882c982ac82e882c582e0814082c882f182c582e00a09090909090982bd82ad82b382f1904882d782c48149
D01778	8386815b838a83428175838f816081608160834382c582b782a39873	2B8000:380
D01779	826c82728257825782a982e7	2C0000:33 2D0000:16
D01780	826c82728258825082a982e7	2C8000:23
D01781	837c838a838a815b8369817582cd82c19874	2C8000:7B
D01782	81758aeb82c882a282c19873	2C8000:9A
D01783	83868369817582eb8163985a89d490ed9874	2C8000:F4
D01784	97ed94fc817582bb814082bb82f182c8816381630a94de8f97924282cd81408a6d82a982c9937c82b582bd82cd82b88341838b81630a82bb82ea82c882cc82c9814082c782a482b582c481638163	2C8000:113=97ed94fc817582bb814082bb82f182c8816381630a09090909090994de8f97924282cd81408a6d82a982c9937c82b582bd82cd82b88341838b81630a09090909090982bb82ea82c882cc82c9814082c782a482b582c481638163
D01785	837e8354834c817582b182ea82cd8369836a81480a90b68b4382e08e458b4382e0814082dc82e982c58ab482b682c882a282cc82c90a906791cc82cc906b82a682aa8e7e82dc82e782c882a281638163	2C8000:17A=837e8354834c817582b182ea82cd8369836a81480a09090909090990b68b4382e08e458b4382e0814082dc82e982c58ab482b682c882a282cc82c90a090909090909906791cc82cc906b82a682aa8e7e82dc82e782c882a281638163
D01786	837c838a838a815b8369817588d38eaf82e08ab48fee82e082c882a293b5816381630a82dc82e982c58140918082e8906c8c6082cc82e682a482be82ed8149	2C8000:1E3=837c838a838a815b8369817588d38eaf82e08ab48fee82e082c882a293b5816381630a09090909090982dc82e982c58140918082e8906c8c6082cc82e682a482be82ed8149
D01787	837e8354834c817582e282e782c882af82ea82ce0a82b182c182bf82aa82e282e782ea82e99873	2C8000:235=837e8354834c817582e282e782c882af82ea82ce0a09090909090982b182c182bf82aa82e282e782ea82e99873
D01788	83868369817594928d81814096b38e9682be82c182bd82cc82cb8149	2C8000:631
D01789	94928d81817582a682a681630a82bb82ea82e682e882e0814082c882ba8140985a89d490ed82aa8148	2C8000:65A=94928d81817582a682a681630a09090909090982bb82ea82e682e882e0814082c882ba8140985a89d490ed82aa8148
D01790	8e87977a89d48175837481638163814094928d8182a981638163	2C8000:696
D01791	94928d81817582b582e182d782c182c482cd835f838181490a82b682c182c682b582c482c48149	2C8000:6BD=94928d81817582b582e182d782c182c482cd835f838181490a09090909090982b682c182c682b582c482c48149
D01792	8e87977a89d48175837483628163814082a282a282c8814082a8914f82cd816381630a82a282c282e0814092878ad482c988cd82dc82ea82c481638163	2C8000:702=8e87977a89d48175837483628163814082a282a282c8814082a8914f82cd816381630a09090909090982a282c282e0814092878ad482c988cd82dc82ea82c481638163
D01793	817582a282c282a982e782be82eb82a4816381630a82b182cc82e682a482c9814082c882c182c482b582dc82c182bd82cc82cd81638163	2C8000:752=817582a282c282a982e782be82eb82a4816381630a09090909090982b182cc82e682a482c9814082c882c182c482b582dc82c182bd82cc82cd81638163
D01794	817582a082cc8da082cd814082e682a982c182bd816381630a8d6392e995c389ba82c98e6482a682e98ed293af8e6d0a8b438c7982c9986282b782b182c682aa82c582ab82bd81638163	2C8000:79C=817582a082cc8da082cd814082e682a982c182bd816381630a0909090909098d6392e995c389ba82c98e6482a682e98ed293af8e6d0a0909090909098b438c7982c9986282b782b182c682aa82c582ab82bd81638163
D01795	94928d81817582a682a681638e8482cd814082a082c882bd924282aa0a82a482e782e282dc82b582a982c182bd82ed8163985a906c82e082cc92878ad482aa0a82a282c282e088ea8f8f82c982a282bd82f182c582b782e082cc81638163	2C8000:7FF=94928d81817582a682a681638e8482cd814082a082c882bd924282aa0a09090909090982a482e782e282dc82b582a982c182bd82ed8163985a906c82e082cc92878ad482aa0a09090909090982a282c282e088ea8f8f82c982a282bd82f182c582b782e082cc81638163
D01796	8e87977a89d4817592878ad482a981630a82bb82cc8cbe977482f08c9982a482e682a482c982c882c182c482a982e782be81630a95c389ba82aa95cf82ed82e782ea82c482b582dc82c182bd82cc82cd81638163	2C8000:876=8e87977a89d4817592878ad482a981630a09090909090982bb82cc8cbe977482f08c9982a482e682a482c982c882c182c482a982e782be81630a09090909090995c389ba82aa95cf82ed82e782ea82c482b582dc82c182bd82cc82cd81638163
D01797	817582a082cc95c389ba82aa82c882ba816381630a8b5e96e282c98e7682c182c482cd82a282bd82aa81408c8b8bc781408e84924282cd0a95c389ba82cc96bd82c98f5d82a2814090af815882f090a788b382b58163	2C8000:8E3=817582a082cc95c389ba82aa82c882ba816381630a0909090909098b5e96e282c98e7682c182c482cd82a282bd82aa81408c8b8bc781408e84924282cd0a09090909090995c389ba82cc96bd82c98f5d82a2814090af815882f090a788b382b58163
D01798	817590ed93ac837d8356815b839382c982c882c182c482dc82c582e00a95c389ba82cc82bd82df82c990ed82c182c482ab82bd82cc82be816381630a82bb82ea82c882cc82c981638163	2C8000:952=817590ed93ac837d8356815b839382c982c882c182c482dc82c582e00a09090909090995c389ba82cc82bd82df82c990ed82c182c482ab82bd82cc82be816381630a09090909090982bb82ea82c882cc82c981638163
D01799	81758e8482c982cd95c389ba82cc905382aa8ca982a682c882a2816381630a978a82de814094928d818163814082bb82ea82c9905f8a798de283868369816381630a95c389ba82f0978a82de816390cc82cc95c389ba82c98163	2C8000:9B5=81758e8482c982cd95c389ba82cc905382aa8ca982a682c882a2816381630a090909090909978a82de814094928d818163814082bb82ea82c9905f8a798de283868369816381630a09090909090995c389ba82f0978a82de816390cc82cc95c389ba82c98163
D01800	83868369817582b182f182c882c982c882c182c482dc82c5816381630a8d6392e982b382f182cc82b182c682f08163	2C8000:A28=83868369817582b182f182c882c982c882c182c482dc82c5816381630a0909090909098d6392e982b382f182cc82b182c682f08163
D01801	817596f191a982b782e98149814090e291ce81408d6392e982b382f182f00a8cb382c996df82b582c482dd82b982e982ed9873	2C8000:A6A=817596f191a982b782e98149814090e291ce81408d6392e982b382f182f00a0909090909098cb382c996df82b582c482dd82b982e982ed9873
D01802	8e87977a89d4817582a082a0814082c582ab82e982b182c682c882e70a82e082a488ea9378816381630a82a082cc8da082c996df82e882bd82a982c182bd81638163	2C8000:AC2=8e87977a89d4817582a082a0814082c582ab82e982b182c682c882e70a09090909090982e082a488ea9378816381630a09090909090982a082cc8da082c996df82e882bd82a982c182bd81638163
D01803	94928d8181758e87977a89d48163816382dd82f182c881638163	2C8000:B1D
D01804	83868369817594928d8181638163	2C8000:B44
D01805	817583868369815b815b815b815b815b815b83629873	2C8000:B76
D01806	838683698175889f96eb8cc182bf82e182f181408bbe96be82b382f1924282e081490a96b38e9682c582e682a982c182bd9873	2C8000:B8D=838683698175889f96eb8cc182bf82e182f181408bbe96be82b382f1924282e081490a09090909090996b38e9682c582e682a982c182bd9873
D01807	837c838a838a815b836981758ce382cd0a8347838a834a924282aa96b38e9682be82c182bd82e78163	2C8000:BD3=837c838a838a815b836981758ce382cd0a0909090909098347838a834a924282aa96b38e9682be82c182bd82e78163
D01808	8c959650817583868369936181490a94928d6392e9976c82cc8f8a8ddd82aa0a94bb96be82b582dc82b582bd82bc8149	2C8000:C0F=8c959650817583868369936181490a09090909090994928d6392e9976c82cc8f8a8ddd82aa0a09090909090994bb96be82b582dc82b582bd82bc8149
D01809	838683698175837a8140837a8393836782c998740a82bb82ea82c58da1814094928d6392e982b382f182cd0a82c782b182c982a282e982cc8148	2C8000:C58=838683698175837a8140837a8393836782c998740a09090909090982bb82ea82c58da1814094928d6392e982b382f182cd0a09090909090982c782b182c982a282e982cc8148
D01810	8bbe96be817582cd82a281638163814081778bca89d88178976c82cd0a82b182cc8fe9928682cc8177974895c282cc8ad4817882c90a95df82e782ed82ea82c482a282e982e782b582a282cc82c582b781638163	2C8000:CAB=8bbe96be817582cd82a281638163814081778bca89d88178976c82cd0a09090909090982b182cc8fe9928682cc8177974895c282cc8ad4817882c90a09090909090995df82e782ed82ea82c482a282e982e782b582a282cc82c582b781638163
D01811	8c959650817582b582a982b50a974895c282cc8ad482c98d7382ad95fb964082aa0a82ed82a982e782c882a282cc82be8149	2C8000:D18=8c959650817582b582a982b50a090909090909974895c282cc8ad482c98d7382ad95fb964082aa0a09090909090982ed82a982e782c882a282cc82be8149
D01812	817582b182cc8374838d834188c88a4f82cd0a82ad82dc82c882ad8140917b82b582bd82cc82be82aa81638163	2C8000:D63=817582b182cc8374838d834188c88a4f82cd0a09090909090982ad82dc82c882ad8140917b82b582bd82cc82be82aa81638163
D01813	8c959650817583868369936181490a82dc82be814082b182cc959489ae82cc834a8389834e838a82aa0a89f082af82c482a282dc82b982f182bc8149	2C8000:DA3=8c959650817583868369936181490a09090909090982dc82be814082b182cc959489ae82cc834a8389834e838a82aa0a09090909090989f082af82c482a282dc82b982f182bc8149
D01814	83868369817582c882f182a90a82b182b1814082a082e282b582a282c8829f8163	2C8000:DF8=83868369817582c882f182a90a09090909090982b182b1814082a082e282b582a282c8829f8163
D01815	83868369817582a082f182c88367835282c993fc82e88cfb82aa816381630a82c682c982a982ad90e682c9906982f182c582dd82dc82b582e59873	2C8000:E50=83868369817582a082f182c88367835282c993fc82e88cfb82aa816381630a09090909090982c682c982a982ad90e682c9906982f182c582dd82dc82b582e59873
D01816	826c82728257825882a982e7	2D0000:23
D01817	8347838b8369815b817582b182b182cd0a96cd8b5b90ed93ac82f08d7382a682e9959489ae82cc82e682a482c582b782cb8163	2D8000:1D=8347838b8369815b817582b182b182cd0a0909090909090996cd8b5b90ed93ac82f08d7382a682e9959489ae82cc82e682a482c582b782cb8163
D01818	8c95965081758386836993618140838a8374836782aa82a082e882dc82b582bd82bc81490a82b382b782aa82cd8cf582cc8b7e90a28ee50a82a082cc834a8389834e838a82f0814082a082c182b382e882c68149	2E8000:4A=8c95965081758386836993618140838a8374836782aa82a082e882dc82b582bd82bc81490a09090909090982b382b782aa82cd8cf582cc8b7e90a28ee50a09090909090982a082cc834a8389834e838a82f0814082a082c182b382e882c68149
D01819	8386836981758c95965082b382f1816381630a82bb82ea82c182c491e582b082b382be82e6987a	2E8000:B7=8386836981758c95965082b382f1816381630a09090909090982bb82ea82c182c491e582b082b382be82e6987a
D01820	8bbe96be817582b3829f814094928d6392e981458bca89d8976c82cc8cb382d69873	2E8000:F1
D01821	83868369817582cd82a29873	2E8000:120
D01822	837e834c81758347838a834a976c81490a82a082f182c88f8a82c98140838a8374836782aa82a082e882dc82b79873	2F0000:6F=837e834c81758347838a834a976c81490a09090909090982a082f182c88f8a82c98140838a8374836782aa82a082e882dc82b79873
D01823	8347838a834a817582c882c9814082b182ea81480a91539152814093ae82a982c882a282ed82e68163	2F0000:B1=8347838a834a817582c882c9814082b182ea81480a09090909090991539152814093ae82a982c882a282ed82e68163
D01824	835a838a834a817582c882c982a9814082a882a982b582a282ed82cb816381630a82b182cc959489ae81638163	2F0000:ED=835a838a834a817582c882c982a9814082a882a982b582a282ed82cb816381630a09090909090982b182cc959489ae81638163
D01825	837e834c817582b182b182c50a8d7382ab8e7e82dc82e882c882f182c582b582e582a482a98148	2F0000:12D=837e834c817582b182b182c50a0909090909098d7382ab8e7e82dc82e882c882f182c582b582e582a482a98148
D01826	8347838a834a817582bb82a482a981630a82a282c282e082cc8370835e815b839382c882e70a82b182cc835883438362836082aa9873	2F0000:167=8347838a834a817582bb82a482a981630a09090909090982a282c282e082cc8370835e815b839382c882e70a09090909090982b182cc835883438362836082aa9873
D01827	837d837e81758347838a834a976c81630a82b182f182c882c682ab82cc82bd82df82c90a82e082a488ea82c2949a926582aa9873	2F0000:1B6=837d837e81758347838a834a976c81630a09090909090982b182f182c882c682ab82cc82bd82df82c90a09090909090982e082a488ea82c2949a926582aa9873
D01828	838b8343817582c48140934782aa8f6f82c482ab82dc82b582bd9873	2F0000:24B
D01829	8347838a834a817582a6815b82c198730a82c882f182c582b182a482c882e982cc82e68160987a	2F0000:274=8347838a834a817582a6815b82c198730a09090909090982c882f182c582b182a482c882e982cc82e68160987a
D01830	8347838a834a817582c782a482b582c4814082b182cc82a082bd82b582aa81608160	2F0000:4B0
D01831	837e834c817582dc82c182bd82ad8140837d837e82aa0a95cf82c88f8a82c98140949a926582c882f182a98e648a7c82af82e982a982e70a82b182f182c882b182c682c9814082c882e982f182b682e182c882a28149	2F0000:4E7=837e834c817582dc82c182bd82ad8140837d837e82aa0a0909090909090995cf82c88f8a82c98140949a926582c882f182a98e648a7c82af82e982a982e70a0909090909090982b182f182c882b182c682c9814082c882e982f182b682e182c882a28149
D01832	837d837e817582b782a282dc82b9816082f1987a	2F0000:558
D01833	8347838a834a817582dc829f814082a282a282ed8140837d837e81630a82b182ea82c5838a8374836782aa814093ae82ad82cd82b882be82a982e78149	2F0000:579=8347838a834a817582dc829f814082a282a282ed8140837d837e81630a0909090909090982b182ea82c5838a8374836782aa814093ae82ad82cd82b882be82a982e78149
D01834	8347838a834a81758358834383628360826e826d9873	2F0000:5CA
D01835	826c82728258825282a982e7	2F8000:16
D01836	826c82728251825882a982e7	2F8000:23
D01837	826c827282508250825382a982e7	2F8000:30
D01838	826c82728258825582a982e7	2F8000:3F
D01839	826c82728258825682a982e7	2F8000:4C
D01840	826c82728258825882a982e7	2F8000:59
D01841	83868369817582c882f182c582be82eb82a481630a82b182cc94e081408a4a82a982c882a28163	2F8000:FD=83868369817582c882f182c582be82eb82a481630a090909090909090982b182cc94e081408a4a82a982c882a28163 2F8000:139=83868369817582c882f182c582be82eb82a481630a09090909090982b182cc94e081408a4a82a982c882a28163
D01842	8bbe96be81758386836982b382f1814082b182b182aa974895c282cc8ad482c582b78149	2F8000:19B
D01843	83868369817582b782c182b282ad81408ae68fe482bb82a482c894e082cb81638163	2F8000:1CC
D01844	8386815b838a834281758386836982b382f198730a82b182b182cd8386815b838a834282c9814082dc82a982b982e982c582b782a38149	2F8000:1FB=8386815b838a834281758386836982b382f198730a09090909090982b182b182cd8386815b838a834282c9814082dc82a982b982e982c582b782a38149
D01845	817588ea814093f182cc8e4f82c58a4a82af82e982c582b782a39873	2F8000:245
D01846	83868369817582e282c182bd829f816098760a8386815b838a8342814082b782c182b2815b82a28149	2F8000:292=83868369817582e282c182bd829f816098760a0909090909098386815b838a8342814082b782c182b2815b82a28149
D01847	8bbe96be817582b3829f8140918182ad8bca89d8976c82f08149	2F8000:2CE
D01848	838683698175834781408347838a834a82bf82e182f18149	2F8000:311
D01849	8347838a834a8175838683699873	2F8000:336
D01850	83868369817582e282c182bd829f98730a82b182ea82c58cb392ca82e88140915388f5814082bb82eb82c182bd82ed9876	2F8000:363=83868369817582e282c182bd829f98730a09090909090982b182ea82c58cb392ca82e88140915388f5814082bb82eb82c182bd82ed9876
D01851	8386836981758347838a834a82bf82e182f10a94928d6392e982b382f182aa82a282e98367835282aa0a82ed82a982c182bd82cc8149	2F8000:3A7=8386836981758347838a834a82bf82e182f10a09090909090994928d6392e982b382f182aa82a282e98367835282aa0a09090909090982ed82a982c182bd82cc8149
D01852	8347838a834a817582bb82ea82c882e70a834f8359834f835982b582c482e782ea82c882a282ed82cb8149	2F8000:3F6=8347838a834a817582bb82ea82c882e70a090909090909834f8359834f835982b582c482e782ea82c882a282ed82cb8149
D01853	94928d8181758bca89d8976c9873	300000:54
D01854	8c959650817582bb82ea82c981630a82a0937a82cd8e6c93568b4082cc817797e9968281789873	300000:6F=8c959650817582bb82ea82c981630a09090909090982a0937a82cd8e6c93568b4082cc817797e9968281789873
D01855	8bca89d8817582a8814082a882e282df82c882b382a298730a8e8482cd814082a082c882bd82c690ed82a482c282e082e882cd0a82a082e882dc82b982f18149	300000:C6=8bca89d8817582a8814082a882e282df82c882b382a298730a0909090909098e8482cd814082a082c882bd82c690ed82a482c282e082e882cd0a09090909090982a082e882dc82b982f18149
D01856	97e99682817583748362814082bd82ed82af82bd82b182c682f081630a8b4d976c82c982c882ad82c682e081408e8482c982cd82a082e982cc82be8149	300000:11F=97e99682817583748362814082bd82ed82af82bd82b182c682f081630a0909090909098b4d976c82c982c882ad82c682e081408e8482c982cd82a082e982cc82be8149
D01857	81758b4d976c82f00a817782b182cc90a282a982e78aae915382c996958fc182b982e6817882c682cc0a8d6392e995c389ba82cc92ba96bd82c882cc82be8149	300000:16F=81758b4d976c82f00a090909090909817782b182cc90a282a982e78aae915382c996958fc182b982e6817882c682cc0a0909090909098d6392e995c389ba82cc92ba96bd82c882cc82be8149
D01858	8bca89d88175978e82bf928582a282c40a8e8482cc986282f0814082a895b782ab82c882b382a29873	300000:1C8=8bca89d88175978e82bf928582a282c40a0909090909098e8482cc986282f0814082a895b782ab82c882b382a29873
D01859	81758da182cc94de8f9782cd814082a082c882bd95fb82cc0a926d82e98d6392e982c582cd82c882a282cc82c582b782e68149	300000:204=81758da182cc94de8f9782cd814082a082c882bd95fb82cc0a090909090909926d82e98d6392e982c582cd82c882a282cc82c582b782e68149
D01860	97e99682817582be82a982e782b182bb82be98730a89e4815882cc8d6392e995c389ba82f0814088c582cc8ed282c995cf82a682c40a82b582dc82c182bd8cb488f682cd814088ea91cc8140924e82c982a082e99874	300000:24A=97e99682817582be82a982e782b182bb82be98730a09090909090989e4815882cc8d6392e995c389ba82f0814088c582cc8ed282c995cf82a682c40a09090909090982b582dc82c182bd8cb488f682cd814088ea91cc8140924e82c982a082e99874
D01861	8175939a82a682e681408bca89d89873	300000:2B9
D01862	8bca89d8817582a082a082c19873	300000:2E8
D01863	97e9968281758d6392e995c389ba82cc94df82b582dd81408bea82b582dd82cd0a8b4d976c82c982cd88ea90b695aa82a982e782ca816381638e8482cd0a82c782b182dc82c582e0814082a082cc82a895fb82c982c282a282c482e482ad8163	300000:303=97e9968281758d6392e995c389ba82cc94df82b582dd81408bea82b582dd82cd0a0909090909098b4d976c82c982cd88ea90b695aa82a982e782ca816381638e8482cd0a09090909090982c782b182dc82c582e0814082a082cc82a895fb82c982c282a282c482e482ad8163
D01864	817582bd82c682a6814082c782cc82e682a482c88e7082c982c882e782ea82c482e00a82a082cc82a895fb82b182bb814089e482e782cc8d6392e995c389ba82c882cc82be8149	300000:37C=817582bd82c682a6814082c782cc82e682a482c88e7082c982c882e782ea82c482e00a09090909090982a082cc82a895fb82b182bb814089e482e782cc8d6392e995c389ba82c882cc82be8149
D01865	8bca89d8817597e9968281638163	300000:3D6
D01866	97e99682817582b382e782ce82be814981408bca89d8816381638a6f8ce582c19873	300000:3F1
D01867	83868369817582be82df815b815b815b815b815b815b815b82c19873	300000:432
D01868	97e996828175905f8a798de28386836982a9816381630a82c682f182be83578383837d82aa93fc82c182bd82c88163	300000:466=97e996828175905f8a798de28386836982a9816381630a09090909090982c682f182be83578383837d82aa93fc82c182bd82c88163
D01869	817582bf82e582a482c782a282a2816381630a8bca89d882cc914f82c90a8b4d976c82e782a982e78e6e969682b582c482ad82ea82e99873	300000:4A8=817582bf82e582a482c782a282a2816381630a0909090909098bca89d882cc914f82c90a0909090909098b4d976c82e782a982e78e6e969682b582c482ad82ea82e99873
D01870	8bbe96be81758bca89d8976c814091d282c182c482c482ad82be82b382a29873	300000:4F9
D01871	8c95965081758b9682b382ca82bc814097e996829873	300000:526
D01872	97e99682817582ed81408e8482cd81400a82c882c982aa82a082eb82a482c68d6392e995c389ba82c981638149	300000:CD0=97e99682817582ed81408e8482cd81400a09090909090909090909090909090982c882c982aa82a082eb82a482c68d6392e995c389ba82c981638149
D01873	94928d8181758bca89d8976c81490a82a0829f814082e682ad82b296b38e9682c58163	300000:D19=94928d8181758bca89d8976c81490a0909090909090982a0829f814082e682ad82b296b38e9682c58163
D01874	8bca89d8817594928d81816381639053947a82f082a982af82dc82b582bd82cb81630a8c95965081638bbe96be816382a082c882bd924282e082e682ad96b38e9682c58163	300000:D5B=8bca89d8817594928d81816381639053947a82f082a982af82dc82b582bd82cb81630a090909090909098c95965081638bbe96be816382a082c882bd924282e082e682ad96b38e9682c58163
D01875	8bbe96be817582a282a681638e84924282aa0a8da1814082b182b182c982a282e982cc82e08140915382c481408386836982b382f182cc0a82a897cd935982a682aa814082a082c182bd82a982e782c882cc82c582b78163	300000:DB4=8bbe96be817582a282a681638e84924282aa0a090909090909098da1814082b182b182c982a282e982cc82e08140915382c481408386836982b382f182cc0a0909090909090982a897cd935982a682aa814082a082c182bd82a982e782c882cc82c582b78163
D01876	8bca89d881758386836982b382f1816381630a8e84814082a082c882bd82cc82b182c682cd0a82e682ad91b682b682c482a882e882dc82b78163	300000:E27=8bca89d881758386836982b382f1816381630a090909090909098e84814082a082c882bd82cc82b182c682cd0a0909090909090982e682ad91b682b682c482a882e882dc82b78163
D01877	817582b182cc937882cd81408e8482c782e082cc82bd82df82c90a82b2907397cd82a282bd82be82ab0a8ab48ed382cc944f82c982bd82a682dc82b982f18163	300000:E7C=817582b182cc937882cd81408e8482c782e082cc82bd82df82c90a0909090909090982b2907397cd82a282bd82be82ab0a090909090909098ab48ed382cc944f82c982bd82a682dc82b982f18163
D01878	83868369817582e2814082e282be82c8829f81638ab48ed382be82c882f182c481630a939682bd82e8914f82cc82b182c682b582c482e982be82af82be82e082f18163	300000:ED7=83868369817582e2814082e282be82c8829f81638ab48ed382be82c882f182c481630a09090909090909939682bd82e8914f82cc82b182c682b582c482e982be82af82be82e082f18163
D01879	817582bb82ea82c982dc82be915395940a8f4982ed82c182bd82ed82af82b682e182c882a282a982e78163	300000:F2E=817582bb82ea82c982dc82be915395940a090909090909098f4982ed82c182bd82ed82af82b682e182c882a282a982e78163
D01880	8bca89d8817582c582cd814082e282cd82e80a8b408a4289bb8d6392e982f08140937c82b782bd82df82c981638163	300000:F6D=8bca89d8817582c582cd814082e282cd82e80a090909090909098b408a4289bb8d6392e982f08140937c82b782bd82df82c981638163
D01881	83868369817582a482a482f1816381630a82a082bd82b5814082b182f182c882b182c6814082e282df82e982e682a482c90a8d6392e982b382f182f090e093be82b582c482dd82e98149	300000:FB0=83868369817582a482a482f1816381630a0909090909090982a082bd82b5814082b182f182c882b182c6814082e282df82e982e682a482c90a090909090909098d6392e982b382f182f090e093be82b582c482dd82e98149
D01882	8bca89d8817582a682c19874814090e093be8148	300000:1015
D01883	83868369817582bb82a482be82e681630a8bbe96be82b382f182a982e795b782a282bd82f182be816381630a8d6392e982b382f182e090cc82cd82a282a2906c82be82c182bd82c182c48163	300000:1036=83868369817582bb82a482be82e681630a090909090909098bbe96be82b382f182a982e795b782a282bd82f182be816381630a090909090909098d6392e982b382f182e090cc82cd82a282a2906c82be82c182bd82c182c48163
D01884	817582be82a982e790e093be82b582bd82e70a82ab82c182c695aa82a982c182c482ad82ea82e982c68e7682a482f182be8149	300000:109D=817582be82a982e790e093be82b582bd82e70a0909090909090982ab82c182c695aa82a982c182c482ad82ea82e982c68e7682a482f182be8149
D01885	8bca89d8817582e082a48ee8927882ea82c582b7816381630a94de8f9782cc905382cd8aae915382c9814088c582cc97cd82c90a8e78947a82b382ea82c482b582dc82c182c482a282e982cc82c582b781638163	300000:10E4=8bca89d8817582e082a48ee8927882ea82c582b7816381630a0909090909090994de8f9782cc905382cd8aae915382c9814088c582cc97cd82c90a090909090909098e78947a82b382ea82c482b582dc82c182c482a282e982cc82c582b781638163
D01886	83868369817582bb82f182c88163816382c782a482b582c481480a82e282c182c482dd82c882ad82bf82e195aa82a982f182c882a282e68149	300000:1153=83868369817582bb82f182c88163816382c782a482b582c481480a0909090909090982e282c182c482dd82c882ad82bf82e195aa82a982f182c882a282e68149
D01887	8bca89d8817582a282a282a6816382a282a982c98cf582cc97cd82f00a82e082c182c482b582c482e0814094de8f9782cc905382cc88c582f00a95a582a482b182c682cd82c582ab82c882a282c582b582e582a48163	300000:11A0=8bca89d8817582a282a282a6816382a282a982c98cf582cc97cd82f00a0909090909090982e082c182c482b582c482e0814094de8f9782cc905382cc88c582f00a0909090909090995a582a482b182c682cd82c582ab82c882a282c582b582e582a48163
D01888	817582bb82ea82d982c7905b82a28f9d82f00a8e8482cd94de8f9782cc905382c90a975e82a682c482b582dc82c182bd82cc82c582b782a982e781638163	300000:1211=817582bb82ea82d982c7905b82a28f9d82f00a090909090909098e8482cd94de8f9782cc905382c90a09090909090909975e82a682c482b582dc82c182bd82cc82c582b782a982e781638163
D01889	8bca89d8817582c682c982a982ad0a94de8f9782cc82e082c682d68cfc82a982a282dc82b582e582a481638163	300000:126A=8bca89d8817582c682c982a982ad0a0909090909090994de8f9782cc82e082c682d68cfc82a982a282dc82b582e582a481638163
D01890	817582c782b182a982c90a8347838c8378815b835e815b82cc94e082f08a4a82ad0a835883438362836082aa82a082e982cd82b882c582b78149	300000:12AB=817582c782b182a982c90a090909090909098347838c8378815b835e815b82cc94e082f08a4a82ad0a09090909090909835883438362836082aa82a082e982cd82b882c582b78149
D01891	8347838b8369815b817582c48140934782aa82a082e782ed82ea82dc82b582bd9874	308000:141
D01892	83868369817582e282c182cf82e88140978e82bf82c482e98382836d82f00a82e082e782c182bf82e182a482cc82cd8140837d835982a982c182bd82a982c8829f987a	308000:178=83868369817582e282c182cf82e88140978e82bf82c482e98382836d82f00a0909090909090982e082e782c182bf82e182a482cc82cd8140837d835982a982c182bd82a982c8829f987a
D01893	83868369817582c882f182a9814082e282bd82e788c382ad82c40a835783818357838182b582bd8367835282cb82a58163	308000:957=83868369817582c882f182a9814082e282bd82e788c382ad82c40a090909090909835783818357838182b582bd8367835282cb82a58163
D01894	8bca89d8817582b182b182cd0a8f9d82c282a282bd8b408a42906c82f092bc82b782bd82df82cc0a959489ae82c582b582bd81638163	308000:99B=8bca89d8817582b182b182cd0a0909090909098f9d82c282a282bd8b408a42906c82f092bc82b782bd82df82cc0a090909090909959489ae82c582b582bd81638163
D01895	81758da182cd81408b408a4289bb8d6392e982aa0a8b408a42906c82f089fc91a282b782e9959489ae82c981638163	308000:9EA=81758da182cd81408b408a4289bb8d6392e982aa0a0909090909098b408a42906c82f089fc91a282b782e9959489ae82c981638163
D01896	94928d818175816381638163816381638163816381638163	308000:A2C 338000:28C
D01897	8347838b8369815b817596f082c997a782bf82bb82a482c88382836d82aa0a82bd82ad82b382f1814082a082e882dc82b782cb82a58163	308000:A45=8347838b8369815b817596f082c997a782bf82bb82a482c88382836d82aa0a09090909090982bd82ad82b382f1814082a082e882dc82b782cb82a58163
D01898	8bca89d8817582a0814082a082cc835883438362836082cd98740a8386836982b382f1814082a082ea82aa8347838c8378815b835e815b82cc0a94e082f08a4a82ad835883438362836082c582b79873	310000:33=8bca89d8817582a0814082a082cc835883438362836082cd98740a0909090909098386836982b382f1814082a082ea82aa8347838c8378815b835e815b82cc0a09090909090994e082f08a4a82ad835883438362836082c582b79873
D01899	837c838a838a815b8369817582c582e08140835883438362836082cc89f182e882c90a836f838a834182aa92a382e782ea82c482a282e98163	310000:AF=837c838a838a815b8369817582c582e08140835883438362836082cc89f182e882c90a090909090909836f838a834182aa92a382e782ea82c482a282e98163
D01900	8bca89d8817582a082ea82cd8140835483438352836f838a834181630a82bb82ea82c882e782ce81408e8482aa82c882f182c682a98163	310000:FB=8bca89d8817582a082ea82cd8140835483438352836f838a834181630a09090909090982bb82ea82c882e782ce81408e8482aa82c882f182c682a98163
D01901	8347838b8369815b81758386836981409770905382b582c482ad82be82b382a298730a82b182cc959489ae82c982cd814091bc82c982e00a95738b4396a182c88e76944f82aa814089518aaa82a282c482a282e981638163	310000:145=8347838b8369815b81758386836981409770905382b582c482ad82be82b382a298730a09090909090982b182cc959489ae82c982cd814091bc82c982e00a09090909090995738b4396a182c88e76944f82aa814089518aaa82a282c482a282e981638163
D01902	817582c882c982a98140838f836982aa82a082e982a982e082b582ea82dc82b982f18163	310000:1B6
D01903	83868369817582ed82a982c182bd82ed81408347838b8369815b8149	310000:1E7
D01904	8bca89d881758386836982b382f18140835883438362836082f08149	310000:A0B
D01905	8bca89d8817582b182ea82c58dc58fe38a4b82d682cc0a8347838c8378815b835e815b82c98fe682e982b182c682aa82c582ab82e981490a82b3829f81408d7382ab82dc82b582e582a48149	310000:A46=8bca89d8817582b182ea82c58dc58fe38a4b82d682cc0a0909090909098347838c8378815b835e815b82c98fe682e982b182c682aa82c582ab82e981490a09090909090982b3829f81408d7382ab82dc82b582e582a48149
D01906	837c838a838a815b8369817582b182cc8fe382c90a8b408a4289bb8d6392e982aa82a282e99873	318000:3B=837c838a838a815b8369817582b182cc8fe382c90a0909090909098b408a4289bb8d6392e982aa82a282e99873
D01907	837e8354834c817582c282a282c9814082b182b182dc82c50a82e282c182c4978882bd82cc82cb8149	318000:75=837e8354834c817582c282a282c9814082b182b182dc82c50a09090909090982e282c182c4978882bd82cc82cb8149
D01908	8bca89d8817581638163816381638163816381638163	318000:B1 398000:A4E
D01909	83868369817582c782a482b582bd82f182c582b782a981408bca89d882b382f18148	318000:C8
D01910	8bca89d881758386836982b382f1816381630a8ec082cd814082a8986282b582c882af82ea82ce0a82c882e782c882a282b182c682aa82a082e982cc82c582b78163	318000:F7=8bca89d881758386836982b382f1816381630a0909090909098ec082cd814082a8986282b582c882af82ea82ce0a09090909090982c882e782c882a282b182c682aa82a082e982cc82c582b78163
D01911	81758e8482c68b408a4289bb8d6392e982cc8ad482c982a082c182bd0a89df8b8e82cc986282f081638163	318000:152=81758e8482c68b408a4289bb8d6392e982cc8ad482c982a082c182bd0a09090909090989df8b8e82cc986282f081638163
D01912	83868369817589df8b8e82cc816381638148	318000:190
D01913	8bca89d8817590cc814089e482aa8d9182c90a904e8d5582f08ae982de986690af82aa814082a082e882dc82b582bd8163	318000:1AF=8bca89d8817590cc814089e482aa8d9182c90a090909090909904e8d5582f08ae982de986690af82aa814082a082e882dc82b582bd8163
D01914	817582bb82cc82c682ab81408e84924282cd0a82a082e98c88926682f0949782e782ea82bd82cc82c582b781638163	318000:1F3=817582bb82cc82c682ab81408e84924282cd0a09090909090982a082e98c88926682f0949782e782ea82bd82cc82c582b781638163
D01915	8d958d6392e9817582c882ba82be9874814082c882ba0a90ed82c182c482cd82c882e782ca9874	320000:1C=8d958d6392e9817582c882ba82be9874814082c882ba0a0909090990ed82c182c482cd82c882e782ca9874
D01916	8bca89d881758da1814090ed82a682ce814091bd82ad82cc8c8c82aa0a97ac82ea82e982b182c682c982c882e882dc82b79873	320000:53=8bca89d881758da1814090ed82a682ce814091bd82ad82cc8c8c82aa0a0909090997ac82ea82e982b182c682c982c882e882dc82b79873
D01917	817582bb82ea82be82af82cd814082c782a482b582c482e094f082af82cb82ce0a82c882e782c882a282cc82c582b78149	320000:96=817582bb82ea82be82af82cd814082c782a482b582c482e094f082af82cb82ce0a0909090982c882e782c882a282cc82c582b78149
D01918	8d958d6392e9817582b582a982b581408da18140934782f091de82af82cb82ce0a8d5882c991bd82ad82cc8c8c82aa97ac82ea82e98e9682c982c882e982cc82be81490a82a882dc82a682cd814082bb82ea82c582e082e682a282c69874	320000:E2=8d958d6392e9817582b582a982b581408da18140934782f091de82af82cb82ce0a090909098d5882c991bd82ad82cc8c8c82aa97ac82ea82e98e9682c982c882e982cc82be81490a0909090982a882dc82a682cd814082bb82ea82c582e082e682a282c69874
D01919	8bca89d8817582bb82a482c882e782c882a282bd82df82c981409181815882c90a98618b6382f0905c82b597a782c482bd82cc82c582b78149	320000:154=8bca89d8817582bb82a482c882e782c882a282bd82df82c981409181815882c90a0909090998618b6382f0905c82b597a782c482bd82cc82c582b78149
D01920	8bca89d8817588ea8d8f82e0918182a2814090ed82a282cc8f498c8b82aa0a97bc8d9182cc96af82f08b7e82a482cc82c582b782a982e78149	320000:1A8=8bca89d8817588ea8d8f82e0918182a2814090ed82a282cc8f498c8b82aa0a0909090997bc8d9182cc96af82f08b7e82a482cc82c582b782a982e78149
D01921	8d958d6392e9817589bd82f0974992b782c882b182c682f0816381490a82a882dc82a682aa8cbe82c182c482a282e98e9682cd814082ab82ea82a28e9682c90a82b782ac82c882a28149	320000:20E=8d958d6392e9817589bd82f0974992b782c882b182c682f0816381490a0909090982a882dc82a682aa8cbe82c182c482a282e98e9682cd814082ab82ea82a28e9682c90a0909090982b782ac82c882a28149
D01922	8175934782cd96da914f82c9949782c182c482a282e982cc82be82bc9873	320000:26C
D01923	8bca89d881758e8482cd814082b182cc8d9182f0939d82d782e98ed282c682b582c40a8a4682cc96bd82f08ee782e782cb82ce82c882e882dc82b982f181490a82bb82cc82bd82df82c982cd8163	320000:2A1=8bca89d881758e8482cd814082b182cc8d9182f0939d82d782e98ed282c682b582c40a090909098a4682cc96bd82f08ee782e782cb82ce82c882e882dc82b982f181490a0909090982bb82cc82bd82df82c982cd8163
D01924	8d958d6392e98175986282c982c882e782f1816381408eb897e782b782e98149	320000:30E
D01925	8c9599808175978e82bf928582ab82c882b382a281490a97e290c382c982e682ad8d6c82a682c482ad82be82b382ea8149	320000:33A=8c9599808175978e82bf928582ab82c882b382a281490a0909090997e290c382c982e682ad8d6c82a682c482ad82be82b382ea8149
D01926	8d958d6392e9817582d382f19873	320000:37B
D01927	8bca89d8817582a891d282bf82c882b382a28149	320000:395
D01928	8d958d6392e9817589bd82cc837d836c82be81638163	320000:3DF
D01929	8bca89d881758f9f8ee882c8905582e9959182a281408b9682b582dc82b982f18149	320000:401
D01930	8d958d6392e981758e8482c98c9582f08cfc82af82e982cc82a981480a82b182cc8e8482c991ce82b582c48163	320000:42F=8d958d6392e981758e8482c98c9582f08cfc82af82e982cc82a981480a0909090982b182cc8e8482c991ce82b582c48163
D01931	8bbe96be81758bca89d8976c8140978e82bf928582a282c482ad82be82b382a281490a82b182b182cd8c528b6382cc8fea82c882cc82c582b781490a8d958d6392e9936182e0814090c882c996df82e782ea82e68149	320000:477=8bbe96be81758bca89d8976c8140978e82bf928582a282c482ad82be82b382a281490a0909090982b182b182cd8c528b6382cc8fea82c882cc82c582b781490a090909098d958d6392e9936182e0814090c882c996df82e782ea82e68149
D01932	8d958d6392e9817582bb82ea82c5969e91ab82a9814881408bca89d882e68163	320000:4E1
D01933	81758cc882cc88d382c982bb82ae82ed82ca8ed282c982cd97cd82c50a959e8f5d82b382b982e981638163	320000:50D=81758cc882cc88d382c982bb82ae82ed82ca8ed282c982cd97cd82c50a09090909959e8f5d82b382b982e981638163
D01934	81758b4d976c82e08e8482c695cf82ed82e782ca82c582cd82c882a282a98149	320000:548
D01935	8bca89d8817582bb82ea82cd81638163	320000:574
D01936	817582bb82ea82cd88e182a282dc82b78149814094928d6392e9976c82cd0a8cc882f08ca98eb882c182bd8d958d6392e9936182f08163	320000:59C=817582bb82ea82cd88e182a282dc82b78149814094928d6392e9976c82cd0a090909098cc882f08ca98eb882c182bd8d958d6392e9936182f08163
D01937	817582bb82a482c582b782bc8149814082a082ad82dc82c582e00a94928d6392e9976c82cd8163	320000:5EF=817582bb82a482c582b782bc8149814082a082ad82dc82c582e00a0909090994928d6392e9976c82cd8163
D01938	8d958d6392e9817596d982ea98738140834e836281638149814082c882ba82be81490a82c882ba814082a282c282e082a282c282e08b4d976c82c682a282a4937a82cd8163	320000:631=8d958d6392e9817596d982ea98738140834e836281638149814082c882ba82be81490a0909090982c882ba814082a282c282e082a282c282e08b4d976c82c682a282a4937a82cd8163
D01939	817582c882ba81408b4d976c82ce82a982e882aa944682df82e782ea0a8e8482aa91de82a982cb82ce82c882e782ca82cc82be9874	320000:686=817582c882ba81408b4d976c82ce82a982e882aa944682df82e782ea0a090909098e8482aa91de82a982cb82ce82c882e782ca82cc82be9874
D01940	8d958d6392e9817582c882ba81408b4d976c82ce82a982e882aa977e82b582a295a882f00a8ee882c982b782e982b182c682aa82c582ab82e982cc82be98740a8e8482cc89bd82aa97f282c182c482a282e982cc82be9874	320000:6D6=8d958d6392e9817582c882ba81408b4d976c82ce82a982e882aa977e82b582a295a882f00a090909098ee882c982b782e982b182c682aa82c582ab82e982cc82be98740a090909098e8482cc89bd82aa97f282c182c482a282e982cc82be9874
D01941	8bca89d8817582bb814082bb82f182c881638163	320000:742
D01942	8d958d6392e981758f8a9146814089e482e782cd918a82a282ea82ca91b68ddd81630a82c882e782ce81408e8482cd8e8482cc93b982f08d7382ad9873	320000:76D=8d958d6392e981758f8a9146814089e482e782cd918a82a282ea82ca91b68ddd81630a0909090982c882e782ce81408e8482cd8e8482cc93b982f08d7382ad9873
D01943	817582e082b5814082a882dc82a682aa8e8482cc8d7382ad8ee882f0916a82de82c882e70a82bb82cc8e9e82cd97658ecd82cd82b982ca8163	320000:7BA=817582e082b5814082a882dc82a682aa8e8482cc8d7382ad8ee882f0916a82de82c882e70a0909090982bb82cc8e9e82cd97658ecd82cd82b982ca8163
D01944	817582b382e782ce82be9873	320000:803
D01945	8bca89d8817591d282c182c481408bca986881490a8bca9868815b815b815b815b815b82c19873	320000:826=8bca89d8817591d282c182c481408bca986881490a090909098bca9868815b815b815b815b815b82c19873
D01946	8bca89d881758c8b89ca82c682b582c40a8e8482cd94de8f9782c981408c9582f08cfc82af82c482b582dc82c182bd8163	328000:20=8bca89d881758c8b89ca82c682b582c40a0909090909098e8482cd94de8f9782c981408c9582f08cfc82af82c482b582dc82c182bd8163
D01947	817582a082cc8e9e82a982e70a94de8f9782cd95cf82ed82c182c482b582dc82c182bd82cc82c582b781638163	328000:64=817582a082cc8e9e82a982e70a09090909090994de8f9782cd95cf82ed82c182c482b582dc82c182bd82cc82c582b781638163
D01948	8bbe96be81758bca89d8976c81638163	328000:A4 398000:D94
D01949	83868369817582a082bd82b5814082e282be82e698730a82bb82f182c882b182c682c5918882c182c482e00a82a282a282b182c682c882f182c4814082d082c682c282e082c882a282e69873	328000:C1=83868369817582a082bd82b5814082e282be82e698730a09090909090982bb82f182c882b182c682c5918882c182c482e00a09090909090982a282a282b182c682c882f182c4814082d082c682c282e082c882a282e69873
D01950	8bca89d881758386836982b382f18163816382a082c882bd82cd81638163	328000:126
D01951	83868369817582a082bd82b5814090e291ce82c98d6392e982b382f182f00a8cb382c996df82b582c482dd82b982e99873	328000:151=83868369817582a082bd82b5814090e291ce82c98d6392e982b382f182f00a0909090909098cb382c996df82b582c482dd82b982e99873
D01952	81758d6392e982b382f182f0904d82b682c40a8e8082f182c582a282c182bd906c924282cc82bd82df82c982e09873	328000:195=81758d6392e982b382f182f0904d82b682c40a0909090909098e8082f182c582a282c182bd906c924282cc82bd82df82c982e09873
D01953	83868369817582b1814082b182ea82cd81638163	338000:45
D01954	8d958d6392e981758bca89d882e681630a82c882ba814082a082f182c882b182c682f081630a8e8482aa954b977682c582cd82c882a282c682a282a482cc82a981638163	338000:72=8d958d6392e981758bca89d882e681630a0909090982c882ba814082a082f182c882b182c682f081630a090909098e8482aa954b977682c582cd82c882a282c682a282a482cc82a981638163
D01955	817590ed82a282c982cd8140979d8bfc82e20a82ab82ea82a282b282c682c882c782cd92ca977082b582c882a2816381630a98618b6382c882c782c690b682ca82e982a282b182c682f08163	338000:CB=817590ed82a282c982cd8140979d8bfc82e20a0909090982ab82ea82a282b282c682c882c782cd92ca977082b582c882a2816381630a0909090998618b6382c882c782c690b682ca82e982a282b182c682f08163
D01956	817582bb82f182c882b182c682f082b782ea82ce0a934782c982c282af82b182dc82ea82e982be82af81630a82bb82f182c882b182c682e082ed82a982e782f182cc82a98149	338000:12C=817582bb82f182c882b182c682f082b782ea82ce0a09090909934782c982c282af82b182dc82ea82e982be82af81630a0909090982bb82f182c882b182c682e082ed82a982e782f182cc82a98149
D01957	817582c882e782ce8e8482aa8fd896be82b582c482e282e998730a8f9f8ed282b182bb82b782d782c481630a97cd82b182bb90b38b6082be82c682a282a482b182c682f09873	338000:187=817582c882e782ce8e8482aa8fd896be82b582c482e282e998730a090909098f9f8ed282b182bb82b782d782c481630a0909090997cd82b182bb90b38b6082be82c682a282a482b182c682f09873
D01958	817582a882a7814089e482aa8e7182e681630a82a8914f82c9916690b082e782b582a297cd82f0975e82a682c482e282e981638163	338000:1E2=817582a882a7814089e482aa8e7182e681630a0909090982a8914f82c9916690b082e782b582a297cd82f0975e82a682c482e282e981638163
D01959	81758bca89d882aa82a282c882a28da10a82a8914f82b182bb8e8482cc974288ea82cc979d89f08ed282be816381630a96bc914f82cd816381638163816381638163816381638163817794928d8181788149	338000:228=81758bca89d882aa82a282c882a28da10a0909090982a8914f82b182bb8e8482cc974288ea82cc979d89f08ed282be816381630a0909090996bc914f82cd816381638163816381638163816381638163817794928d8181788149
D01960	8bca89d8817582c882ba814082ed82a982e782c882a282cc82c582b781490a90cc82cc82a082c882bd82cd814082b182f182c8906c82c582cd0a82c882a982c182bd82cd82b89873	348000:5C=8bca89d8817582c882ba814082ed82a982e782c882a282cc82c582b781490a0909090990cc82cc82a082c882bd82cd814082b182f182c8906c82c582cd0a0909090982c882a982c182bd82cd82b89873
D01961	8d958d6392e9817583748362816382bb82a482be81630a90cc82cc8e8482cd81408b4d976c82c99798977082b382ea82e982be82af82cc0a906c8c6082c582b582a982c882a982c182bd8163	348000:B9=8d958d6392e9817583748362816382bb82a482be81630a0909090990cc82cc8e8482cd81408b4d976c82c99798977082b382ea82e982be82af82cc0a09090909906c8c6082c582b582a982c882a982c182bd8163
D01962	817582b582a982b581408da182cd88e182a481638e8482aa9167904482b782e98c5282cd0a8b4d976c82cc90a897cd82f0814082cd82e982a982c98fe389f182c182bd98730a82b182cc8be289cd82f08ee8928682c982c582ab82e982d982c782c982c89873	348000:11A=817582b582a982b581408da182cd88e182a481638e8482aa9167904482b782e98c5282cd0a090909098b4d976c82cc90a897cd82f0814082cd82e982a982c98fe389f182c182bd98730a0909090982b182cc8be289cd82f08ee8928682c982c582ab82e982d982c782c982c89873
D01963	8bca89d8817596da82f08a6f82dc82b782cc82c582b798730a90cc82cc82e682a482c98ba697cd82b582c48d9182f08ea182df82ea82ce81638163	348000:195=8bca89d8817596da82f08a6f82dc82b782cc82c582b798730a0909090990cc82cc82e682a482c98ba697cd82b582c48d9182f08ea182df82ea82ce81638163
D01964	8d958d6392e98175836e8362836e8362836e8362836e836281630a836f834a82c882b182c682f09873	348000:1E1=8d958d6392e98175836e8362836e8362836e8362836e836281630a09090909836f834a82c882b182c682f09873
D01965	817582b782c582c989e482aa8c5282cd8be289cd90aa959e82c98cfc82a982c182bd81630a8da18da081408be289cd82c582cd814082a982c282c482c882a290ed89ce82aa0a8d4c82aa82c182c482a282e982cd82b89873	348000:21B=817582b782c582c989e482aa8c5282cd8be289cd90aa959e82c98cfc82a982c182bd81630a090909098da18da081408be289cd82c582cd814082a982c282c482c882a290ed89ce82aa0a090909098d4c82aa82c182c482a282e982cd82b89873
D01966	8bca89d881759874	348000:27C 398000:BE3
D01967	8bca89d8817582c882ba814082bb82f182c882b182c682f0816381630a8b9682b982c882a281638163	348000:291=8bca89d8817582c882ba814082bb82f182c882b182c682f0816381630a090909098b9682b982c882a281638163
D01968	8bbe96be81758bca89d8976c9873	348000:2EF
D01969	8bca89d881758e8482c982cd81400a82a082c882bd82f08e4582b782b182c682cd82c582ab82dc82b982f1816381630a82c882e782ce8163	348000:30A=8bca89d881758e8482c982cd81400a0909090982a082c882bd82f08e4582b782b182c682cd82c582ab82dc82b982f1816381630a0909090982c882e782ce8163
D01970	8d958d6392e981758bca89d881408b4d976c82c19874	348000:357
D01971	8bca89d881758c95965081408bbe96be98730a88ca927582c982c282ab82c882b382a29873	348000:37A=8bca89d881758c95965081408bbe96be98730a0909090988ca927582c982c282ab82c882b382a29873
D01972	8bbe96be817582b5814082b582a982b581638163	348000:3B0
D01973	8bca89d8817582b182ea82cd96bd97df82c582b79873	348000:3D1
D01974	8d958d6392e9817582e2814082e282df82eb815b815b815b82c181490a834f8340815b815b815b815b83629873	348000:42A=8d958d6392e9817582e2814082e282df82eb815b815b815b82c181490a09090909834f8340815b815b815b815b83629873
D01975	8bca89d881758bca98688163816382b282df82f182c882b382a281638163	348000:47A
D01976	83868369817581638163816381638163816381638163816381638163	348000:499 358000:358
D01977	8d958d6392e9817582a082ea82a982e70a82c782ea82ad82e782a282cc8e9e82aa89df82ac82bd82cc82a98163	358000:49=8d958d6392e9817582a082ea82a982e70a0909090982c782ea82ad82e782a282cc8e9e82aa89df82ac82bd82cc82a98163
D01978	817582c782a482b782ea82ce0a82b182b182a982e78f6f82e782ea82e982cc82be8163	358000:87=817582c782a482b782ea82ce0a0909090982b182b182a982e78f6f82e782ea82e982cc82be8163
D01979	8175954b82b8816382c782b182a982c98f6f8cfb82aa82a082e982cd82b88163	358000:BB
D01980	8d958d6392e98175924e82be98740a8da181408e8482c9986282b582a982af82bd8ed282cd81630a8e7082f08cbb82b99873	358000:FA=8d958d6392e98175924e82be98740a090909098da181408e8482c9986282b582a982af82bd8ed282cd81630a090909098e7082f08cbb82b99873
D01981	8d958d6392e9817582ab81408b4d976c82cd89bd8ed282be9874	358000:141
D01982	817582b182b182a982e782cd8f6f82e782ea82f198740a88ea91cc814082c782a482a282a482b182c682be9874	358000:17A=817582b182b182a982e782cd8f6f82e782ea82f198740a0909090988ea91cc814082c782a482a282a482b182c682be9874
D01983	817582b182b182aa8aae915382c895c28dbd8bf38ad482be82c682a282a482cc82a981490a82bb82f182c882cd82b882cd82c882a2816381630a82bb82f182c882cd82b882cd81638163	358000:1CA=817582b182b182aa8aae915382c895c28dbd8bf38ad482be82c682a282a482cc82a981490a0909090982bb82f182c882cd82b882cd82c882a2816381630a0909090982bb82f182c882cd82b882cd81638163
D01984	81758ff08c8f9874814082c882f182cc82b182c682be98730a8b4d976c82c9814082bb82f182c897cd82aa82a082e982c682a282a482cc82a99874	358000:229=81758ff08c8f9874814082c882f182cc82b182c682be98730a090909098b4d976c82c9814082bb82f182c897cd82aa82a082e982c682a282a482cc82a99874
D01985	817588a48fee8140904d978a8163816382a082e782e482e9915082cc8db081480a8da182cc8e8482c982cd96b3977082cc82e082cc82be9873	358000:275=817588a48fee8140904d978a8163816382a082e782e482e9915082cc8db081480a090909098da182cc8e8482c982cd96b3977082cc82e082cc82be9873
D01986	817582b182b182a982e78f6f82e782ea82e982cc82c882e70a8e8482cd81408aec82f182c58db082f095f982b082e682a49873	358000:2BF=817582b182b182a982e78f6f82e782ea82e982cc82c882e70a090909098e8482cd81408aec82f182c58db082f095f982b082e682a49873
D01987	8d958d6392e9817582b1814082b182cc97cd82cd9874	358000:315
D01988	8d958d6392e981758cf5816398740a8a4f82cc90a28a4582be9873	358000:338=8d958d6392e981758cf5816398740a090909098a4f82cc90a28a4582be9873
D01989	8bca89d88175834e8362816381630a82c882ba814082d082c68e7682a282c98e4582b382c882a282cc82c582b781638163	368000:51=8bca89d88175834e8362816381630a0909090982c882ba814082d082c68e7682a282c98e4582b382c882a282cc82c582b781638163
D01990	8b408a4289bb8d6392e98175816381638163816381638163816381638163	368000:87
D01991	8bca89d8817582e082a4814082c882c982f08cbe82c182c482e00a8380835f82c882cc82c582b782cb81638163	368000:B2=8bca89d8817582e082a4814082c882c982f08cbe82c182c482e00a090909098380835f82c882cc82c582b782cb81638163
D01992	817582a082c882bd82cc965d82de92ca82e882c90a82b182cc90af82cd814082a082c882bd82cc82e082cc82c682c882c182bd81638163	368000:F0=817582a082c882bd82cc965d82de92ca82e882c90a0909090982b182cc90af82cd814082a082c882bd82cc82e082cc82c682c882c182bd81638163
D01993	817582c582e0814082b182cc8e4594b082c682b582bd90a28a4582cc0a82c782b182aa82a282a282c682a282a482cc82c582b79873	368000:138=817582c582e0814082b182cc8e4594b082c682b582bd90a28a4582cc0a0909090982c782b182aa82a282a282c682a282a482cc82c582b79873
D01994	97e9968281758d6392e995c389ba98730a94bd979095aa8e7182c782e082cd81408bc282b982cc92ca82e882c90a8a468e4582b582c982a282bd82b582dc82b582bd8149	368000:17E=97e9968281758d6392e995c389ba98730a0909090994bd979095aa8e7182c782e082cd81408bc282b982cc92ca82e882c90a090909098a468e4582b582c982a282bd82b582dc82b582bd8149
D01995	81758e4f8cab8b4082cc81778bbe96be817881778c959650817882e00a8ee882cd82b892ca82e882c998730a97a090d88ed282cc817794928d81817882e08ad482e082c882ad8149	368000:1D7=81758e4f8cab8b4082cc81778bbe96be817881778c959650817882e00a090909098ee882cd82b892ca82e882c998730a0909090997a090d88ed282cc817794928d81817882e08ad482e082c882ad8149
D01996	8bca89d881758bbe96be81408c95965082dc82c582aa9874	368000:234
D01997	8b408a4289bb8d6392e9817583748374837481630a915382c482aa8e8482cc8e7682a292ca82e882c98163	368000:259=8b408a4289bb8d6392e9817583748374837481630a09090909915382c482aa8e8482cc8e7682a292ca82e882c98163
D01998	81758bca89d882e6816381630a82dc82be82dc82be814082b182f182c882e082cc82c582cd82c882a282bc81630a915382c482f0924482c182c482e282e98163	368000:295=81758bca89d882e6816381630a0909090982dc82be82dc82be814082b182f182c882e082cc82c582cd82c882a282bc81630a09090909915382c482f0924482c182c482e282e98163
D01999	81758b4d976c82cd81408b8082bf89ca82c482e982dc82c50a82b182b182c589df82b282b782cc82be9873	368000:2EA=81758b4d976c82cd81408b8082bf89ca82c482e982dc82c50a0909090982b182b182c589df82b282b782cc82be9873
D02000	838683698175816381638163816381638163816381638163	368000:31A 378000:33F 388000:ED2
D02001	8e87977a89d4817582c782a482b582c481400a926e8b8582c882c782c682a282a4814082ad82be82e782ca90af82f0816381630a8d6392e995c389ba82cd8163	378000:3F=8e87977a89d4817582c782a482b582c481400a09090909926e8b8582c882c782c682a282a4814082ad82be82e782ca90af82f0816381630a090909098d6392e995c389ba82cd8163
D02002	8df789d4817582ed82a982e782c882a2816381630a82bb82f182c88be289cd82cc95d38bab82c982a082e990af82c882c70a82c882f182cc82bd82df82c981638163	378000:94=8df789d4817582ed82a982e782c882a2816381630a0909090982bb82f182c88be289cd82cc95d38bab82c982a082e990af82c882c70a0909090982c882f182cc82bd82df82c981638163
D02003	8b6589d4817582b382b582bd82e995b696be82aa82a082e982ed82af82c582c882b581630a89e482aa92e98d9182cc81408bba88d082c982c882e982c682e08e7682a682c882a28163	378000:EB=8b6589d4817582b382b582bd82e995b696be82aa82a082e982ed82af82c582c882b581630a0909090989e482aa92e98d9182cc81408bba88d082c982c882e982c682e08e7682a682c882a28163
D02004	8df789d4817583568362816381408d6392e995c389ba82aa8163	378000:145
D02005	8b408a4289bb8d6392e98175935689ce82cc94ad8ecb8f8094f582cd0a82c582ab82bd82a98148	378000:16C=8b408a4289bb8d6392e98175935689ce82cc94ad8ecb8f8094f582cd0a0909090982c582ab82bd82a98148
D02006	8b6589d48175836e836281638f8094f582cd8aae97b982b582c482a882e882dc82b78149	378000:1A4
D02007	8e87977a89d4817595c389ba81630a82a895b782ab82b582c482e082e682eb82b582a282c582b582e582a482a981630a82c882ba814082bb82cc82e682a482c890af82c9935689ce82f08148	378000:1D5=8e87977a89d4817595c389ba81630a0909090982a895b782ab82b582c482e082e682eb82b582a282c582b582e582a482a981630a0909090982c882ba814082bb82cc82e682a482c890af82c9935689ce82f08148
D02008	8b408a4289bb8d6392e9817583748374837481630a926e8b8582c982cd81408cf582e288a482c882c782c682a282c182bd0a82ad82be82e782f18cb6917a82aa969e82bf82a082d382ea82c482a282e98163	378000:236=8b408a4289bb8d6392e9817583748374837481630a09090909926e8b8582c982cd81408cf582e288a482c882c782c682a282c182bd0a0909090982ad82be82e782f18cb6917a82aa969e82bf82a082d382ea82c482a282e98163
D02009	817589e482aa8be289cd82c982cd814082bb82f182c882e082cc82cd96b3977082be9873	378000:29D
D02010	8e87977a89d48175816381638163816381638163816381638163	378000:2C2
D02011	8b408a4289bb8d6392e981758c8882b582c497658ecd82b782e982c881490a926e8b8582cc96af82f081408daa90e282e282b582c982b782e982cc82be9873	378000:2E9=8b408a4289bb8d6392e981758c8882b582c497658ecd82b782e982c881490a09090909926e8b8582cc96af82f081408daa90e282e282b582c982b782e982cc82be9873
D02012	837c838a838a815b8369817582b182cc959489ae816381630a8c8c82cc93f582a282aa82b782e9	388000:29=837c838a838a815b8369817582b182cc959489ae816381630a0909090909098c8c82cc93f582a282aa82b782e9
D02013	8b408a4289bb8d6392e9817582e682ad82bc814082b182b182dc82c5978882bd81630a905f8a798de2838683698149	388000:6F=8b408a4289bb8d6392e9817582e682ad82bc814082b182b182dc82c5978882bd81630a09090909905f8a798de2838683698149
D02014	837e8354834c81758b408a4289bb8d6392e9816381630a82c782b182c99874	388000:A3=837e8354834c81758b408a4289bb8d6392e9816381630a09090909090982c782b182c99874
D02015	8386836981758d6392e98163816382b382f181638163	388000:D5
D02016	8b408a4289bb8d6392e981758b7682b582a282c881638bca89d882e6816381630a90b682ab82c482a882c182bd82a98163	388000:104=8b408a4289bb8d6392e981758b7682b582a282c881638bca89d882e6816381630a0909090990b682ab82c482a882c182bd82a98163
D02017	8bca89d88175816381638163816381638163816381638163	388000:13A
D02018	8b408a4289bb8d6392e9817583748374837481630a82b182b182c58c8c82f097ac82b582bd90e6906c924282cc82e682a482c90a8b4d976c82e782e081408f888c5982b582c482ad82ea82e982ed9873	388000:15F=8b408a4289bb8d6392e9817583748374837481630a0909090982b182b182c58c8c82f097ac82b582bd90e6906c924282cc82e682a482c90a090909098b4d976c82e782e081408f888c5982b582c482ad82ea82e982ed9873
D02019	817582a282c582e69873	388000:1C4
D02020	837e8354834c817582b581408e6c93568b409874	388000:1EC
D02021	837c838a838a815b8369817582bb82b182c982a282e982cc82cd0a88c8914f82cc8e6c93568b4082c582cd82c882a282ed8149	388000:21F=837c838a838a815b8369817582bb82b182c982a282e982cc82cd0a09090909090988c8914f82cc8e6c93568b4082c582cd82c882a282ed8149
D02022	8b408a4289bb8d6392e981758e4082b582aa82a282a282c881630a82b1937a82e782cd814082e682e88bad97cd82c80a90ed93ac837d8356815b839382c682b582c48dc490b682b582bd8149	388000:271=8b408a4289bb8d6392e981758e4082b582aa82a282a282c881630a0909090982b1937a82e782cd814082e682e88bad97cd82c80a0909090990ed93ac837d8356815b839382c682b582c48dc490b682b582bd8149
D02023	8bbe96be817582b9814090ed93ac837d8356815b839398740a8e6c93568b4082cd814082a082c882bd82cc95a0905382cc959489ba81490a82bb82ea82f082c882ba9874	388000:2C6=8bbe96be817582b9814090ed93ac837d8356815b839398740a0909090909098e6c93568b4082cd814082a082c882bd82cc95a0905382cc959489ba81490a09090909090982bb82ea82f082c882ba9874
D02024	8b408a4289bb8d6392e9817582c882c982f08bc182ad8148	388000:32F
D02025	817582b582e582b982f1814082b1937a82e782cd8b408a4282cc906791cc82c90a82a982e882bb82df82cc96bd82f0908182ab8d9e82dc82ea82bd0a906c8c6082c982b782ac82ca82cc82be8163	388000:354=817582b582e582b982f1814082b1937a82e782cd8b408a4282cc906791cc82c90a0909090982a982e882bb82df82cc96bd82f0908182ab8d9e82dc82ea82bd0a09090909906c8c6082c982b782ac82ca82cc82be8163
D02026	83868369817588e182a4814088e182a482e698730a93648e71838c8393835782e28365838c837282b682e182c882a282f182be82a982e781490a82dd82f182c8814090b682ab82c482e982f182be82e68149	388000:3AB=83868369817588e182a4814088e182a482e698730a09090909090993648e71838c8393835782e28365838c837282b682e182c882a282f182be82a982e781490a09090909090982dd82f182c8814090b682ab82c482e982f182be82e68149
D02027	817582a082c182bd82a982a2905382f08e9d82c182c482a282e982f182be82e69873	388000:416
D02028	8b408a4289bb8d6392e981758374836281630a905382c882c7814090ed82a282c982cd96b397708163	388000:451=8b408a4289bb8d6392e981758374836281630a09090909905382c882c7814090ed82a282c982cd96b397708163
D02029	8b408a4289bb8d6392e9817590ed8e6d82c682b582c490b682dc82ea82bd0a82b1937a82e782c9814082bb82cc82e682a482c882e082cc82cd954b977682c882a28149	388000:48B=8b408a4289bb8d6392e9817590ed8e6d82c682b582c490b682dc82ea82bd0a0909090982b1937a82e782c9814082bb82cc82e682a482c882e082cc82cd954b977682c882a28149
D02030	817583748374837483748362816381630a82b3829f8140937a82e782cc8ef182f00a8e8482cc914f82c995f982b082e982cc82be9873	388000:4DF=817583748374837483748362816381630a0909090982b3829f8140937a82e782cc8ef182f00a090909098e8482cc914f82c995f982b082e982cc82be9873
D02031	83868369817582e282df82c4815b82c198730a82a88ae882a282c1987381408cb382c996df82b582c482a082b082c481490a89c288a3917a82be82e68149	388000:51E=83868369817582e282df82c4815b82c198730a09090909090982a88ae882a282c1987381408cb382c996df82b582c482a082b082c481490a09090909090989c288a3917a82be82e68149
D02032	8b408a4289bb8d6392e9817582bb82ea82c882e782ce0a937a82e782f0814082e082a488ea93788140937c82b782b182c682be82c881630a82bb82cc8e9e82cd8dc482d181408e8482aa8dec82e892bc82b582c482e282e98163	388000:581=8b408a4289bb8d6392e9817582bb82ea82c882e782ce0a09090909937a82e782f0814082e082a488ea93788140937c82b782b182c682be82c881630a0909090982bb82cc8e9e82cd8dc482d181408e8482aa8dec82e892bc82b582c482e282e98163
D02033	83868369817582d082c782a2814082d082c782a282e6816381630a82b182f182c882cc82c182c482c882a282e6815b815b815b9873	388000:5E4=83868369817582d082c782a2814082d082c782a282e6816381630a09090909090982b182f182c882cc82c182c482c882a282e6815b815b815b9873
D02034	97ab97ed817596df82e882bd82a982c182bd81630a95bd986182be82c182bd814082a082cc8da082c981638163	388000:DB3=97ab97ed817596df82e882bd82a982c182bd81630a0909090909090909090909090995bd986182be82c182bd814082a082cc8da082c981638163
D02035	8d80e3c4817582c782a482b582c4816381630a8e8482cd814082a282c282a982e790ed82c182c482a282bd82cc82be9874	388000:E01=8d80e3c4817582c782a482b582c4816381630a090909090909090909090909098e8482cd814082a282c282a982e790ed82c182c482a282bd82cc82be9874
D02036	94fc8b53817582cd82c1816381630a82c882ba814082ed82e782ed82cd814082b182f182c88f8a82c981638163	388000:E53=94fc8b53817582cd82c1816381630a0909090909090909090909090982c882ba814082ed82e782ed82cd814082b182f182c88f8a82c981638163
D02037	97e9968281758d6392e995c389ba82f081638163978a82de81638163	388000:EA1
D02038	8347838b8369815b81758386836981490a978e82bf8d9e82f182c582e98371837d82cd82a082e882dc82b982f182e68149	388000:EEB=8347838b8369815b81758386836981490a09090909090909978e82bf8d9e82f182c582e98371837d82cd82a082e882dc82b982f182e68149
D02039	8bca89d8817582b182cc90e682aa81778d6392e982cc8ad481789873	388000:F30
D02040	837e8354834c817582c682a482c682a40a82b182b182dc82c5978882bd82cc82cb816381638149	388000:F59=837e8354834c817582c682a482c682a40a0909090909090982b182b182dc82c5978882bd82cc82cb816381638149
D02041	889f96eb8cc1817582a88e6f82b382dc81408ca982c482c4836c81638149	388000:F94
D02042	8bbe96be817596da82cc914f82c98b408a4289bb8d6392e982aa82a282e981638149	388000:FBF
D02043	8c959650817582a282b481408e5182e782f19873	388000:FEE
D02044	837c838a838a815b8369817582b3829f81408386836981630a8d7382ab82dc82b582e582a48149	388000:100F=837c838a838a815b8369817582b3829f81408386836981630a090909090909098d7382ab82dc82b582e582a48149
D02045	817582a082c882bd82c98e7682a282f091f582b582c40a8fc182a682c482a282c182bd906c82cc82bd82df82c982e09873	388000:104A=817582a082c882bd82c98e7682a282f091f582b582c40a090909090909098fc182a682c482a282c182bd906c82cc82bd82df82c982e09873
D02046	817582dd82f182c881408d7382b182a49873	388000:10A8
D02047	8b408a4289bb8d6392e98175918a95cf82ed82e782b882be82c881408bca89d882e681630a974682be92878ad482be82c6814091c48ee382c882b182c682f08163	390000:24=8b408a4289bb8d6392e98175918a95cf82ed82e782b882be82c881408bca89d882e681630a090909090909974682be92878ad482be82c6814091c48ee382c882b182c682f08163
D02048	8bca89d881758163816381638163816381638163	390000:82
D02049	83868369817582a88ae882a281408d6392e982b382f181490a82e082a48380835f82c890ed82a282cd814082e282df82c48149	390000:97=83868369817582a88ae882a281408d6392e982b382f181490a09090909090982e082a48380835f82c890ed82a282cd814082e282df82c48149
D02050	8175985a89d490ed82e28e6c93568b4082cc82dd82f182c881630a82bb82ea82c9889f96eb8cc182bf82e182f182cc82a88e6f82b382f1924281630a82dd82f182c881408e8082f182b682e182c182bd82e68149	390000:DC=8175985a89d490ed82e28e6c93568b4082cc82dd82f182c881630a09090909090982bb82ea82c9889f96eb8cc182bf82e182f182cc82a88e6f82b382f1924281630a09090909090982dd82f182c881408e8082f182b682e182c182bd82e68149
D02051	817588ea906c82c590ed82c182c482e0814082b582e582a482aa82c882a282e68149	390000:148
D02052	8b408a4289bb8d6392e9817583748362816381408e8482c982cd8dc58f8982a982e70a92878ad482c882c782a882e782ca8163	390000:181=8b408a4289bb8d6392e9817583748362816381408e8482c982cd8dc58f8982a982e70a09090909090992878ad482c882c782a882e782ca8163
D02053	8175924e82aa8e8082cc82a482c681408e8482c982cd8ad68c5782cc82c882a28e968163	390000:1C6
D02054	889f96eb8cc1817582bb82f182c88149814082bb82ea82b682e10a82a88e6f976c924282cd89bd82cc82bd82df82c990ed82c182bd82cc9874	390000:201=889f96eb8cc1817582bb82f182c88149814082bb82ea82b682e10a09090909090982a88e6f976c924282cd89bd82cc82bd82df82c990ed82c182bd82cc9874
D02055	817582a082f182c88e7082c982c882c182c482dc82c590ed82c182bd0a985a89d490ed82e28e6c93568b4082cd814088ea91cc89bd82be82c182bd82cc9874	390000:24C=817582a082f182c88e7082c982c882c182c482dc82c590ed82c182bd0a090909090909985a89d490ed82e28e6c93568b4082cd814088ea91cc89bd82be82c182bd82cc9874
D02056	8b408a4289bb8d6392e98175937a939982cc82a982ed82e882c882c70a82a282ad82e782c582e082a282e98163	390000:2A8=8b408a4289bb8d6392e98175937a939982cc82a982ed82e882c882c70a09090909090982a282ad82e782c582e082a282e98163
D02057	817589f382ea82bd82e7814082dc82bd8dec82e892bc82b982ce82e682a282cc82be8163	390000:2E7
D02058	889f96eb8cc1817582d082c782a28163814082d082c782a282e681490a82a88e6f976c82cd814082a88e6f976c82cd82b182f182c8937a82cc82bd82df82c98163	390000:322=889f96eb8cc1817582d082c782a28163814082d082c782a282e681490a09090909090982a88e6f976c82cd814082a88e6f976c82cd82b182f182c8937a82cc82bd82df82c98163
D02059	8b408a4289bb8d6392e9817597dc82c682cd8163	390000:375
D02060	8b408a4289bb8d6392e9817588a382b582dd82a981638163	390000:3E9
D02061	817582a882dc82a682cc82c782b182a982c982bb82cc82e682a482c88ab48fee82aa0a82a082c182bd82cc82a982c68e7682a482c68140928e8e5f82aa919682e982ed8149	390000:40D=817582a882dc82a682cc82c782b182a982c982bb82cc82e682a482c88ab48fee82aa0a0909090909090982a082c182bd82cc82a982c68e7682a482c68140928e8e5f82aa919682e982ed8149
D02062	837c838a838a815b836981758ea995aa82aa916e82e882be82b582bd0a889f96eb8cc182c991ce82b582c4814082c882f182c482b182c682f09874	390000:470=837c838a838a815b836981758ea995aa82aa916e82e882be82b582bd0a090909090909889f96eb8cc182c991ce82b582c4814082c882f182c482b182c682f09874
D02063	8386815b838a8342817582b582c182a982e882b782e982c582b782a38149	390000:4BD
D02064	8386836981758d6392e982b382f1814082a082c882bd82cd89bd82cc82bd82df82c90a90ed82c182c482e982cc8148	390000:50E=8386836981758d6392e982b382f1814082a082c882bd82cd89bd82cc82bd82df82c90a09090909090990ed82c182c482e982cc8148
D02065	8b408a4289bb8d6392e981758369836a81638148	390000:54F
D02066	838683698175924e82e082a282c882a28be289cd82f090aa959e82b582c40a82bb82ea82c5969e91ab82c882cc8148	390000:56F=838683698175924e82e082a282c882a28be289cd82f090aa959e82b582c40a09090909090982bb82ea82c5969e91ab82c882cc8148
D02067	817588ea8f8f82c98aec82d492878ad482e082a282c882ad82c40a82bb82ea82c5837a8393836782c98d4b82b982c882cc8148	390000:5B0=817588ea8f8f82c98aec82d492878ad482e082a282c882ad82c40a09090909090982bb82ea82c5837a8393836782c98d4b82b982c882cc8148
D02068	83868369817588ea8f8f82c98b8382a282bd82e881408fce82c182bd82e881630a937b82c182bd82e881408aec82f182be82e882c582ab82e99746924282e00a82a282c882a282c882f182c48163	390000:600=83868369817588ea8f8f82c98b8382a282bd82e881408fce82c182bd82e881630a090909090909937b82c182bd82e881408aec82f182be82e882c582ab82e99746924282e00a09090909090982a282c882a282c882f182c48163
D02069	817582bb82f182c882cc94df82b582a282e68163814088ea906c82c182ab82e882c50a8d4b82b982c982c882f182a982c882ea82c882a282e681638163	390000:666=817582bb82f182c882cc94df82b582a282e68163814088ea906c82c182ab82e882c50a0909090909098d4b82b982c982c882f182a982c882ea82c882a282e681638163
D02070	8b408a4289bb8d6392e981758cbe82a282bd82a282b182c682cd0a82bb82ea82be82af82a98148814082c882e782ce81638163	390000:6C0=8b408a4289bb8d6392e981758cbe82a282bd82a282b182c682cd0a09090909090982bb82ea82be82af82a98148814082c882e782ce81638163
D02071	81758e8082cb82a282c19873	390000:723
D02072	8386836981758bca89d882b382f19873	390000:730
D02073	8bca89d8817582e082a4814082e282df82c48bca98688163	390000:757
D02074	817582a88ae882a2814082e082a488ea93788163814082e082a488ea937882be82af0a8e8482f0904d82b682c49873	390000:77B=817582a88ae882a2814082e082a488ea93788163814082e082a488ea937882be82af0a0909090909098e8482f0904d82b682c49873
D02075	8b408a4289bb8d6392e98175904d82b682e9816382be82c68148814082bb82f182c80a8b5982ea8cbe814093f1937882c695b782ab82bd82ad82c882a282ed82c19873	390000:7C7=8b408a4289bb8d6392e98175904d82b682e9816382be82c68148814082bb82f182c80a0909090909098b5982ea8cbe814093f1937882c695b782ab82bd82ad82c882a282ed82c19873
D02076	8b408a4289bb8d6392e981758dc58afa82be816381630a905f8a798de28386836982e681630a8946928882cc8360838a82c982b582c482ad82ea82e982ed9873	398000:63=8b408a4289bb8d6392e981758dc58afa82be816381630a090909090909905f8a798de28386836982e681630a0909090909098946928882cc8360838a82c982b582c482ad82ea82e982ed9873
D02077	8347838b8369815b817582a982c282c482c882a28370838f815b82aa81638163	398000:BC
D02078	83868369817582c782a482b582c4816381630a82c782a482b582c495aa82a982c182c482ad82ea82c882a282cc9874	398000:E9=83868369817582c782a482b582c4816381630a09090909090982c782a482b582c495aa82a982c182c482ad82ea82c882a282cc9874
D02079	837c838a838a815b8369817583868369814082ad82e982ed98730a82b182b182cd8140918d97cd90ed82c582a282ad82b582a982c882a282ed8149	398000:12B=837c838a838a815b8369817583868369814082ad82e982ed98730a09090909090982b182b182cd8140918d97cd90ed82c582a282ad82b582a982c882a282ed8149
D02080	83868369817582c281408bad82a281408bad82b782ac82e982ed81638163	398000:18E
D02081	8b408a4289bb8d6392e9817582ad82c181630a82b182cc8e8482aa8140958982af82e982cd82b882cd81638163	398000:955=8b408a4289bb8d6392e9817582ad82c181630a09090909090982b182cc8e8482aa8140958982af82e982cd82b882cd81638163
D02082	8bbe96be817582b182ea82c582e0937c82b982c882a282cc82a981638163	398000:995
D02083	8b408a4289bb8d6392e981758bca89d8816381630a82c682c782df82f08e6882b382ca82cc82a981638163	398000:9C0=8b408a4289bb8d6392e981758bca89d8816381630a09090909090982c682c782df82f08e6882b382ca82cc82a981638163
D02084	81758da1814082b182b182c58e8482f08e4582b382c882a282c60a8b4d976c82cd88ea90b681408ce389f782b782e982b182c682c982c882e982bc8163	398000:9FE=81758da1814082b182b182c58e8482f08e4582b382c882a282c60a0909090909098b4d976c82cd88ea90b681408ce389f782b782e982b182c682c982c882e982bc8163
D02085	8b408a4289bb8d6392e98175834e8362834e8362834e836281630a82dc82bd814082ad82be82e782f18fee82a98163	398000:A65=8b408a4289bb8d6392e98175834e8362834e8362834e836281630a09090909090982dc82bd814082ad82be82e782f18fee82a98163
D02086	8175905382c882c782c682a282a482e082cc82cd8140906c82f08bb682ed82b982e981630a8fee82aa8bad82af82ea82ce81408bad82a282d982c782c982c881638163	398000:AA7=8175905382c882c782c682a282a482e082cc82cd8140906c82f08bb682ed82b982e981630a0909090909098fee82aa8bad82af82ea82ce81408bad82a282d982c782c982c881638163
D02087	8b408a4289bb8d6392e981758bca89d882e681408a6f82a682c482a882af98730a8e8482cd89bd937882c582e0814082c782f182c882b182c682f082b582c482e00a8b4d976c82cc914f82c997a782bf82cd82be82a982e99873	398000:AFD=8b408a4289bb8d6392e981758bca89d882e681408a6f82a682c482a882af98730a0909090909098e8482cd89bd937882c582e0814082c782f182c882b182c682f082b582c482e00a0909090909098b4d976c82cc914f82c997a782bf82cd82be82a982e99873
D02088	81758da1814082bb82ea82f08bb382a682c482e282e99873	398000:B70
D02089	8347838b8369815b817582bb82f182c881630a8370838f815b82aa959c8a8882b582c482a282ad8163	398000:BA7=8347838b8369815b817582bb82f182c881630a0909090909098370838f815b82aa959c8a8882b582c482a282ad8163
D02090	8bca89d881758bbe96be81408c9596509873	398000:BEC
D02091	8c959650817582c882e882dc82b982f181408bca89d8976c9873	398000:C0B
D02092	8bbe96be81758da188ea937881408d6c82a692bc82b582c482ad82be82b382a29873	398000:C32
D02093	8bca89d8817582e282e982cc82c582b798730a8bbe96be81408c9596509873	398000:C61=8bca89d8817582e282e982cc82c582b798730a0909090909098bbe96be81408c9596509873
D02094	8386836981758bca89d882b382f181498140835f838182be82e681490a959588f382b582c482e0814093af82b682b182c682cc8c4a82e895d482b58163	398000:C93=8386836981758bca89d882b382f181498140835f838182be82e681490a090909090909959588f382b582c482e0814093af82b682b182c682cc8c4a82e895d482b58163
D02095	81758d6392e982b382f182f090e093be82b582c4814082ed82a982e782b982c882ab82e10a82c882c982e088d396a182c882a282e69873	398000:CE3=81758d6392e982b382f182f090e093be82b582c4814082ed82a982e782b982c882ab82e10a09090909090982c882c982e088d396a182c882a282e69873
D02096	8bca89d881758386836982b382f1814082ed82a982c182c482ad82be82b382a281630a96b3897682c890ed82a282f08e7e82df82e982c982cd0a82b182ea82b582a982c882a282cc82c582b79873	398000:D2D=8bca89d881758386836982b382f1814082ed82a982c182c482ad82be82b382a281630a09090909090996b3897682c890ed82a282f08e7e82df82e982c982cd0a09090909090982b182ea82b582a982c882a282cc82c582b79873
D02097	8bca89d881758386836982b382f10a89ba82aa82c182c482a282c482ad82be82b382a28163	398000:DB1=8bca89d881758386836982b382f10a09090909090989ba82aa82c182c482a282c482ad82be82b382a28163
D02098	838683698175835f8381815b815b815b815b83629873	398000:DE9
D02099	8bca89d8817593f1937882c682b182f182c882b182c682cd0a82b582bd82ad82c882a982c182bd816381630a82b382e682a482c882e781408bca986881638163	398000:E42=8bca89d8817593f1937882c682b182f182c882b182c682cd0a09090909090982b582bd82ad82c882a982c182bd816381630a09090909090982b382e682a482c882e781408bca986881638163
D02100	8bbe96be817582bb82f182c88140836f834a82c8815b815b815b82c19873	398000:F17
D02101	8bca89d8817582c882ba8140959588f382aa946a82e782ea82bd82cc9874	398000:F42
D02102	837c838a838a815b8369817582a0814082a082ea82cd88c582cc97cd9874	398000:F7F
D02103	837e8354834c817582c882f182c481408bad91e582c881638163	398000:FAA
D02104	8347838b8369815b817582a282af82c882a29873814082dd82c882b382f10a82b782ae82c9814082b182cc8fea82f097a382ea82e982cc82c582b79873	398000:FD1=8347838b8369815b817582a282af82c882a29873814082dd82c882b382f10a09090909090982b782ae82c9814082b182cc8fea82f097a382ea82e982cc82c582b79873
D02105	837e8354834c817589bd82c882cc814082b182cc97cd82cd9874	3A0000:2E
D02106	837c838a838a815b8369817590a682b382dc82b682ad8ed788ab82c897cd82aa0a95fa8f6f82b382ea82c482a282e982ed9873	3A0000:54=837c838a838a815b8369817590a682b382dc82b682ad8ed788ab82c897cd82aa0a09090909090995fa8f6f82b382ea82c482a282e982ed9873
D02107	8347838b8369815b817591e595cf82c582b7987381408bad91e582c888c582cc0a8370838f815b82aa8349815b836f815b838d815b836882b582c482a282dc82b78149	3A0000:99=8347838b8369815b817591e595cf82c582b7987381408bad91e582c888c582cc0a0909090909098370838f815b82aa8349815b836f815b838d815b836882b582c482a282dc82b78149
D02108	835a838a834a817582a082c19874814082a082ea82f08ca982c49873	3A0000:EE
D02109	83868369817582c7814082c7815b82a282a482b182c698740a8bca89d882b382f182c9814082bb82c182ad82e881638163	3A0000:140=83868369817582c7814082c7815b82a282a482b182c698740a0909090909098bca89d882b382f182c9814082bb82c182ad82e881638163
D02110	8bca89d8817582bb82a482c582b7816381630a8b408a4289bb8d6392e981458bca986882c68e8482cd916f8e7181630a8bca986882cd8e8482cc8ec082cc8e6f82c882cc82c582b78149	3A0000:18E=8bca89d8817582bb82a482c582b7816381630a0909090909098b408a4289bb8d6392e981458bca986882c68e8482cd916f8e7181630a0909090909098bca986882cd8e8482cc8ec082cc8e6f82c882cc82c582b78149
D02111	83868369817582a682a6815b82c19874	3A0000:1F0
D02112	8386815b838a8342817582a082ed82ed82c1987a0a82dd82f182c8829f814981408aeb82c882a282c582b79873	3A0000:229=8386815b838a8342817582a082ed82ed82c1987a0a09090909090982dd82f182c8829f814981408aeb82c882a282c582b79873
D02113	837e834c817582ab82e182a082a082a082a082a082c18149	3A0000:268
D02114	9591817582b1816382b182f182c882cc82c690ed82a682c182c482cc81480a8fe7926b82b682e182c882a282ed82e6816382c182bd82ad9873	3A0000:28C=9591817582b1816382b182f182c882cc82c690ed82a682c182c482cc81480a0909090909098fe7926b82b682e182c882a282ed82e6816382c182bd82ad9873
D02115	8347838b8369815b8175838683698149814082b182cc82dc82dc82c582cd0a82b182cc90af915391cc82aa88c582c98ee682e88d9e82dc82ea82c40a82b582dc82a282dc82b79873	3A0000:2E2=8347838b8369815b8175838683698149814082b182cc82dc82dc82c582cd0a09090909090982b182cc90af915391cc82aa88c582c98ee682e88d9e82dc82ea82c40a09090909090982b582dc82a282dc82b79873
D02116	83868369817582e282df82c4815b82c19873814082a88ae882a281490a90cc82cc8d6392e982b382f182c996df82c182c4815b82c18149	3A0000:342=83868369817582e282df82c4815b82c19873814082a88ae882a281490a09090909090990cc82cc8d6392e982b382f182c996df82c182c4815b82c18149
D02117	8c959650817582be82df82be9873814094de8f9782cc905382cd8aae915382c90a88c582cc97cd82c98e78947a82b382ea82c482a282e98149	3A0000:38B=8c959650817582be82df82be9873814094de8f9782cc905382cd8aae915382c90a09090909090988c582cc97cd82c98e78947a82b382ea82c482a282e98149
D02118	8bbe96be8175834e83628149814089e482e782cc8ba982d182cd0a82e082a494de8f9782c982cd93cd82a982c882a282cc82a982c19874	3A0000:3D6=8bbe96be8175834e83628149814089e482e782cc8ba982d182cd0a09090909090982e082a494de8f9782c982cd93cd82a982c882a282cc82a982c19874
D02119	8347838b8369815b817583868369814981408dc58ce382cc937182c582b798730a8347838b814583898343839382c5814094de8f9782cc8177905382cc88c5817882f00a905582e895a582a482b582a982a082e882dc82b982f19873	3A0000:41F=8347838b8369815b817583868369814981408dc58ce382cc937182c582b798730a0909090909098347838b814583898343839382c5814094de8f9782cc8177905382cc88c5817882f00a090909090909905582e895a582a482b582a982a082e882dc82b982f19873
D02120	83868369817582ed82a982c182bd82ed81408347838b8369815b9873	3A0000:493
D02121	8bca89d881758386836982b382f198730a82e082a4814082e282df82c482ad82be82b382a29873814082a082c882bd82c90a82e082b582e082cc8e9682aa82a082c182bd82e78163	3A0000:4BB=8bca89d881758386836982b382f198730a09090909090982e082a4814082e282df82c482ad82be82b382a29873814082a082c882bd82c90a09090909090982e082b582e082cc8e9682aa82a082c182bd82e78163
D02122	8386836981758bca89d882b382f1814082a082bd82b582c882e791e58fe4957698730a82be82a982e7904d82b682c4814082a082bd82b582f081490a82bb82b582c481408bca986882b382f182f09873	3A0000:526=8386836981758bca89d882b382f1814082a082bd82b582c882e791e58fe4957698730a09090909090982be82a982e7904d82b682c4814082a082bd82b582f081490a09090909090982bb82b582c481408bca986882b382f182f09873
D02123	817590e291ce814090e291ce81408cb382c996df82b582c482dd82b982e99873	3A0000:58E
D02124	837c838a838a815b8369817582bb82cc92ca82e882e681490a8e8482e0814082a082ab82e782df82c882a282ed8149	3A0000:5BA=837c838a838a815b8369817582bb82cc92ca82e882e681490a0909090909098e8482e0814082a082ab82e782df82c882a282ed8149
D02125	8175906c82cc905382cd814088c582cc97cd82c882f182a982c90a958982af82cd82b582c882a28149	3A0000:5FB=8175906c82cc905382cd814088c582cc97cd82c882f182a982c90a090909090909958982af82cd82b582c882a28149
D02126	837e8354834c817582a082c882bd82aa94de8f9782f0904d82b682c882a282c882e70a924e82aa94de8f9782cc905382f08b7e82a482cc9874	3A0000:641=837e8354834c817582a082c882bd82aa94de8f9782f0904d82b682c882a282c882e70a090909090909924e82aa94de8f9782cc905382f08b7e82a482cc9874
D02127	8347838a834a8175924e82e682e882e0905b82a2e34a82c58c8b82ce82ea82bd0a82a082c882bd82c982c882e7814082ed82a982e982cd82b88163	3A0000:68C=8347838a834a8175924e82e682e882e0905b82a2e34a82c58c8b82ce82ea82bd0a09090909090982a082c882bd82c982c882e7814082ed82a982e982cd82b88163
D02128	817594de8f9782cc905382cc92c982dd81408bea82b582dd81630a82bb82b582c4814088a382b582dd82aa9873	3A0000:6D9=817594de8f9782cc905382cc92c982dd81408bea82b582dd81630a09090909090982bb82b582c4814088a382b582dd82aa9873
D02129	8386815b838a834281758bad82ad8bad82ad904d82b682ea82ce814090e291ce0a917a82a282cd93cd82ad82cd82b882c582b782a38149814082be82a982e70a958982af82bf82e1835f838182c582b782a39873	3A0000:723=8386815b838a834281758bad82ad8bad82ad904d82b682ea82ce814090e291ce0a090909090909917a82a282cd93cd82ad82cd82b882c582b782a38149814082be82a982e70a090909090909958982af82bf82e1835f838182c582b782a39873
D02130	8386836981758bca986882b382f182f08cb382c996df82b782cc82cd0a81778cf582cc97cd817882c882f182a982b682e182c882a28163	3A0000:79A=8386836981758bca986882b382f182f08cb382c996df82b782cc82cd0a09090909090981778cf582cc97cd817882c882f182a982b682e182c882a28163
D02131	817582dd82f182c882cc8bca986882b382f182f0904d82b682e997cd82aa0a954b977682c882f182be82e68149	3A0000:7E3=817582dd82f182c882cc8bca986882b382f182f0904d82b682e997cd82aa0a090909090909954b977682c882f182be82e68149
D02132	8bca89d88175904d82b682e98163816397cd81639873	3A0000:82D
D02133	83868369817582a88ae882a28149814082dd82f182c882cc97cd81630a82dd82f182c882cc97458b4382f0814082a082bd82b582c991dd82b582c49873	3A0000:85A=83868369817582a88ae882a28149814082dd82f182c882cc97cd81630a09090909090982dd82f182c882cc97458b4382f0814082a082bd82b582c991dd82b582c49873
D02134	97ed94fc817595aa82a982c182bd8341838b8149	3A0000:8A9
D02135	95918175958982af82bd82e78fb3926d82b582c882a282ed82e69873	3A0000:8C9
D02136	837e8354834c817582aa82f182ce82c182c48140838683698149	3A0000:8F1
D02137	837c838a838a815b836981758e84924282cd814082a282c282be82c182c40a82a082c882bd82c68ba482c982a282e98149	3A0000:917=837c838a838a815b836981758e84924282cd814082a282c282be82c182c40a09090909090982a082c882bd82c68ba482c982a282e98149
D02138	8175904d82b682c482a282e982ed8149814082a082c882bd82cc8f9f979882f09873	3A0000:95A
D02139	83868369817582a082e882aa82c682a4814082dd82f182c898730a82e6815b82b581408347838b8369815b81408d7382ad82e69873	3A0000:993=83868369817582a082e882aa82c682a4814082dd82f182c898730a09090909090982e6815b82b581408347838b8369815b81408d7382ad82e69873
D02140	8386836981758347838b8369815b81630a82dd82f182c8814082b282df82f182cb8163	3A8000:76C=8386836981758347838b8369815b81630a0909090909090909090909090982dd82f182c8814082b282df82f182cb8163
D02141	837c838a838a815b83698175838683698149814082e282e882c882b382a29873	3A8000:7C7
D02142	83868369817582a082bd82b582cd814088c582cc97cd82c882f182a982c90a958982af82c882a29873	3A8000:7F4=83868369817582a082bd82b582cd814088c582cc97cd82c882f182a982c90a090909090909958982af82c882a29873
D02143	817590e291ce81408bca986882b382f182f08f9582af82c482dd82b982e998730a82bb82ea82aa90c082c182c482b582dc82c182bd906c924282cc8ae882a29873	3A8000:830=817590e291ce81408bca986882b382f182f08f9582af82c482dd82b982e998730a09090909090982bb82ea82aa90c082c182c482b582dc82c182bd906c924282cc8ae882a29873
D02144	83868369817582dd82f182c882cc82a082bd82bd82a982a2905382aa81630a97458b4382aa814082a082bd82b582c997cd82f0975e82a682c482ad82ea82e981638163	3A8000:884=83868369817582dd82f182c882cc82a082bd82bd82a982a2905382aa81630a09090909090997458b4382aa814082a082bd82b582c997cd82f0975e82a682c482ad82ea82e981638163
D02145	8347838b8369815b817583868369816381638da182c582b798730a838983438367836a8393834f8145836f8358835e815b82f09873	3A8000:8DA=8347838b8369815b817583868369816381638da182c582b798730a090909090909838983438367836a8393834f8145836f8358835e815b82f09873
D02146	8347838b8369815b817582b182f182c882c682b182eb82c98140934782aa8149	3B0000:16
D02147	83868369817582bb82f182c881630a926e8b8582c982dc82be81408e6382c182c482bd82c882f182c49873	3B0000:43=83868369817582bb82f182c881630a090909090909926e8b8582c982dc82be81408e6382c182c482bd82c882f182c49873
D02148	837c838a838a815b8369817582b782ae82c995d082c382af82e982ed82e68149	3B0000:81
D02149	9591817582dc82c182a982b982c882b382a282c19873	3B0000:AE
D02150	838683698175817782a982a682c5817882bf82e182f19874	3B0000:851
D02151	83868369817582e282c182cf82e8814082a982a682c582bf82e182f182be81608149	3B0000:876
D02152	82a982a682c5817582a082e781408386836982b382f1814082a88b7682b582d482e80a8da193fa82cd82c782a482b582bd82cc81630a82c882c982a982cc94d491678f6f89898148	3B0000:8B0=82a982a682c5817582a082e781408386836982b382f1814082a88b7682b582d482e80a090909090909098da193fa82cd82c782a482b582bd82cc81630a0909090909090982c882c982a982cc94d491678f6f89898148
D02153	83868369817582bb82a482b682e182c882a282f182be82af82c781630a8ec082cd8e84924281408b408a4289bb92e98d9182cc906c924282c60a90ed82a482b182c682c982c882c182bf82e182c182c481638163	3B0000:913=83868369817582bb82a482b682e182c882a282f182be82af82c781630a0909090909098ec082cd8e84924281408b408a4289bb92e98d9182cc906c924282c60a09090909090990ed82a482b182c682c982c882c182bf82e182c182c481638163
D02154	82a982a682c5817582b682e182a0814082a082cc836c8349938c8b9e82f00a8f5082c182bd838d837b83628367924282c68163	3B0000:980=82a982a682c5817582b682e182a0814082a082cc836c8349938c8b9e82f00a090909090909098f5082c182bd838d837b83628367924282c68163
D02155	82a982a682c581758386836982b382f1814082a88ae882a281490a8e8482e0814082bb82cc90ed82a282c98e5189c182b382b982c48149	3B0000:9C7=82a982a682c581758386836982b382f1814082a88ae882a281490a090909090909098e8482e0814082bb82cc90ed82a282c98e5189c182b382b982c48149
D02156	82a982a682c5817582a682a69876	3B0000:A33
D02157	83868369817582ed815b815b82a2814981400a82b182ea82c592878ad482aa814082dc82bd8140919d82a682bd829f815b815b9876	3B0000:A4E=83868369817582ed815b815b82a2814981400a09090909090982b182ea82c592878ad482aa814082dc82bd8140919d82a682bd829f815b815b9876
D02158	8347838b8369815b817582b182b182cd8140934782cc94e996a78aee926e82cc0a82e682a482c582b782cb8163816390ed93ac8c5097fb82b782e982bd82df82c90a9798977082b582c482a282bd82cc82c582b582e582a48163	3B8000:1D=8347838b8369815b817582b182b182cd8140934782cc94e996a78aee926e82cc0a0909090909090982e682a482c582b782cb8163816390ed93ac8c5097fb82b782e982bd82df82c90a090909090909099798977082b582c482a282bd82cc82c582b582e582a48163
D02159	826c82728258824f82a982e7	3E0000:16
D02160	826c827282508250825282a982e7	3E0000:23
D02161	817582b1814082b182ea82cd916690b082e782b582a298730a8dde8ebf82cd814082c882f182c882cc82a982b582e78148	3E8000:2A=817582b1814082b182ea82cd916690b082e782b582a298730a0909090909098dde8ebf82cd814082c882f182c882cc82a982b582e78148
D02162	817582b182ea82e081408ca982bd82b182c682e082c882a28be091ae81630a82c782a482a282a495fb964082c590b890bb82b782ea82ce0a82b182f182c882e082cc82aa82c582ab82e982cc81638148	3E8000:6E=817582b182ea82e081408ca982bd82b182c682e082c882a28be091ae81630a0909090909090982c782a482a282a495fb964082c590b890bb82b782ea82ce0a0909090909090982b182f182c882e082cc82aa82c582ab82e982cc81638148
D02163	81758358814083588353834382ed98730a82b182b182cd814094ad96be82cc95f38cc982be82ed9873	3E8000:D9=81758358814083588353834382ed98730a09090909090982b182b182cd814094ad96be82cc95f38cc982be82ed9873
D02164	817582a082ea81408386836982b382f1816381480a82c882f182c5814082b182f182c88f8a82c982a282e982cc81480a82a282c282a982e78148	3E8000:115=817582a082ea81408386836982b382f1816381480a0909090909090982c882f182c5814082b182f182c88f8a82c982a282e982cc81480a0909090909090982a282c282a982e78148
D02165	83868369817582b382c182ab82a982e7814082b882c182c60a82a282e982f182be82af82c7987a	3E8000:16A=83868369817582b382c182ab82a982e7814082b882c182c60a09090909090982a282e982f182be82af82c7987a
D02166	81758347837e838a815b82bf82e182f1816381630a82b182b182cd8140934782cc97768dc782aa82a082c182bd82cc816381630a8aeb8caf82be82a982e7814093a682b082bd95fb82aa81638163	3E8000:1A4=81758347837e838a815b82bf82e182f1816381630a09090909090982b182b182cd8140934782cc97768dc782aa82a082c182bd82cc816381630a0909090909098aeb8caf82be82a982e7814093a682b082bd95fb82aa81638163
D02167	8347837e838a815b817582bb82f182c8816382b182cc95f382cc8e5282f00a95fa82c182c482a282af82e996f382c882a282b682e182c882a281490a81778bb3977b82cc8347837e838a815b817882cc96bc82aa82b782bd82e982ed8149	3E8000:216=8347837e838a815b817582bb82f182c8816382b182cc95f382cc8e5282f00a09090909090995fa82c182c482a282af82e996f382c882a282b682e182c882a281490a09090909090981778bb3977b82cc8347837e838a815b817882cc96bc82aa82b782bd82e982ed8149
D02168	83868369817582bb82f182c882b182c60a8cbe82c182c482e98fea8d8782b682e182c882a282c182c48160987a	3E8000:28D=83868369817582bb82f182c882b182c60a0909090909098cbe82c182c482e98fea8d8782b682e182c882a282c182c48160987a
D02169	838683698175834781408347837e838a815b82bf82e182f10a82a88ae882a282be82a982e78140918182ad814082b182cc8fea82f081638163	3E8000:2CD=838683698175834781408347837e838a815b82bf82e182f10a09090909090982a88ae882a282be82a982e78140918182ad814082b182cc8fea82f081638163
D02170	8347837e838a815b817582cb82a581408386836982b382f181630a934782c182c4814082b182cc838d837b83628367924282cc82b182c681638148	3E8000:319=8347837e838a815b817582cb82a581408386836982b382f181630a090909090909934782c182c4814082b182cc838d837b83628367924282cc82b182c681638148
D02171	838683698175834c8383815b815b815b8362987481408f6f82bd815b815b815b82c19873	3E8000:367
D02172	8347837e838a815b817582b182ea82cd814082c282a282c482e982ed81490a918182ad937c82b582c4814095aa90cd82b582c882ad82c182bf82e18149	3E8000:398=8347837e838a815b817582b182ea82cd814082c282a282c482e982ed81490a090909090909918182ad937c82b582c4814095aa90cd82b582c882ad82c182bf82e18149
D02173	8386836981758347837e838a815b82bf82e182f182aa8140918182ad0a93a682b082c882a282a982e7814090ed82a482b182c682c90a82c882c182bf82e182c182bd82f182b682e182c882a29873	3E8000:B67=8386836981758347837e838a815b82bf82e182f182aa8140918182ad0a09090909090993a682b082c882a282a982e7814090ed82a482b182c682c90a09090909090982c882c182bf82e182c182bd82f182b682e182c882a29873
D02174	8347837e838a815b817582dc82a082dc82a081408386836982b382f10a937b82e782c882a28140937b82e782c882a28163	3E8000:BCE=8347837e838a815b817582dc82a082dc82a081408386836982b382f10a090909090909937b82e782c882a28140937b82e782c882a28163
D02175	817582b182f182c88a7982b582a297b782c882e70a8e8482e0814082c282ab82a082a482a982e79873	3E8000:C12=817582b182f182c88a7982b582a297b782c882e70a090909090909098e8482e0814082c282ab82a082a482a982e79873
D02176	83868369817582bd81408a7982b582a297b782cb82a58163987a	3E8000:C4F
D02177	8347838a834a817582b182b182cd0a96cd8b5b90ed93ac82f08d7382a682e9959489ae82cc82e682a482cb8163	3F0000:27=8347838a834a817582b182b182cd0a0909090909090996cd8b5b90ed93ac82f08d7382a682e9959489ae82cc82e682a482cb8163
D02178	8347838b8369815b817582b182cc90af82e08140934782aa0a90ed93ac8c5097fb82b782e982bd82df82c90a9798977082b582c482a282bd82cc82c582b582e582a48163	400000:1D=8347838b8369815b817582b182cc90af82e08140934782aa0a0909090909090990ed93ac8c5097fb82b782e982bd82df82c90a090909090909099798977082b582c482a282bd82cc82c582b582e582a48163 408000:1D=8347838b8369815b817582b182cc90af82e08140934782aa0a0909090909090990ed93ac8c5097fb82b782e982bd82df82c90a090909090909099798977082b582c482a282bd82cc82c582b582e582a48163
D02179	83868369817582e6814097748e7182bf82e182f19874	400000:8F2
D02180	817582c782a482b582c4814082b182f182c88367835282c982a282e982cc8148	400000:915
D02181	97748e718175838a8385815b83668342834182c98e968fee82f095b782a282c40a82b782ae82c98140935d919782b582c482e082e782c182bd82cc82e68149	400000:94D=97748e718175838a8385815b83668342834182c98e968fee82f095b782a282c40a09090909090982b782ae82c98140935d919782b582c482e082e782c182bd82cc82e68149
D02182	817582bb82ea82e682e881408386836998730a82c782a482b582c48e8482c990ba82f082a982af82c40a82ad82ea82c882a982c182bd82cc9874	400000:99F=817582bb82ea82e682e881408386836998730a0909090909090982c782a482b582c48e8482c990ba82f082a982af82c40a0909090909090982ad82ea82c882a982c182bd82cc9874
D02183	83868369817582b282df82f182c882b382a2987a0a97748e7182bf82e182f182cc8b8f8f8a82aa0a82ed82a982e782c882ad82c4814082c282a2987a	400000:9F4=83868369817582b282df82f182c882b382a2987a0a09090909090997748e7182bf82e182f182cc8b8f8f8a82aa0a09090909090982ed82a982e782c882ad82c4814082c282a2987a
D02184	97748e7181758345835c814082a882c182b582e182a281490a8e8482cc82b182c68140965982ea82c482bd82f182c582b582e59873	400000:A49=97748e7181758345835c814082a882c182b582e182a281490a0909090909098e8482cc82b182c68140965982ea82c482bd82f182c582b582e59873
D02185	838683698175834d8140834d834e815b815b8362987a	400000:A91
D02186	97748e71817582c782a482b981408e8482cd8f6f82c482ab82bd82e70a82b782ae82c9814082e282e782ea82e982b50a896582e0949682a282ed82e69873	400000:AB4=97748e71817582c782a482b981408e8482cd8f6f82c482ab82bd82e70a0909090909090982b782ae82c9814082e282e782ea82e982b50a09090909090909896582e0949682a282ed82e69873
D02187	817582dd82f182c882e081408e8482cc82b182c60a92878ad482c68e7682c182c482c882a282f182be82ed81638163	400000:B0D=817582dd82f182c882e081408e8482cc82b182c60a0909090909090992878ad482c68e7682c182c482c882a282f182be82ed81638163
D02188	83868369817582bb814082bb82f182c882b182c681638163987a	400000:B50
D02189	97748e71817582dc829f814082a282a282ed816381638b9682b582c482a082b082e981630a82b182ea82a982e782cd81408e8482e090ed82c182c482a082b082e982a982e70a8e8482f0814092878ad482cc88ea88f582c682b582c4944682df82e982cc82e69873	400000:B77=97748e71817582dc829f814082a282a282ed816381638b9682b582c482a082b082e981630a09090909090982b182ea82a982e782cd81408e8482e090ed82c182c482a082b082e982a982e70a0909090909098e8482f0814092878ad482cc88ea88f582c682b582c4944682df82e982cc82e69873
B00001	834a815b8367838a8362835782718260826c82cc8f8094f582aa	0.BIN:A34:26
B00002	82c582ab82c482a282dc82b982f1	0.BIN:A50:14
B00003	835a834b8354835e815b8393967b91cc82cc95db91b68366815b835e8ac7979d89e696ca	0.BIN:A60:36
B00004	82c5915382c482cc8b4c985e82f08fc182b582c482ad82be82b382a2	0.BIN:A88:28
B00005	81698f898afa89bb82b582c482ad82be82b382a2816a	0.BIN:AA8:22
B00006	82508366815b835e82a082bd82e8	0.BIN:AC0:14
B00007	82cc976597ca82aa954b977682c582b7	0.BIN:AD0:16
B00008	82b182cc8351815b838082cc8b4c985e82f095db91b682b782e982bd82df82c982cd	0.BIN:AE4:34
B00009	82b182cc82dc82dc81408351815b838082f08358835e815b836782b582bd8fea8d87	0.BIN:B08:34
B00010	91bc82cc8b4c985e82f08fc182b382c882a28cc082e88140905682b582a28b4c985e82f0	0.BIN:B2C:36
B00011	95db91b682b782e982b182c682cd82c582ab82dc82b982f1	0.BIN:B54:24
B00012	82c591bc82cc8351815b838082cc8b4c985e82f08fc182b782a9	0.BIN:B70:26
B00013	82dc82bd82cd834a815b8367838a8362835782718260826c82c983528373815b82b582c4	0.BIN:B8C:36
B00014	8351815b838082f08dc48358835e815b836782b582c482ad82be82b382a28149	0.BIN:BB4:32
B00015	95db91b682c582ab82dc82b982f1	0.BIN:BD8:14
B00016	82c282b582a982c582ab82dc82b982f1	0.BIN:BE8:16
B00017	905682b582a28b4c985e82f095db91b682b782e982bd82df82cc8bf382ab976597ca82aa	0.BIN:BFC:36
B00018	957391ab82b582c482a282dc82b7	0.BIN:C24:14
B00019	914f82cc8b4c985e82f08fc182b382c882a28cc082e88140905682b582a28b4c985e82cd	0.BIN:C34:36
B00020	91bc82cc8b4c985e82f08fc182b382c882a28cc082e88140905682b582a28b4c985e82cd	0.BIN:C5C:36
B00021	957396be82c883478389815b82aa94ad90b68149	0.BIN:C84:20
B00022	967b91cc82718260826c	0.BIN:1080:10
B00023	834a815b8367838a8362835782718260826c	0.BIN:108C:18
B00024	82b182cc82dc82dc8351815b838082f0906982df82e9	0.BIN:13F8:22
B00025	8262826382cc93c782dd8d9e82dd928682c989f194f082c582ab82c882a2	0.BIN:25A0:30
B00026	83478389815b82aa94ad90b682b582dc82b582bd8142	0.BIN:25C0:22
B00027	8262826382c98f9d82c882c782aa82a082e98fea8d8782cd82b182cc	0.BIN:25D8:28
B00028	8351815b838082f091b182af82e982b182c682aa82c582ab82dc82b982f18142	0.BIN:25F8:32
B00029	837e8389815b835783858175899e939a82b582c482ad82be82b382a2816381630a0909098386836982b382f181638163	0.BIN:7F14:48
B00030	8386836981758376838a8393835a83588145837e8389815b835783859874	0.BIN:7F60:30
B00031	837e8389815b83578385817582a082a081408386836982b382f1814082e282c182c60a09090992c782a282c282ad82b182c682aa82c582ab82dc82b582bd	0.BIN:7F90:62
B00032	8175954b977682c882c682ab82cd8e8482f08cc482f182c582ad82be82b382a281630a09090982ab82c182c6814082a896f082c997a782c482e982c68e7682a282dc82b78163	0.BIN:7FE0:70
B00033	83868369817582bb82ea82c182c4814082c782a482b782ea82ce82a282a282cc8148	0.BIN:8040:34
B00034	837e8389815b8357838581758386836982b382f182cc8b5a0a0909098177837e8389815b835783858145834c8383836d8393817882f00a090909914991f082b782e982be82af82c58c8b8d5c82c582b78163	0.BIN:8074:82
B00035	817589f190fc82aa82c282c882aa82c182bd82e781408376838a8393835a83588d8682aa0a0909098ce395fb82a982e78e78898782b582dc82b78149	0.BIN:80D8:60
B00036	83868369817582ed82a982c182bd82ed8149814082a082e882aa82c681490a090909837e8389815b835783859873	0.BIN:8130:46
B00037	0a8d7393ae957389c2	0.BIN:AEA8:9
B00038	835f834383478362836782c982e682e883418343836583808e679770957389c2	0.BIN:B120:32
B00039	8d558c8282c582ab82c882a2	0.BIN:B974:12
B00040	0a945c97cd8341836283768cf889ca8f4997b9	0.BIN:E654:19
B00041	0a8ff391d488d98fed8f4997b9	0.BIN:E668:13
B00042	90d488c58bca	0.BIN:F5EC:6
B00043	8d9588c58bca	0.BIN:F5F8:6
B00044	88c582cc90478ee8	0.BIN:F604:8
B00045	9558928c	0.BIN:F614:4
B00046	8d558c82897190af814597ce	0.BIN:F620:12
B00047	8d558c82897190af814590c2	0.BIN:F634:12
B00048	8bca89d8	0.BIN:F648:4
B00049	83478341838d8362834e	0.BIN:F654:10
B00050	83578346836c838c815b835e	0.BIN:F664:12
B00051	8347838c838183938367837483468341838a8342	0.BIN:F678:20
B00052	96b082e89190	0.BIN:F6B0:6
B00053	838a8352838a83588251	0.BIN:F6BC:10
B00054	96438c828b40	0.BIN:F6DC:6
B00055	949a9265	0.BIN:F6E8:4
B00056	8d558c82897190af	0.BIN:F6FC:8
B00057	96b68cb6	0.BIN:F70C:4
B00058	83528373815b8145837c838a838a815b8369	0.BIN:F718:18
B00059	83528373815b81458386815b838a8342	0.BIN:F730:16
B00060	83528373815b814583868369	0.BIN:F748:12
B00061	8d638b4081458e8097b4	0.BIN:F75C:10
B00062	8d638b40814596d28b4e	0.BIN:F76C:10
B00063	8d638b4081458c8393bf	0.BIN:F788:10
B00064	93ac8f708b40814589a489e5	0.BIN:F798:12
B00065	93ac8f708b408145916f89e5	0.BIN:F7AC:12
B00066	93ac8f708b4081458d6289e5	0.BIN:F7C0:12
B00067	93ac8f708b4081458ed689e5	0.BIN:F7DC:12
B00068	93ac8f708b4081458cd589e5	0.BIN:F7F8:12
B00069	93ac8f708b408145985489e5	0.BIN:F814:12
B00070	897190b68b40814593c18e6d	0.BIN:F828:12
B00071	897190b68b40814591538e6d	0.BIN:F83C:12
B00072	897190b68b40814590b38e6d	0.BIN:F850:12
B00073	897190b68b4081459fcc8e6d	0.BIN:F86C:12
B00074	915f8c828b40814593c197c2	0.BIN:F880:12
B00075	915f8c828b40814588ea97c2	0.BIN:F894:12
B00076	915f8c828b40814593f197c2	0.BIN:F8A8:12
B00077	915f8c828b4081458e4f97c2	0.BIN:F8BC:12
B00078	93c189c88b40814594979643	0.BIN:F8D0:12
B00079	93c189c88b4081458d829643	0.BIN:F8E4:12
B00080	93c189c88b40814593cb9643	0.BIN:F8F8:12
B00081	90ed8b40814588ea90ed	0.BIN:F90C:10
B00082	90ed8b40814593f190ed	0.BIN:F91C:10
B00083	90ed8b4081458e4f90ed	0.BIN:F92C:10
B00084	8d958d6392e981458bca9868	0.BIN:F93C:12
B00085	8b408a4289bb8d6392e9	0.BIN:F950:10
B00086	8e6c93568b408145935696828940814597e99682	0.BIN:F960:20
B00087	8e6c93568b40814593568b538940814594fc8b53	0.BIN:F984:20
B00088	8e6c93568b4081459356e3c4894081458d80e3c4	0.BIN:F9A0:20
B00089	8e6c93568b408145935697ed8940814597ab97ed	0.BIN:F9CC:20
B00090	985a89d490ed81458e87977a89d4	0.BIN:F9F8:14
B00091	985a89d490ed8145938d89d4	0.BIN:FA1C:12
B00092	985a89d490ed814592d689d4	0.BIN:FA34:12
B00093	985a89d490ed8145979689d4	0.BIN:FA58:12
B00094	985a89d490ed81458df789d4	0.BIN:FA7C:12
B00095	985a89d490ed81458b6589d4	0.BIN:FAA0:12
B00096	97648b408e4f8e6f968581458cb696b2	0.BIN:FAB4:16
B00097	97648b408e4f8e6f968581458bb689d4	0.BIN:FACC:16
B00098	8347838b838983438393	0.BIN:FAE4:10
B00099	97648b408e4f8e6f96858145889f96eb8cc1	0.BIN:FAFC:18
B00100	94928d81	0.BIN:FB2C:4
B00101	8e4f8cab8b4081458db68fe5918a81458c959650	0.BIN:FB50:20
B00102	8e4f8cab8b40814589458fe5918a81458bbe96be	0.BIN:FB8C:20
B00103	8b7c89aa82a982a682c5	0.BIN:FBB0:10
B00104	908596ec97748e71	0.BIN:FBC8:8
B00105	88ea8ff08940837e8354834c	0.BIN:FBF8:12
B00106	955882cc837e8368838a	0.BIN:FC14:10
B00107	8ebe959782cc837d8352	0.BIN:FC24:10
B00108	914d8cf582cc83418352	0.BIN:FC34:10
B00109	8be2968b82cc837e834c	0.BIN:FC44:10
B00110	836e834383588373815b83688145835a838a834a	0.BIN:FC5C:20
B00111	8358836783898343834a815b8145838b8343	0.BIN:FC80:18
B00112	93ac8db082cc837d837e	0.BIN:FC98:10
B00113	8d828b4d82c88db990e189d8	0.BIN:FCC0:12
B00114	8bb3977b82cc8347837e838a815b	0.BIN:FCE4:14
B00115	89c695bf82c68c8c8bd882cc838b837e8369815b83478374	0.BIN:FCF8:24
B00116	8394834083438349838a839382cc8341838c83748360815b8369	0.BIN:FD28:26
B00117	838d8362834e82cc9550	0.BIN:FD68:10
B00118	82a8928382cc89c089d8	0.BIN:FD7C:10
B00119	82a889d482cc837d838a	0.BIN:FD9C:10
B00120	836083838343836982cc97ed94fc	0.BIN:FDC4:14
B00121	8d818de28347838a834a	0.BIN:FDF8:10
B00122	82a882c182c682e882cc8e8d9044	0.BIN:FE10:14
B00123	985a967b96d882cc9591	0.BIN:FE44:10
B00124	837c838a838a815b8369	0.BIN:FE7C:10
B00125	8386815b838a83428145834c8385815b8375	0.BIN:FEB4:18
B00126	905f8a798de283868369	0.BIN:FEF4:10
B00127	95908aed96bc	0.BIN:FF00:6
B00128	835f837e815b	0.BIN:FF0C:6
B00129	8be082be82e782a2	0.BIN:FF14:8
B00130	82e282b982c48ca982a682e98bbe	0.BIN:FF20:14
B00131	82a882cd82e782a2965f	0.BIN:FF30:10
B00132	8b43957482af96f2	0.BIN:FF3C:8
B00133	82cd82e882b982f1	0.BIN:FF48:8
B00134	89f093c58ddc	0.BIN:FF54:6
B00135	8373835283738352836e8393837d815b	0.BIN:FF5C:16
B00136	8cf582cc9348	0.BIN:FF70:6
B00137	8b5382a082e782ea	0.BIN:FF78:8
B00138	834a838182cc8352815b8389815b	0.BIN:FF84:14
B00139	8343838b834a834e8362834c815b	0.BIN:FF94:14
B00140	835d8345834e8362834c815b	0.BIN:FFA4:12
B00141	8345837d834e8362834c815b	0.BIN:FFB4:12
B00142	8360815b835e815b834e8362834c815b	0.BIN:FFC4:16
B00143	83548343834e8362834c815b	0.BIN:FFD8:12
B00144	83678389834e8362834c815b	0.BIN:FFE8:12
B00145	8341838d83478347834c8358	0.BIN:FFF8:12
B00146	836e815b83758347834c8358	0.BIN:10008:12
B00147	8341835a838d83898347834c8358	0.BIN:10018:14
B00148	8375838b815b8358815b8376	0.BIN:10028:12
B00149	8c928d4e9283	0.BIN:10038:6
B00150	8374838b815b836383578385815b8358	0.BIN:10040:16
B00151	8b9091e582a882de82b782d1	0.BIN:10054:12
B00152	835783838393837b8350815b834c	0.BIN:10064:14
B00153	835783838393837b837083748346	0.BIN:10074:14
B00154	82a882c982ac82e8	0.BIN:10084:8
B00155	836e8393836f815b834b815b	0.BIN:10090:12
B00156	835f837e815b	0.BIN:100A0:6
B00157	889f96eb8cc1817582a082bd82b582aa82e282e982dc82c582e00a09090982c882a982c182bd82e682a482cb8149	0.BIN:1081C:46
B00158	762888c582cc8ee8	0.BIN:13E96:8
B00159	837c8343835d836a8362834e8375838c815b8368	0.BIN:13EA0:20
B00160	83548343834c8362834e8375838c815b8368	0.BIN:13EB8:18
B00161	83498345834b8375838c815b8368	0.BIN:13ECC:14
B00162	8fd5946a	0.BIN:13EDC:4
B00163	89a391c5	0.BIN:13EE4:4
B00164	93538c9d	0.BIN:13EEC:4
B00165	925a8b408ad68f65	0.BIN:13EF4:8
B00166	94bc8ea993ae8c9d8f65	0.BIN:13F00:10
B00167	984194ad914f91958f65	0.BIN:13F0C:10
B00168	83748348815b838b8368	0.BIN:13F18:10
B00169	8356815b838b83688376838c8358	0.BIN:13F24:14
B00170	835e8362834e838b	0.BIN:13F34:8
B00171	94978c829643	0.BIN:13F40:6
B00172	8d828ecb9643	0.BIN:13F48:6
B00173	8ea991969643	0.BIN:13F50:6
B00174	834f838c836c815b8368	0.BIN:13F58:10
B00175	96b394bd93ae9643	0.BIN:13F64:8
B00176	8fac89ce8aed	0.BIN:13F70:6
B00177	834a83438355815b835c815b8368	0.BIN:13F78:14
B00178	835c8345838b834e8389836283568383815b	0.BIN:13F88:18
B00179	8349815b838983698362834e838b	0.BIN:13F9C:14
B00180	83528393837483858341838d815b	0.BIN:13FAC:14
B00181	8368838c83438393835c815b8368	0.BIN:13FBC:14
B00182	838c83438393837b815b835c815b8368	0.BIN:13FCC:16
B00183	8373815b8360837b8380	0.BIN:13FE0:10
B00184	8370838f815b835783838378838a8393	0.BIN:13FEC:16
B00185	8b4d9577906c82cc90ee8e71	0.BIN:14000:12
B00186	8354834e8389835c815b8368	0.BIN:14010:12
B00187	834c834e834a8362835e815b	0.BIN:14020:12
B00188	8381835e838b8375838c815b8368	0.BIN:14030:14
B00189	93648ea58375838c815b8368	0.BIN:14040:12
B00190	93648ea5838d83628368	0.BIN:14050:10
B00191	93648ea58372815b8380	0.BIN:1405C:10
B00192	905f96c28c95	0.BIN:14068:6
B00193	834e838a8358835e838b838c815b8355815b	0.BIN:14070:18
B00194	8358835e8393835c815b8368	0.BIN:14084:12
B00195	838983438367835a8343836f815b	0.BIN:14094:14
B00196	838a836a8341838c815b838b834b8393	0.BIN:140A4:16
B00197	92b490e291ce97eb937882cc82c282e782e7	0.BIN:140B8:18
B00198	8370838f815b8389835083628367	0.BIN:140CC:14
B00199	94ad90ba8d558c82	0.BIN:140DC:8
B00200	83728362834e837a8343815b838b835883738393	0.BIN:140E8:20
B00201	83548362834a815b837b815b838b834c8362834e	0.BIN:14100:20
B00202	8372815b8380836f83628367	0.BIN:14118:12
B00203	836e83438370815b8372815b8380	0.BIN:14128:14
B00204	834383938365838a8357834683938358838c815b8355815b	0.BIN:14138:24
B00205	8f9789a4976c82cc83808360	0.BIN:14154:12
B00206	8394834083438349838a8393837b8345	0.BIN:14164:16
B00207	83608346815b8393	0.BIN:14178:8
B00208	82d082b582e182ad	0.BIN:14184:8
B00209	838d815b8359836083628376	0.BIN:14190:12
B00210	914d8bf39184	0.BIN:141A0:6
B00211	8347838c834b83938367835c815b8368	0.BIN:141A8:16
B00212	82a882c182c682e8837288ea8380	0.BIN:141BC:14
B00213	8341834383418393	0.BIN:141CC:8
B00214	836f8362834c839383728385815b	0.BIN:141D8:14
B00215	836f8362834c8393837b815b	0.BIN:141E8:12
B00216	835c815b83688382815b8368	0.BIN:141F8:12
B00217	834b83938382815b8368	0.BIN:14208:10
B00218	838983438367836a8393834f836f8358835e815b	0.BIN:14214:20
B00219	88c582cc90b69261	0.BIN:1422C:8
B00220	88c593ae8c9d	0.BIN:14238:6
B00221	90d4946793ae	0.BIN:14240:6
B00222	8d95946793ae	0.BIN:14248:6
B00223	88c582cc8fd58c82	0.BIN:14250:8
B00224	83748385815b83578387839389fc	0.BIN:1425C:14
B00225	946793ae96438f5b9355	0.BIN:1426C:10
B00226	97b18e719643	0.BIN:14278:6
B00227	837a815b838b834183458367	0.BIN:14280:12
B00228	8347836c838b834d815b837b838b8367	0.BIN:14290:16
B00229	96b082e895b2	0.BIN:142A4:6
B00230	946793ae9643	0.BIN:142AC:6
B00231	8349815b838983748389836283568385	0.BIN:142B4:16
B00232	837a815b838a815b8375838c8358	0.BIN:142C8:14
B00233	835f815b834e8375838c8358	0.BIN:142D8:12
B00234	838c815b8355815b838983438374838b	0.BIN:142E8:16
B00235	8d8291ac8e6182e8	0.BIN:142FC:8
B00236	905f8c6f834b8358	0.BIN:14308:8
B00237	89f689b99467	0.BIN:14314:6
B00238	93c5834b8358	0.BIN:1431C:6
B00239	94ec91e589b99467	0.BIN:14324:8
B00240	8dc396b089b99467	0.BIN:14330:8
B00241	8f5b9364	0.BIN:1433C:4
B00242	8aae91538f43959c	0.BIN:14344:8
B00243	8b40945c89f1959c	0.BIN:14350:8
B00244	8f43959c	0.BIN:1435C:4
B00245	837a815b837e8393834f837e83548343838b	0.BIN:14364:18
B00246	83418367837e8362834e837b8380	0.BIN:14378:14
B00247	8374834083628367837b8380	0.BIN:14388:12
B00248	838a8367838b837b8380	0.BIN:14398:10
B00249	8381838b8367835f83458393	0.BIN:143A4:12
B00250	8365838c837c815b83678341835e8362834e	0.BIN:143B4:18
B00251	838a836f815b8358	0.BIN:143C8:8
B00252	837583898362834e8358836783898343834e	0.BIN:143D4:18
B00253	8358815b8370815b836d83948340	0.BIN:143E8:14
B00254	834583438393836883588367815b8380	0.BIN:143F8:16
B00255	8375838c8343834e8356838783628367	0.BIN:1440C:16
B00256	8e5f90ab894a	0.BIN:14420:6
B00257	938d8cb98bbd	0.BIN:14428:6
B00258	83498343838b838c83438393	0.BIN:14430:12
B00259	8343815b8372838b836f835e837483898343	0.BIN:14440:18
B00260	8f7496b0	0.BIN:14454:4
B00261	89a990f2	0.BIN:1445C:4
B00262	8381835e838b837b815b838b	0.BIN:14464:12
B00263	83748385815b835783878393	0.BIN:14474:12
B00264	82dd82f182c882cc97cd	0.BIN:14484:10
B00265	83748348815b8358837e83548343838b	0.BIN:14490:16
B00266	838983438367836a8393834f83568385815b8367	0.BIN:144A4:20
B00267	95fa9364	0.BIN:144BC:4
B00268	8ef4949b	0.BIN:144C4:4
B00269	8352815b8368835883738341	0.BIN:144CC:12
B00270	838a8355838c834e835683878393	0.BIN:144DC:14
B00271	838a8374838c836283568385	0.BIN:144EC:12
B00272	83608383815b8357838983438374	0.BIN:144FC:14
B00273	9597978b	0.BIN:1450C:4
B00274	88ea914d	0.BIN:14514:4
B00275	905f88d0	0.BIN:1451C:4
B00276	837683898359837d83578346836283678372815b8380	0.BIN:14524:22
B00277	838a8374838c834e8367838c815b8355815b	0.BIN:1453C:18
B00278	928690ab8e718372815b8380	0.BIN:14550:12
B00279	8347838c834e8367838d83938375838c8343834e	0.BIN:14560:20
B00280	834e838a83418349815b838b	0.BIN:14578:12
B00281	8358835e83938349815b838b	0.BIN:14588:12
B00282	8389834383578393834f8368838983538393	0.BIN:14598:18
B00283	837683898359837d838a8362834b815b	0.BIN:145AC:16
B00284	8347836c838b834d815b8356815b838b8368	0.BIN:145C0:18
B00285	8349815b836f815b838c8343	0.BIN:145D4:12
B00286	8d8291ac98418ecb	0.BIN:145E4:8
B00287	8365838c837c815b8367	0.BIN:145F0:10
B00288	8367838a8376838b8341834e835a838b	0.BIN:145FC:16
B00289	8349815b838d8389837483408393836c838b	0.BIN:14610:18
B00290	8341834383588356815b838b8368	0.BIN:14624:14
B00291	83548343834e838d8393834a83628367	0.BIN:14634:16
B00292	838d837b8362836783738393837c8393	0.BIN:14648:16
B00293	9166905582e8926e8d96	0.BIN:1465C:10
B00294	8358837c836283678389834383678372815b8380	0.BIN:14668:20
B00295	834e83898393834e83438393	0.BIN:14680:12
B00296	8343838b837e836c815b835683878393838c815b8355815b	0.BIN:14690:24
B00297	836f8362834e8374834083438384815b	0.BIN:146AC:16
B00298	8370836283568393834f8372815b8380	0.BIN:146C0:16
B00299	82a082a882e9	0.BIN:146D4:6
B00300	836e838a8350815b839383568385815b8367	0.BIN:146DC:18
B00301	835f83438369837d834383678358838d815b83438393	0.BIN:146F0:22
B00302	83438347838d815b834a815b8368	0.BIN:14708:14
B00303	835f8375838b83778362835f815b	0.BIN:14718:14
B00304	96828b85	0.BIN:14728:4
B00305	91e5838a815b834f83568385815b835e815b	0.BIN:14730:18
B00306	836e83438370815b8a678e558372815b8380	0.BIN:14744:18
B00307	8389834383678371815b838a8393834f	0.BIN:14758:16
B00308	8372815b83808352815b836583428393834f	0.BIN:1476C:18
B00309	88ea96d491c59073	0.BIN:14780:8
B00310	969e8fea88ea9276	0.BIN:1478C:8
B00311	8f6389a196b39073	0.BIN:14798:8
B00312	8352815b838b837e815b834e8343815b8393	0.BIN:147A4:18
B00313	8bb68b4397909591	0.BIN:147B8:8
B00314	935390ee	0.BIN:147C4:4
B00315	959c8a888dd5	0.BIN:147CC:6
B00316	838c834e834383478380	0.BIN:147D4:10
B00317	8e718ee789cc	0.BIN:147E0:6
B00318	837783948342815b8381835e838b	0.BIN:147E8:14
B00319	836e815b8368838d8362834e	0.BIN:147F8:12
B00320	83708393834e838d8362834e	0.BIN:14808:12
B00321	82a8928397a782c4	0.BIN:14818:8
B00322	92838a988341835e8362834e	0.BIN:14824:12
B00323	9283e2a4837e83548343838b	0.BIN:14834:12
B00324	83668393835783838389835883708345835f815b	0.BIN:14844:20
B00325	83748389838f815b837e83588367	0.BIN:1485C:14
B00326	837c834383598393836a815b8368838b	0.BIN:1486C:16
B00327	83748340834383758341836a837d838b834a83938374815b	0.BIN:14880:24
B00328	8f578b438c9d	0.BIN:1489C:6
B00329	8ff28b438c9d	0.BIN:148A4:6
B00330	8347838c834b83938367835f83938358	0.BIN:148AC:16
B00331	837e838988ea83578385837288ea8380	0.BIN:148C0:16
B00332	83548343834c8362834e837388ea8358	0.BIN:148D4:16
B00333	82a882c182c682e8838c88ea835588ea	0.BIN:148E8:16
B00334	8358838d88ea837188ea838a8393834f	0.BIN:148FC:16
B00335	8358838d88ea8380815b8394	0.BIN:14910:12
B00336	837a815b838b83438393838f8393	0.BIN:14920:14
B00337	834c88ea83768c4e8fa28aab	0.BIN:14930:12
B00338	949a8cf58b85	0.BIN:14940:6
B00339	837e838b834c815b8341835e8362834e	0.BIN:14948:16
B00340	82648272826f837188ea838a8393834f	0.BIN:1495C:16
B00341	8365838c837c88ea8367	0.BIN:14970:10
B00342	834e838b834e838b837083938360	0.BIN:1497C:14
B00343	836e83938368837188ea838a8393834f	0.BIN:1498C:16
B00344	83898343836783588389836283568385	0.BIN:149A0:16
B00345	837e8389815b83578385834c8383836d8393	0.BIN:149B4:18
B00346	979082ea8c8282bf	0.BIN:149C8:8
B00347	835f837e815b	0.BIN:149D4:6
B00348	82dc82be8140926282a682c482a282ab82dc82b782a98148	0.BIN:15D64:24
B00349	926282a682c482a282b182a482a982b582e78148	0.BIN:15D80:20
B00350	82dc82be8140926282a682c482a282b182a482a982c88148	0.BIN:15D98:24
B00351	82e082c182c6926282a682c482a282b182a482a982b582e78148	0.BIN:15DB4:26
B00352	835883628353834381408bad82a29873	0.BIN:160DC:16
B00353	82dc82a082dc82a081408bad82a28149	0.BIN:160F0:16
B00354	8a798f9f81408a798f9f9876	0.BIN:16104:12
B00355	92e98d918fe98fe98a4f	0.BIN:16F28:10
B00356	92e98d918fe991e58d4c8ad4	0.BIN:16F34:12
B00357	92e98d918fe993e0959492ca9848	0.BIN:16F44:14
B00358	92e98d918fe98efb97658f8a8252	0.BIN:16F54:14
B00359	92e98d918fe98efb97658f8a8251	0.BIN:16F64:14
B00360	92e98d918fe98efb97658f8a8250	0.BIN:16F74:14
B00361	83578362834e838a	0.BIN:16F84:8
B00362	83718362835c838a	0.BIN:16F90:8
B00363	8341838c836e8365	0.BIN:16F9C:8
B00364	8d8b8d9595c78145894692888bf38ad4	0.BIN:16FA8:16
B00365	8969899382cc8376838a8393835a83588d86	0.BIN:16FBC:18
B00366	837e8347836c815b8384	0.BIN:16FD0:10
B00367	8be289cd81458a4f89469288	0.BIN:16FDC:12
B00368	935690af90d5926e	0.BIN:16FEC:8
B00369	935690af837e83548343838b838b815b8380	0.BIN:16FF8:18
B00370	935690af935d91978f8a	0.BIN:1700C:10
B00371	935690af95ba8aed91718cc9	0.BIN:17018:12
B00372	935690af93e0959492ca9848	0.BIN:17028:12
B00373	935690af8a69945b8cc9	0.BIN:17038:10
B00374	935690af8145894692888bf38ad4	0.BIN:17044:14
B00375	835e8393838c8393	0.BIN:17054:8
B00376	8be289cd814593e0894692888251	0.BIN:17060:14
B00377	8360836283608346815b8369	0.BIN:17070:12
B00378	834183628360815b8384	0.BIN:17080:10
B00379	8363837883658343	0.BIN:1708C:8
B00380	8be289cd814593e0894692888250	0.BIN:17098:14
B00381	834983438356815b8384	0.BIN:170A8:10
B00382	834583898389815b834a	0.BIN:170B4:10
B00383	926e8b858145894692888bf38ad4	0.BIN:170C0:14
B00384	934782cc94e996a78aee926e	0.BIN:170D0:12
B00385	935689ce92c4978e926e935f	0.BIN:170E0:12
B00386	94928b7591e48f978e718d5a	0.BIN:170F8:12
B00387	8386836982cc89c682cc82bb82ce	0.BIN:17108:14
B00388	836c8349938c8b9e94c989d88a58	0.BIN:17118:14
B00389	96b38cf882c883818362835a815b8357	0.BIN:17128:16
B00390	8b4c985e82cc95db91b682c982cd	0.BIN:17E34:14
B00391	8256825282cc8bf382ab976597ca82aa954b977682c582b7	0.BIN:17E44:24
B00392	82b182cc8b4c985e82cd	0.BIN:17E60:10
B00393	8e67977082c582ab82dc82b982f1	0.BIN:17E6C:14
B00394	6e6c838d815b836882b782e98366815b835e82f0914991f082b582c482ad82be82b382a2	0.BIN:18236:36
B00395	837483408343838b8252	0.BIN:1C820:10
B00396	837483408343838b8251	0.BIN:1C82C:10
B00397	837483408343838b8250	0.BIN:1C838:10
B00398	82c782b182c9835a815b837582b582dc82b782a98148	0.BIN:1C844:22
B00399	6e6c8389834383938d558c82	0.BIN:1F14E:12
B00400	8bdf8b9797a38d558c82	0.BIN:1F15C:10
B00401	89938b9797a38d558c82	0.BIN:1F16C:10
B00402	8389834383938fe3934793f191cc82f08d558c82	0.BIN:1F178:20
B00403	97d790da82b582bd934788ea91cc82f08d558c82	0.BIN:1F190:20
B00404	934788ea91cc82f089938b9797a38d558c82	0.BIN:1F1A8:18
B00405	8347838b83898343839382f095e28f9582b782e9	0.BIN:1F1BC:20
B00406	92878ad482cc97cd82c5	0.BIN:1F1D4:10
B00407	975593b1837e83548343838b82c58d558c82	0.BIN:1F1E0:18
B00408	90b982c882e997cd82c58fc482ab95a582a4	0.BIN:1F1F4:18
B00409	82b382e782c992c789c18cf889ca82c5837d8371	0.BIN:1F208:20
B00410	8efc88cd82cc934782c993648c8282f0975e82a6	0.BIN:1F220:20
B00411	8efc88cd82cc934782cc8b5a82f0959582b682e9	0.BIN:1F238:20
B00412	92869095905f8c6f82f0918082e8	0.BIN:1F250:14
B00413	889f96eb8cc182cc918082e98352815b836882aa	0.BIN:1F260:20
B00414	90ed93ac9573945c82cc96a195fb82f0959c8a88	0.BIN:1F278:20
B00415	90b982c882e98b4682e882c5	0.BIN:1F290:12
B00416	8ff289bb82cc8cf582aa	0.BIN:1F2A0:10
B00417	8267826f82f08aae915389f1959c82b382b982e9	0.BIN:1F2AC:20
B00418	90b982c882e98cf582aa	0.BIN:1F2C4:10
B00419	978b82f0978e82c682b58efc88cd82f08d558c82	0.BIN:1F2D0:20
B00420	905f96c28c9582aa979282f08cc482d1	0.BIN:1F2E8:16
B00421	834a837d8343835e836082c982e682e98d558c82	0.BIN:1F2FC:20
B00422	905f91ac82aa90b682dd8f6f82b7	0.BIN:1F314:14
B00423	8bb082e982d782ab984191b18d558c82	0.BIN:1F324:16
B00424	905f82cc97cd82f092b482a682e982c68cbe82a4	0.BIN:1F338:20
B00425	8d4c94cd88cd82f08d558c82	0.BIN:1F350:12
B00426	837683898359837d8372815b838082c5	0.BIN:1F360:16
B00427	8f5c8e9a8389834383938d558c82	0.BIN:1F374:14
B00428	94bd8ecb838c815b8355815b82c5	0.BIN:1F384:14
B00429	928690ab8e718372815b838082c5	0.BIN:1F394:14
B00430	94cd88cd93e082cc9347915382c482f08d558c82	0.BIN:1F3A4:20
B00431	8358835e8393835c815b836882cc93648c8282c5	0.BIN:1F3BC:20
B00432	8ff391d488d98fed82f089f1959c82b382b982e9	0.BIN:1F3D4:20
B00433	915382c482cc96a195fb82cc	0.BIN:1F3EC:12
B00434	978182d182b9837d837182b382b982e9	0.BIN:1F3FC:16
B00435	915382c482cc934782c993648c8282f0	0.BIN:1F410:16
B00436	949a94ad934982c88d558c8297cd82f08cd682e9	0.BIN:1F424:20
B00437	97ad82df82bd97cd82f088ea8b4382c989f095fa	0.BIN:1F43C:20
B00438	82f094ad90b682b58efc88cd82f08d558c82	0.BIN:1F454:18
B00439	987282cc9195927582a982e7837683898359837d	0.BIN:1F468:20
B00440	96688ce497cd82f09688835e815b83938fe38fb8	0.BIN:1F480:20
B00441	8347836c838b834d815b8356815b838b836882c5	0.BIN:1F498:20
B00442	8d8282df82c48389834383938d558c82	0.BIN:1F4B0:16
B00443	8f6f97cd82f08cc08a45926c82dc82c5	0.BIN:1F4C4:16
B00444	834b839382f08d8291ac98418ecb82b582c4	0.BIN:1F4D8:18
B00445	835e815b839382c58efc88cd82f08d558c82	0.BIN:1F4EC:18
B00446	89d897ed82c882e98341834e835a838b	0.BIN:1F500:16
B00447	94cd88cd93e0915382c482cc934782f08d558c82	0.BIN:1F514:20
B00448	97bc8ca882cc837483408393836c838b82c5	0.BIN:1F52C:18
B00449	96688ce497cd82f083418362837682b382b982e9	0.BIN:1F540:20
B00450	955882cc836f838a8384815b82f092a382c182c4	0.BIN:1F558:20
B00451	8341835282c697d790da82c594cd88cd8a6791e5	0.BIN:1F570:20
B00452	97b38aaa82c58389834383938d558c82	0.BIN:1F588:16
B00453	838d837b8362836783738393837c83938d558c82	0.BIN:1F59C:20
B00454	837d835282c697d790da82c594cd88cd8a6791e5	0.BIN:1F5B4:20
B00455	9166905582e882c58d558c82	0.BIN:1F5CC:12
B00456	95fa82c28cf582c58389834383938d558c82	0.BIN:1F5DC:18
B00457	8358837c83628367838983438367834b839382aa	0.BIN:1F5F0:20
B00458	96a195fb82cc945c97cd82f08e6782a682e9	0.BIN:1F608:18
B00459	914982f182be96a195fb82c995cf906782b582c4	0.BIN:1F61C:20
B00460	8256904682cc8cf582f094ad8ecb	0.BIN:1F634:14
B00461	837083898358837c834c8383836d839382a982e7	0.BIN:1F644:20
B00462	945282a690b782e9898a82c5	0.BIN:1F65C:12
B00463	8d558c8297cd82f08cb88fad82b382b982e9	0.BIN:1F66C:18
B00464	8372815b838082c596da82f082ad82e782dc82b9	0.BIN:1F680:20
B00465	88da93ae97cd82f083418362837682b382b982e9	0.BIN:1F698:20
B00466	8efc88cd82cc96a195fb82f082a082a882c182c4	0.BIN:1F6B0:20
B00467	8389834383938fe382cc934782f08d558c82	0.BIN:1F6C8:18
B00468	92b48d8291ac82cc898a82cc837b815b838b82c5	0.BIN:1F6DC:20
B00469	8efc88cd82c982e0949a959782f08b4e82b182b7	0.BIN:1F6F4:20
B00470	8358838d815b8343839382c58d558c8282b5	0.BIN:1F70C:18
B00471	90d882ea96a194b28c5182cc834a815b8368	0.BIN:1F720:18
B00472	954b8e458372815b8380836f8362836782c5	0.BIN:1F734:18
B00473	8bd682b682e782ea82bd8b85	0.BIN:1F748:12
B00474	939682bd82ea82ce88ea8c82954b8e4582cc	0.BIN:1F758:18
B00475	96b3909482cc837b815b838b82f094ad8ecb82b5	0.BIN:1F76C:20
B00476	8a678e558372815b838082c58d4c94cd88cd82f0	0.BIN:1F784:20
B00477	8267826f82f089f1959c82b382b982e9	0.BIN:1F79C:16
B00478	8349815b838982f08efc88cd82c98a4a95fa82b5	0.BIN:1F7B0:20
B00479	96688ce497cd82f094f296f4934982c9919d89c1	0.BIN:1F7C8:20
B00480	8d828b4d82c88b43956982c591cc82f095ef82dd	0.BIN:1F7E0:20
B00481	88ea90c48d558c82	0.BIN:1F7F8:8
B00482	915382c482cc934782f088ea96d491c5907382c9	0.BIN:1F804:20
B00483	8347837e838a815b82c693af82b682c982b782e9	0.BIN:1F81C:20
B00484	96a195fb915382c482cc8267826f82f0	0.BIN:1F834:16
B00485	915382c482cc934782f08d558c82	0.BIN:1F848:14
B00486	8f6389a18f5c8e9a83898343839382c982a282e9	0.BIN:1F858:20
B00487	9688835e815b839383418362837682b382b982e9	0.BIN:1F870:20
B00488	8ea98cc888c38ea682c58d558c8297cd82f0	0.BIN:1F888:18
B00489	984191b18d558c82	0.BIN:1F89C:8
B00490	8f9789a4976c82cc8380836082c5	0.BIN:1F8A8:14
B00491	935382cc90ee8e7182c589938b9797a38d558c82	0.BIN:1F8B8:20
B00492	8f9789a4976c82cc8fac93b98bef82cc825082c2	0.BIN:1F8D0:20
B00493	959c8a8882b382b982e98aef90d582cc8bc8	0.BIN:1F8E8:18
B00494	90ed93ac9573945c82cc96a195fb82f0915382c4	0.BIN:1F8FC:20
B00495	88ab968282cc8bc8	0.BIN:1F914:8
B00496	90b682a082e98ed282f08e8082d6975582a4	0.BIN:1F920:18
B00497	95ea82c882e98bc8	0.BIN:1F934:8
B00498	88c096b082f082e082bd82e782b7	0.BIN:1F940:14
B00499	8d558c8297cd82f09688835e815b83938fe38fb8	0.BIN:1F950:20
B00500	8381835e838b82c582cc82e882cc82e8	0.BIN:1F968:16
B00501	8d558c8297cd82cc94f296f49349834183628376	0.BIN:1F97C:20
B00502	836e815b8368838d8362834e82c5	0.BIN:1F994:14
B00503	8d558c8297cd834183628376	0.BIN:1F9A4:12
B00504	83708393834e838d8362834e82c982cc82c182c4	0.BIN:1F9B4:20
B00505	8264826f89f1959c	0.BIN:1F9CC:8
B00506	82a882a282b582a282a8928382c5	0.BIN:1F9D8:14
B00507	92c789c18cf889ca82c596b082e782b982e9	0.BIN:1F9E8:18
B00508	91e582ab82c892838a9882c589a382e8	0.BIN:1F9FC:16
B00509	9283e2a48c5e837e83548343838b82f094ad8ecb	0.BIN:1FA10:20
B00510	836f83438393835f815b82a982e7	0.BIN:1FA28:14
B00511	8e5482ab8e5582e782b58dac979082b382b982e9	0.BIN:1FA38:20
B00512	8cb68a6f8dec977082cc82a082e989d495b282f0	0.BIN:1FA50:20
B00513	8e5482ab8e5582e782b596b082e782b982e9	0.BIN:1FA68:18
B00514	8dc396b08cf889ca82cc82a082e989d495b282f0	0.BIN:1FA7C:20
B00515	92c789c18cf889ca82c593c582e0975e82a682e9	0.BIN:1FA94:20
B00516	836f838982cc8367835182c58d558c8282b5	0.BIN:1FAAC:18
B00517	8efc88cd82cc934782f08d558c82	0.BIN:1FAC0:14
B00518	8c9d82f08d8291ac82c58c4a82e88f6f82b5	0.BIN:1FAD0:18
B00519	8d558c8297cd82f094f296f4934982c9919d89c1	0.BIN:1FAE4:20
B00520	8b4382f08cc882cc91cc82c98f5782df82c4	0.BIN:1FAFC:18
B00521	88d98fed8ff391d482f089f1959c	0.BIN:1FB10:14
B00522	92868d91825390e7944e82cc97cd82c5	0.BIN:1FB20:16
B00523	89d897ed82c8984191b18d558c82	0.BIN:1FB34:14
B00524	835f8393835882f0959182a482e682a482c8	0.BIN:1FB44:18
B00525	96688ce497cd82f08f99815882c98ded82e9	0.BIN:1FB58:18
B00526	8bad97cd82c88e5f82c58d558c82	0.BIN:1FB6C:14
B00527	92b4945c97cd82c5935389f282f0918082e8	0.BIN:1FB7C:18
B00528	8389834383938d558c8282b782e9	0.BIN:1FB90:14
B00529	838c815b8355815b82f094ad8ecb82b5	0.BIN:1FBA0:16
B00530	82e482c182ad82e882c689f1959c	0.BIN:1FBB4:14
B00531	8267826f82f08250835e815b8393968882c9	0.BIN:1FBC4:18
B00532	88da93ae97cd82f08cb88fad82b382b982e9	0.BIN:1FBD8:18
B00533	8efc88cd82c982a282e99347915382c482cc	0.BIN:1FBEC:18
B00534	939682bd82ea82ce954b8e45835f8381815b8357	0.BIN:1FC00:20
B00535	96bd928697a682cd92e182a282af82c7	0.BIN:1FC18:16
B00536	83898393835f838082c88cf889ca82c589878cec	0.BIN:1FC2C:20
B00537	8cc482d18f6f82b582bd834c815b83768c4e82aa	0.BIN:1FC44:20
B00538	837d837182cc92c789c18cf889ca	0.BIN:1FC5C:14
B00539	97bc8ca882cc949a8cf58b8582c58d558c82	0.BIN:1FC6C:18
B00540	8389834383938fe382cc934782c991cc939682e8	0.BIN:1FC80:20
B00541	83798362836782cc837e838b834c815b82aa	0.BIN:1FC98:18
B00542	92878ad482cc8267826f82f089f1959c	0.BIN:1FCAC:16
B00543	89938b9797a382a982e782e0	0.BIN:1FCC0:12
B00544	92b4945c97cd82c58f758ad488da93ae	0.BIN:1FCD0:16
B00545	954b8e4583708393836082f08c4a82e88f6f82b7	0.BIN:1FCE4:20
B00546	987282f092b48d8291ac89f1935d82b382b982c4	0.BIN:1FCFC:20
B00547	8efc88cd82cc96a195fb82f08267826f89f1959c	0.BIN:1FD14:20
B00548	8e7682a282e282e882cc97cd82c5	0.BIN:1FD2C:14
B00549	8a4a95fa82b782e98b868bc982cc8d558c828b5a	0.BIN:1FD3C:20
B00550	8cf582cc97cd82f08bc98cc082dc82c5	0.BIN:1FD54:16
B00551	837e8389815b8357838582cc89878cec8ecb8c82	0.BIN:1FD68:20
B00552	915382c482cc934782f08fc482ab95a582a4	0.BIN:1FD80:18
B00553	95a1909482cc934782f08d558c82	0.BIN:1FD94:14
B00554	834b839382f0984191b194ad8ecb82b5	0.BIN:1FDA4:16
B00555	8d558c8297cd	0.BIN:20050:6
B00556	8b5a8d558c8297cd	0.BIN:20058:8
B00557	88da93ae97cd	0.BIN:20064:6
B00558	96688ce497cd	0.BIN:2006C:6
B00559	8b5a96688ce497cd	0.BIN:20074:8
B00560	83588373815b8368	0.BIN:20080:8
B00561	92ca8fed8d558c82	0.BIN:20098:8
B00562	96bc914f	0.BIN:20BA8:4
B00563	8ecb92f6	0.BIN:223F0:4
B00564	8140915382c4	0.BIN:223F8:6
B00565	94cd88cd	0.BIN:22400:4
B00566	8341834383658380	0.BIN:2564C:8
B00567	83588365815b835e8358	0.BIN:26788:10
B00568	9153834183438365838082cc82a482bf89bd82a982aa93fc82c182c482a282e9	0.BIN:26794:32
B00569	8aae915396688ce4	0.BIN:267B8:8
B00570	8ab78be08341834383658380	0.BIN:267C4:12
B00571	837d83718ff391d482c982b382b982e9	0.BIN:267D4:16
B00572	8341834383658380957389c28ff391d482cc89f1959c	0.BIN:267E8:22
B00573	8b5a957389c28145945c97cd835f834583938ff391d482cc89f1959c	0.BIN:26800:28
B00574	8d7393ae9573945c8ff391d482cc89f1959c	0.BIN:26820:18
B00575	82b182f182e782f1814591e582b182f182e782f18ff391d482cc89f1959c	0.BIN:26834:30
B00576	91cc97cd835f834583938ff391d482cc89f1959c	0.BIN:26854:20
B00577	82cb82de82e8814591e582cb82de82e882cc89f1959c	0.BIN:2686C:22
B00578	915382c482cc8ff391d488d98fed82cc89f1959c	0.BIN:26884:20
B00579	8d558c8297cd82f09688835e815b83938fe38fb8	0.BIN:2689C:20
B00580	96688ce497cd82f09688835e815b83938fe38fb8	0.BIN:268B4:20
B00581	8267826f8250824f824f89f1959c817b8264826f826c82608277919d89c1	0.BIN:268CC:30
B00582	8267826f8250824f824f89f1959c817b8267826f826c82608277919d89c1	0.BIN:268EC:30
B00583	8267826f8250824f824f89f1959c817b88da93ae97cd826c82608277919d89c1	0.BIN:2690C:32
B00584	8267826f8250824f824f89f1959c817b83588373815b8368826c82608277919d89c1	0.BIN:26930:34
B00585	8267826f8250824f824f89f1959c817b96688ce497cd826c82608277919d89c1	0.BIN:26954:32
B00586	8267826f8250824f824f89f1959c817b8d558c8297cd826c82608277919d89c1	0.BIN:26978:32
B00587	8267826f81958264826f8252824f824f89f1959c	0.BIN:2699C:20
B00588	8267826f81958264826f8251824f824f89f1959c	0.BIN:269B4:20
B00589	8267826f81958264826f8250824f824f89f1959c	0.BIN:269CC:20
B00590	8264826f8252824f824f89f1959c	0.BIN:269E4:14
B00591	8264826f8251824f824f89f1959c	0.BIN:269F4:14
B00592	8264826f8250824f824f89f1959c	0.BIN:26A04:14
B00593	8267826f8aae915389f1959c	0.BIN:26A14:12
B00594	8267826f8252824f824f89f1959c	0.BIN:26A24:14
B00595	8267826f8251824f824f89f1959c	0.BIN:26A34:14
B00596	8267826f8250824f824f89f1959c	0.BIN:26A44:14
B00597	8267826f8254824f89f1959c	0.BIN:26A54:12
B00598	96b382b5	0.BIN:26A64:4
B00599	835f834383478362836782c982e682e883418343836583808e679770957389c2	0.BIN:26F44:32
B00600	834183438365838082f08e9d82c182c482a282c882a2	0.BIN:277E0:22
B00601	8ea995aa82f08e7792e882b582c4836c	0.BIN:37320:16
B00602	92878ad482f08e7792e882b582c4836c	0.BIN:37334:16
B00603	837b835e839382f0899f82b582c4836c	0.BIN:37348:16
B00604	835e815b83518362836782f08e7792e882b582c4836c	0.BIN:3735C:22
B00605	95fb8cfc82f08e7792e882b582c4836c	0.BIN:37374:16
B00606	88da93ae88ca927582f08e7792e882b582c4836c	0.BIN:37388:20
B00607	8fe18a5195a8	0.BIN:37434:6
B00608	826b8264826082638264827182f0914991f082b582c4836c814081408140	0.BIN:41834:30
B00609	947a92758fea8f8a82f08e7792e882b582c4836c81408140814081408140	0.BIN:41854:30
B00610	8ded8f9c834c83838389834e835e815b82f08e7792e882b582c4836c8140	0.BIN:41874:30
B00611	959c8a88834c83838389834e835e815b82f0914991f082b582c4836c8140	0.BIN:41894:30
B00612	8386836982cc8370815b8365834282f0914991f082b582c4836c81408140	0.BIN:418B4:30
B00613	82e682eb82b582a282c582b782a98148	0.BIN:41CA4:16
B00614	82a282a282a6	0.BIN:41CB8:6
B00615	82cd82a2	0.BIN:41CC0:4
B00616	90ed93ac9573945c82cc834c83838389834e835e815b82cd82a282c882a2	0.BIN:4B00C:30
B00617	835e83438367838b82c996df82e9	0.BIN:4B040:14
B00618	8dc4836f8367838b	0.BIN:4B050:8
B00619	83868369817582c882f182c582dc82be82a282e982cc81600a09090909090982e282c182c282af82bd82c68e7682c182bd82cc82c98160987a	0.BIN:4E124:57
B00620	8347838b8369815b8175928d88d382b582c482ad82be82b382a281408386836981490a09090909090982c782a482e282e7814082b182cc95ba8e6d924282cc928682c982cd0a090909090909836a835a82e082cc82aa8dac82b682c182c482a282e982e682a482c582b79873	0.BIN:4E174:108
B00621	83868369817582b1814082b182ea82cd9874	0.BIN:4E90C:18
B00622	8347838b8369815b817582dd82c882b382f181408b4382f082c282af82c498730a09090909090997a782bf8e7e82dc82c182bd8fea8f8a82f096da82aa82af82c40a09090909090989ce928c82aa8fe382aa82e98e648a7c82af82cc82e682a482c582b79873	0.BIN:4E934:102
B00623	817593af82b68fea8f8a82c982c682c782dc82c182c482a282e982c60a09090909090982e282e782ea82c482b582dc82a282dc82b79873	0.BIN:4E9A8:55
B00624	838683698175837e8389815b83578385814082a88ae882a281490a8f9582af82c48149	0.BIN:63330:35
B00625	837e8389815b8357838581758386836982b382f182f082a282b682df82e98ed282cd0a8e8482aa8b9682b582dc82b982f198730a8374834083438384815b8149	0.BIN:63370:64
B00626	837c838a838a815b8369817582a282af82c18140837e838b834c815b83628149	0.BIN:63498:32
B00627	837e838b834c815b8175837e8385815b815b815b83938149	0.BIN:634D0:24
B00628	83418352817582a282ad82ed82e6815b815b82c18140837d835282bf82e182f19873	0.BIN:639CC:34
B00629	837d835281758341835282bf82e182f1814981408d8791cc8d558c8282e69873	0.BIN:63A5C:32
B00630	95918175838683698149814082aa82f182ce82f182cc82e68149	0.BIN:63D8C:26
B00631	889f96eb8cc1817583868369815b815b815b815b8149	0.BIN:63DBC:22
B00632	837e8389815b8357838581758386836982b382f182f00a82a282b682df82e98ed282cd0a8e8482aa8b9682b582dc82b982f18149	0.BIN:63DE0:52
B00633	8bca89d881758386836982b382f1814981408e8482cc97cd82f08149	0.BIN:63E2C:28
B00634	90d488c58bca	TITLE.BIN:824:6
B00635	8d9588c58bca	TITLE.BIN:830:6
B00636	88c582cc90478ee8	TITLE.BIN:83C:8
B00637	9558928c	TITLE.BIN:84C:4
B00638	8d558c82897190af814597ce	TITLE.BIN:858:12
B00639	8d558c82897190af814590c2	TITLE.BIN:86C:12
B00640	8bca89d8	TITLE.BIN:880:4
B00641	83478341838d8362834e	TITLE.BIN:88C:10
B00642	83578346836c838c815b835e	TITLE.BIN:89C:12
B00643	8347838c838183938367837483468341838a8342	TITLE.BIN:8B0:20
B00644	96b082e89190	TITLE.BIN:8E8:6
B00645	838a8352838a83588251	TITLE.BIN:8F4:10
B00646	96438c828b40	TITLE.BIN:914:6
B00647	949a9265	TITLE.BIN:920:4
B00648	8d558c82897190af	TITLE.BIN:934:8
B00649	96b68cb6	TITLE.BIN:944:4
B00650	83528373815b8145837c838a838a815b8369	TITLE.BIN:950:18
B00651	83528373815b81458386815b838a8342	TITLE.BIN:968:16
B00652	83528373815b814583868369	TITLE.BIN:980:12
B00653	8d638b4081458e8097b4	TITLE.BIN:994:10
B00654	8d638b40814596d28b4e	TITLE.BIN:9A4:10
B00655	8d638b4081458c8393bf	TITLE.BIN:9C0:10
B00656	93ac8f708b40814589a489e5	TITLE.BIN:9D0:12
B00657	93ac8f708b408145916f89e5	TITLE.BIN:9E4:12
B00658	93ac8f708b4081458d6289e5	TITLE.BIN:9F8:12
B00659	93ac8f708b4081458ed689e5	TITLE.BIN:A14:12
B00660	93ac8f708b4081458cd589e5	TITLE.BIN:A30:12
B00661	93ac8f708b408145985489e5	TITLE.BIN:A4C:12
B00662	897190b68b40814593c18e6d	TITLE.BIN:A60:12
B00663	897190b68b40814591538e6d	TITLE.BIN:A74:12
B00664	897190b68b40814590b38e6d	TITLE.BIN:A88:12
B00665	897190b68b4081459fcc8e6d	TITLE.BIN:AA4:12
B00666	915f8c828b40814593c197c2	TITLE.BIN:AB8:12
B00667	915f8c828b40814588ea97c2	TITLE.BIN:ACC:12
B00668	915f8c828b40814593f197c2	TITLE.BIN:AE0:12
B00669	915f8c828b4081458e4f97c2	TITLE.BIN:AF4:12
B00670	93c189c88b40814594979643	TITLE.BIN:B08:12
B00671	93c189c88b4081458d829643	TITLE.BIN:B1C:12
B00672	93c189c88b40814593cb9643	TITLE.BIN:B30:12
B00673	90ed8b40814588ea90ed	TITLE.BIN:B44:10
B00674	90ed8b40814593f190ed	TITLE.BIN:B54:10
B00675	90ed8b4081458e4f90ed	TITLE.BIN:B64:10
B00676	8d958d6392e981458bca9868	TITLE.BIN:B74:12
B00677	8b408a4289bb8d6392e9	TITLE.BIN:B88:10
B00678	8e6c93568b408145935696828940814597e99682	TITLE.BIN:B98:20
B00679	8e6c93568b40814593568b538940814594fc8b53	TITLE.BIN:BBC:20
B00680	8e6c93568b4081459356e3c4894081458d80e3c4	TITLE.BIN:BD8:20
B00681	8e6c93568b408145935697ed8940814597ab97ed	TITLE.BIN:C04:20
B00682	985a89d490ed81458e87977a89d4	TITLE.BIN:C30:14
B00683	985a89d490ed8145938d89d4	TITLE.BIN:C54:12
B00684	985a89d490ed814592d689d4	TITLE.BIN:C6C:12
B00685	985a89d490ed8145979689d4	TITLE.BIN:C90:12
B00686	985a89d490ed81458df789d4	TITLE.BIN:CB4:12
B00687	985a89d490ed81458b6589d4	TITLE.BIN:CD8:12
B00688	97648b408e4f8e6f968581458cb696b2	TITLE.BIN:CEC:16
B00689	97648b408e4f8e6f968581458bb689d4	TITLE.BIN:D04:16
B00690	8347838b838983438393	TITLE.BIN:D1C:10
B00691	97648b408e4f8e6f96858145889f96eb8cc1	TITLE.BIN:D34:18
B00692	94928d81	TITLE.BIN:D64:4
B00693	8e4f8cab8b4081458db68fe5918a81458c959650	TITLE.BIN:D88:20
B00694	8e4f8cab8b40814589458fe5918a81458bbe96be	TITLE.BIN:DC4:20
B00695	8b7c89aa82a982a682c5	TITLE.BIN:DE8:10
B00696	908596ec97748e71	TITLE.BIN:E00:8
B00697	88ea8ff08940837e8354834c	TITLE.BIN:E30:12
B00698	955882cc837e8368838a	TITLE.BIN:E4C:10
B00699	8ebe959782cc837d8352	TITLE.BIN:E5C:10
B00700	914d8cf582cc83418352	TITLE.BIN:E6C:10
B00701	8be2968b82cc837e834c	TITLE.BIN:E7C:10
B00702	836e834383588373815b83688145835a838a834a	TITLE.BIN:E94:20
B00703	8358836783898343834a815b8145838b8343	TITLE.BIN:EB8:18
B00704	93ac8db082cc837d837e	TITLE.BIN:ED0:10
B00705	8d828b4d82c88db990e189d8	TITLE.BIN:EF8:12
B00706	8bb3977b82cc8347837e838a815b	TITLE.BIN:F1C:14
B00707	89c695bf82c68c8c8bd882cc838b837e8369815b83478374	TITLE.BIN:F30:24
B00708	8394834083438349838a839382cc8341838c83748360815b8369	TITLE.BIN:F60:26
B00709	838d8362834e82cc9550	TITLE.BIN:FA0:10
B00710	82a8928382cc89c089d8	TITLE.BIN:FB4:10
B00711	82a889d482cc837d838a	TITLE.BIN:FD4:10
B00712	836083838343836982cc97ed94fc	TITLE.BIN:FFC:14
B00713	8d818de28347838a834a	TITLE.BIN:1030:10
B00714	82a882c182c682e882cc8e8d9044	TITLE.BIN:1048:14
B00715	985a967b96d882cc9591	TITLE.BIN:107C:10
B00716	837c838a838a815b8369	TITLE.BIN:10B4:10
B00717	8386815b838a83428145834c8385815b8375	TITLE.BIN:10EC:18
B00718	905f8a798de283868369	TITLE.BIN:112C:10
B00719	95908aed96bc	TITLE.BIN:1138:6
B00720	835f837e815b	TITLE.BIN:1144:6
B00721	88c582cc8ee8	TITLE.BIN:114C:6
B00722	837c8343835d836a8362834e8375838c815b8368	TITLE.BIN:1154:20
B00723	83548343834c8362834e8375838c815b8368	TITLE.BIN:116C:18
B00724	83498345834b8375838c815b8368	TITLE.BIN:1180:14
B00725	8fd5946a	TITLE.BIN:1190:4
B00726	89a391c5	TITLE.BIN:1198:4
B00727	93538c9d	TITLE.BIN:11A0:4
B00728	925a8b408ad68f65	TITLE.BIN:11A8:8
B00729	94bc8ea993ae8c9d8f65	TITLE.BIN:11B4:10
B00730	984194ad914f91958f65	TITLE.BIN:11C0:10
B00731	83748348815b838b8368	TITLE.BIN:11CC:10
B00732	8356815b838b83688376838c8358	TITLE.BIN:11D8:14
B00733	835e8362834e838b	TITLE.BIN:11E8:8
B00734	94978c829643	TITLE.BIN:11F4:6
B00735	8d828ecb9643	TITLE.BIN:11FC:6
B00736	8ea991969643	TITLE.BIN:1204:6
B00737	834f838c836c815b8368	TITLE.BIN:120C:10
B00738	96b394bd93ae9643	TITLE.BIN:1218:8
B00739	8fac89ce8aed	TITLE.BIN:1224:6
B00740	834a83438355815b835c815b8368	TITLE.BIN:122C:14
B00741	835c8345838b834e8389836283568383815b	TITLE.BIN:123C:18
B00742	8349815b838983698362834e838b	TITLE.BIN:1250:14
B00743	83528393837483858341838d815b	TITLE.BIN:1260:14
B00744	8368838c83438393835c815b8368	TITLE.BIN:1270:14
B00745	838c83438393837b815b835c815b8368	TITLE.BIN:1280:16
B00746	8373815b8360837b8380	TITLE.BIN:1294:10
B00747	8370838f815b835783838378838a8393	TITLE.BIN:12A0:16
B00748	8b4d9577906c82cc90ee8e71	TITLE.BIN:12B4:12
B00749	8354834e8389835c815b8368	TITLE.BIN:12C4:12
B00750	834c834e834a8362835e815b	TITLE.BIN:12D4:12
B00751	8381835e838b8375838c815b8368	TITLE.BIN:12E4:14
B00752	93648ea58375838c815b8368	TITLE.BIN:12F4:12
B00753	93648ea5838d83628368	TITLE.BIN:1304:10
B00754	93648ea58372815b8380	TITLE.BIN:1310:10
B00755	905f96c28c95	TITLE.BIN:131C:6
B00756	834e838a8358835e838b838c815b8355815b	TITLE.BIN:1324:18
B00757	8358835e8393835c815b8368	TITLE.BIN:1338:12
B00758	838983438367835a8343836f815b	TITLE.BIN:1348:14
B00759	838a836a8341838c815b838b834b8393	TITLE.BIN:1358:16
B00760	92b490e291ce97eb937882cc82c282e782e7	TITLE.BIN:136C:18
B00761	8370838f815b8389835083628367	TITLE.BIN:1380:14
B00762	94ad90ba8d558c82	TITLE.BIN:1390:8
B00763	83728362834e837a8343815b838b835883738393	TITLE.BIN:139C:20
B00764	83548362834a815b837b815b838b834c8362834e	TITLE.BIN:13B4:20
B00765	8372815b8380836f83628367	TITLE.BIN:13CC:12
B00766	836e83438370815b8372815b8380	TITLE.BIN:13DC:14
B00767	834383938365838a8357834683938358838c815b8355815b	TITLE.BIN:13EC:24
B00768	8f9789a4976c82cc83808360	TITLE.BIN:1408:12
B00769	8394834083438349838a8393837b8345	TITLE.BIN:1418:16
B00770	83608346815b8393	TITLE.BIN:142C:8
B00771	82d082b582e182ad	TITLE.BIN:1438:8
B00772	838d815b8359836083628376	TITLE.BIN:1444:12
B00773	914d8bf39184	TITLE.BIN:1454:6
B00774	8347838c834b83938367835c815b8368	TITLE.BIN:145C:16
B00775	82a882c182c682e8837288ea8380	TITLE.BIN:1470:14
B00776	8341834383418393	TITLE.BIN:1480:8
B00777	836f8362834c839383728385815b	TITLE.BIN:148C:14
B00778	836f8362834c8393837b815b	TITLE.BIN:149C:12
B00779	835c815b83688382815b8368	TITLE.BIN:14AC:12
B00780	834b83938382815b8368	TITLE.BIN:14BC:10
B00781	838983438367836a8393834f836f8358835e815b	TITLE.BIN:14C8:20
B00782	88c582cc90b69261	TITLE.BIN:14E0:8
B00783	88c593ae8c9d	TITLE.BIN:14EC:6
B00784	90d4946793ae	TITLE.BIN:14F4:6
B00785	8d95946793ae	TITLE.BIN:14FC:6
B00786	88c582cc8fd58c82	TITLE.BIN:1504:8
B00787	83748385815b83578387839389fc	TITLE.BIN:1510:14
B00788	946793ae96438f5b9355	TITLE.BIN:1520:10
B00789	97b18e719643	TITLE.BIN:152C:6
B00790	837a815b838b834183458367	TITLE.BIN:1534:12
B00791	8347836c838b834d815b837b838b8367	TITLE.BIN:1544:16
B00792	96b082e895b2	TITLE.BIN:1558:6
B00793	946793ae9643	TITLE.BIN:1560:6
B00794	8349815b838983748389836283568385	TITLE.BIN:1568:16
B00795	837a815b838a815b8375838c8358	TITLE.BIN:157C:14
B00796	835f815b834e8375838c8358	TITLE.BIN:158C:12
B00797	838c815b8355815b838983438374838b	TITLE.BIN:159C:16
B00798	8d8291ac8e6182e8	TITLE.BIN:15B0:8
B00799	905f8c6f834b8358	TITLE.BIN:15BC:8
B00800	89f689b99467	TITLE.BIN:15C8:6
B00801	93c5834b8358	TITLE.BIN:15D0:6
B00802	94ec91e589b99467	TITLE.BIN:15D8:8
B00803	8dc396b089b99467	TITLE.BIN:15E4:8
B00804	8f5b9364	TITLE.BIN:15F0:4
B00805	8aae91538f43959c	TITLE.BIN:15F8:8
B00806	8b40945c89f1959c	TITLE.BIN:1604:8
B00807	8f43959c	TITLE.BIN:1610:4
B00808	837a815b837e8393834f837e83548343838b	TITLE.BIN:1618:18
B00809	83418367837e8362834e837b8380	TITLE.BIN:162C:14
B00810	8374834083628367837b8380	TITLE.BIN:163C:12
B00811	838a8367838b837b8380	TITLE.BIN:164C:10
B00812	8381838b8367835f83458393	TITLE.BIN:1658:12
B00813	8365838c837c815b83678341835e8362834e	TITLE.BIN:1668:18
B00814	838a836f815b8358	TITLE.BIN:167C:8
B00815	837583898362834e8358836783898343834e	TITLE.BIN:1688:18
B00816	8358815b8370815b836d83948340	TITLE.BIN:169C:14
B00817	834583438393836883588367815b8380	TITLE.BIN:16AC:16
B00818	8375838c8343834e8356838783628367	TITLE.BIN:16C0:16
B00819	8e5f90ab894a	TITLE.BIN:16D4:6
B00820	938d8cb98bbd	TITLE.BIN:16DC:6
B00821	83498343838b838c83438393	TITLE.BIN:16E4:12
B00822	8343815b8372838b836f835e837483898343	TITLE.BIN:16F4:18
B00823	8f7496b0	TITLE.BIN:1708:4
B00824	89a990f2	TITLE.BIN:1710:4
B00825	8381835e838b837b815b838b	TITLE.BIN:1718:12
B00826	83748385815b835783878393	TITLE.BIN:1728:12
B00827	82dd82f182c882cc97cd	TITLE.BIN:1738:10
B00828	83748348815b8358837e83548343838b	TITLE.BIN:1744:16
B00829	838983438367836a8393834f83568385815b8367	TITLE.BIN:1758:20
B00830	95fa9364	TITLE.BIN:1770:4
B00831	8ef4949b	TITLE.BIN:1778:4
B00832	8352815b8368835883738341	TITLE.BIN:1780:12
B00833	838a8355838c834e835683878393	TITLE.BIN:1790:14
B00834	838a8374838c836283568385	TITLE.BIN:17A0:12
B00835	83608383815b8357838983438374	TITLE.BIN:17B0:14
B00836	9597978b	TITLE.BIN:17C0:4
B00837	88ea914d	TITLE.BIN:17C8:4
B00838	905f88d0	TITLE.BIN:17D0:4
B00839	837683898359837d83578346836283678372815b8380	TITLE.BIN:17D8:22
B00840	838a8374838c834e8367838c815b8355815b	TITLE.BIN:17F0:18
B00841	928690ab8e718372815b8380	TITLE.BIN:1804:12
B00842	8347838c834e8367838d83938375838c8343834e	TITLE.BIN:1814:20
B00843	834e838a83418349815b838b	TITLE.BIN:182C:12
B00844	8358835e83938349815b838b	TITLE.BIN:183C:12
B00845	8389834383578393834f8368838983538393	TITLE.BIN:184C:18
B00846	837683898359837d838a8362834b815b	TITLE.BIN:1860:16
B00847	8347836c838b834d815b8356815b838b8368	TITLE.BIN:1874:18
B00848	8349815b836f815b838c8343	TITLE.BIN:1888:12
B00849	8d8291ac98418ecb	TITLE.BIN:1898:8
B00850	8365838c837c815b8367	TITLE.BIN:18A4:10
B00851	8367838a8376838b8341834e835a838b	TITLE.BIN:18B0:16
B00852	8349815b838d8389837483408393836c838b	TITLE.BIN:18C4:18
B00853	8341834383588356815b838b8368	TITLE.BIN:18D8:14
B00854	83548343834e838d8393834a83628367	TITLE.BIN:18E8:16
B00855	838d837b8362836783738393837c8393	TITLE.BIN:18FC:16
B00856	9166905582e8926e8d96	TITLE.BIN:1910:10
B00857	8358837c836283678389834383678372815b8380	TITLE.BIN:191C:20
B00858	834e83898393834e83438393	TITLE.BIN:1934:12
B00859	8343838b837e836c815b835683878393838c815b8355815b	TITLE.BIN:1944:24
B00860	836f8362834e8374834083438384815b	TITLE.BIN:1960:16
B00861	8370836283568393834f8372815b8380	TITLE.BIN:1974:16
B00862	82a082a882e9	TITLE.BIN:1988:6
B00863	836e838a8350815b839383568385815b8367	TITLE.BIN:1990:18
B00864	835f83438369837d834383678358838d815b83438393	TITLE.BIN:19A4:22
B00865	83438347838d815b834a815b8368	TITLE.BIN:19BC:14
B00866	835f8375838b83778362835f815b	TITLE.BIN:19CC:14
B00867	96828b85	TITLE.BIN:19DC:4
B00868	91e5838a815b834f83568385815b835e815b	TITLE.BIN:19E4:18
B00869	836e83438370815b8a678e558372815b8380	TITLE.BIN:19F8:18
B00870	8389834383678371815b838a8393834f	TITLE.BIN:1A0C:16
B00871	8372815b83808352815b836583428393834f	TITLE.BIN:1A20:18
B00872	88ea96d491c59073	TITLE.BIN:1A34:8
B00873	969e8fea88ea9276	TITLE.BIN:1A40:8
B00874	8f6389a196b39073	TITLE.BIN:1A4C:8
B00875	8352815b838b837e815b834e8343815b8393	TITLE.BIN:1A58:18
B00876	8bb68b4397909591	TITLE.BIN:1A6C:8
B00877	935390ee	TITLE.BIN:1A78:4
B00878	959c8a888dd5	TITLE.BIN:1A80:6
B00879	838c834e834383478380	TITLE.BIN:1A88:10
B00880	8e718ee789cc	TITLE.BIN:1A94:6
B00881	837783948342815b8381835e838b	TITLE.BIN:1A9C:14
B00882	836e815b8368838d8362834e	TITLE.BIN:1AAC:12
B00883	83708393834e838d8362834e	TITLE.BIN:1ABC:12
B00884	82a8928397a782c4	TITLE.BIN:1ACC:8
B00885	92838a988341835e8362834e	TITLE.BIN:1AD8:12
B00886	9283e2a4837e83548343838b	TITLE.BIN:1AE8:12
B00887	83668393835783838389835883708345835f815b	TITLE.BIN:1AF8:20
B00888	83748389838f815b837e83588367	TITLE.BIN:1B10:14
B00889	837c834383598393836a815b8368838b	TITLE.BIN:1B20:16
B00890	83748340834383758341836a837d838b834a83938374815b	TITLE.BIN:1B34:24
B00891	8f578b438c9d	TITLE.BIN:1B50:6
B00892	8ff28b438c9d	TITLE.BIN:1B58:6
B00893	8347838c834b83938367835f83938358	TITLE.BIN:1B60:16
B00894	837e838988ea83578385837288ea8380	TITLE.BIN:1B74:16
B00895	83548343834c8362834e837388ea8358	TITLE.BIN:1B88:16
B00896	82a882c182c682e8838c88ea835588ea	TITLE.BIN:1B9C:16
B00897	8358838d88ea837188ea838a8393834f	TITLE.BIN:1BB0:16
B00898	8358838d88ea8380815b8394	TITLE.BIN:1BC4:12
B00899	837a815b838b83438393838f8393	TITLE.BIN:1BD4:14
B00900	834c88ea83768c4e8fa28aab	TITLE.BIN:1BE4:12
B00901	949a8cf58b85	TITLE.BIN:1BF4:6
B00902	837e838b834c815b8341835e8362834e	TITLE.BIN:1BFC:16
B00903	82648272826f837188ea838a8393834f	TITLE.BIN:1C10:16
B00904	8365838c837c88ea8367	TITLE.BIN:1C24:10
B00905	834e838b834e838b837083938360	TITLE.BIN:1C30:14
B00906	836e83938368837188ea838a8393834f	TITLE.BIN:1C40:16
B00907	83898343836783588389836283568385	TITLE.BIN:1C54:16
B00908	837e8389815b83578385834c8383836d8393	TITLE.BIN:1C68:18
B00909	979082ea8c8282bf	TITLE.BIN:1C7C:8
B00910	8be289cd81458a4f894692888251	LONGMAP.BIN:0:14
B00911	8be289cd81458a4f89469288	LONGMAP.BIN:10:12
B00912	986690af83578362834e838a	LONGMAP.BIN:20:12
B00913	8b408a4289bb986690af	LONGMAP.BIN:30:10
B00914	8a458bbe90af83718362835c838a	LONGMAP.BIN:3C:14
B00915	97ac90f990af8341838c836e8365	LONGMAP.BIN:4C:14
B00916	8d8b8d9595c78145894692888bf38ad4	LONGMAP.BIN:5C:16
B00917	8969899382cc8376838a8393835a83588d86	LONGMAP.BIN:70:18
B00918	e587984f90af837e8347836c815b8384	LONGMAP.BIN:84:16
B00919	935690af90d5926e	LONGMAP.BIN:98:8
B00920	926e8b85	LONGMAP.BIN:A4:4
B00921	935690af82bb82ce	LONGMAP.BIN:AC:8
B00922	8be289cd814593e0894692888251	LONGMAP.BIN:B8:14
B00923	986690af835e8393838c8393	LONGMAP.BIN:C8:12
B00924	8be289cd814593e0894692888252	LONGMAP.BIN:D8:14
B00925	8fac986690af8360836283608346815b8369	LONGMAP.BIN:E8:18
B00926	8dc58f8b90af834183628360815b8384	LONGMAP.BIN:FC:16
B00927	8bc98a4390af8363837883658343	LONGMAP.BIN:110:14
B00928	8be289cd814593e089469288	LONGMAP.BIN:120:12
B00929	9048904190af834983438356815b8384	LONGMAP.BIN:130:16
B00930	93ec94d890af834583898389815b834a	LONGMAP.BIN:144:16
B00931	926e8b858145894692888bf38ad4	LONGMAP.BIN:158:14
B00932	89469288	LONGMAP.BIN:168:4
B00933	934782cc94e996a78aee926e	LONGMAP.BIN:174:12
B00934	935689ce92c4978e926e935f	LONGMAP.BIN:184:12
B00935	94928b7591e48f978e718d5a	LONGMAP.BIN:19C:12
B00936	8386836982cc89c682cc82bb82ce	LONGMAP.BIN:1AC:14
B00937	836c8349938c8b9e94c989d88a58	LONGMAP.BIN:1BC:14
B00938	838a8385815b83668342834181758cb38b4382bb82a482cb814083868369	LONGMAP.BIN:5C4:30
B00939	838683698175838a8140838a8385815b83668342834182b382f198740a82ed829f81408b7682b582d482e881408cb38b4382be82c182bd829f9874	LONGMAP.BIN:5F8:59
B00940	838a8385815b836683428341817582a682a6816381630a8e8482cd8da189f1814090ed93ac82c98e5189c182c582ab82c882a282af82ea82c70a82c582ab82e982be82af82cc8ba697cd82cd82b782e982ed8149	LONGMAP.BIN:648:84
B00941	8175834183438365838082cc92b2924282cd8e8482c982dc82a982b982c40a82bf82e582a482be82a28149814082bb82ea82c68e8482cc95fb82c582e00a91bc82cc92878ad482f0917b82b582c482dd82e982ed9873	LONGMAP.BIN:6AC:86
B00942	8175834183438365838082c68ca982c282af82bd92878ad482cd0a82b782ae82c9935d919782b782e982a982e788c0905382b582c49873	LONGMAP.BIN:710:55
B00943	83868369817582a082e882aa82c681498140838a8385815b83668342834182b382f19873	LONGMAP.BIN:754:36
B00944	8347838b8369815b817582bb82a482a282a682ce8140838683690a837d837d82c682cd9841978d82f082c682c182c482e982f182c582b782a98148	LONGMAP.BIN:788:59
B00945	83868369817582a482a482f1816381638370837082c6837d837d8da18da00a82c782a482b582c482e982cc82a982c88163	LONGMAP.BIN:7D8:49
B00946	826f826d8146959791ba81408db988a8	LONGMAP.BIN:42F0:16
B00947	959f936381409861906d	LONGMAP.BIN:4304:10
B00948	88e48cfb81408ab28bb3	LONGMAP.BIN:4310:10
B00949	88c9938c814097c191be	LONGMAP.BIN:431C:10
B00950	826f826d8146905f8a798de2814097b2	LONGMAP.BIN:433C:16
B00951	826f826d814683748340837e815b8251	LONGMAP.BIN:4350:16
B00952	94a98e5281408d4f9861	LONGMAP.BIN:4374:10
B00953	909981409271976d	LONGMAP.BIN:4380:8
B00954	826f826d814682d382e98370838f8160	LONGMAP.BIN:438C:16
B00955	82b382f182cc8dec9569	LONGMAP.BIN:4430:10
B00956	837d837d817583868369814082a082c882bd82c9837483408393838c835e815b82aa0a978882c482e982ed82e68149	LONGMAP.BIN:443C:47
B00957	83868369817582ed815b82a28140837a8393836782c99876	LONGMAP.BIN:4480:24
B00958	837d837d817582bb82ea82c6895c82c595b782a282bd82f182be82af82c70a82c782b182a982cc90af82c58bad82a295ba91e082b382f182f00a82e282c182c282af82e982c682a282a282b182c682aa82a082e982bb82a482e68149	LONGMAP.BIN:44B0:92
B00959	83868369817582a682c1814082a282a282b182c681480a82bb82ea82c182c482c882f182be82eb8163816381638148	LONGMAP.BIN:451C:47
B00960	837d837d817582b682e182a081408386836981408b4382f082c282af82c482cb8149	LONGMAP.BIN:4560:34
B00961	8386836981758d7382c182c4978882dc816082b78140837d837d9876	LONGMAP.BIN:4590:28
B00962	838a8385815b836683428341817582dc82bd81408ce382c50a89ef82a282dc82b582e582a48149	LONGMAP.BIN:5FC0:39
B00963	835e83438367838b82d68140	OMAKE.BIN:0:12
B00964	89b990ba8140814081408140	OMAKE.BIN:10:12
B00965	938a8d658343838983588367	OMAKE.BIN:20:12
B00966	8380815b8372815b81408140	OMAKE.BIN:30:12
B00967	90c38e7e89e6814081408140	OMAKE.BIN:40:12
B00968	826f826d8146959791ba81408db988a8	OMAKE.BIN:64:16
B00969	959f936381409861906d	OMAKE.BIN:78:10
B00970	88e48cfb81408ab28bb3	OMAKE.BIN:84:10
B00971	88c9938c814097c191be	OMAKE.BIN:90:10
B00972	826f826d8146905f8a798de2814097b2	OMAKE.BIN:B0:16
B00973	826f826d814683748340837e815b8251	OMAKE.BIN:C4:16
B00974	94a98e5281408d4f9861	OMAKE.BIN:E8:10
B00975	909981409271976d	OMAKE.BIN:F4:8
B00976	826f826d814682d382e98370838f8160	OMAKE.BIN:100:16
B00977	8347838b8369815b817583868369814095fb8cfc837b835e839382cc0a8fe389ba8db6894582c5837e83548343838b82f0814094f082af82c882aa82e70a906982f182c582ad82be82b382a28149	GAME.BIN:5A0:78
B00978	8175825394ad96bd928682b582bd82e7814082a882b582dc82a282c582b781490a82ad82ea82ae82ea82e0814090548f6482c982a88ae882a282b582dc82b78149	GAME.BIN:604:65
B00979	83868369817582ed82a982c182bd82ed81408347838b8369815b9873	GAME.BIN:654:28
B00980	8347838b8369815b817583868369987381408e9f82aa978882dc82b781490a8b4382f082c282af82c49873	GAME.BIN:794:43
B00981	8347838b8369815b81758acd82cc9084906997cd92e189ba81630a82b182cc82dc82dc814082b182b182c982a282c482cd8aeb8caf82c582b79873	GAME.BIN:800:59
B00982	817582b782ae82c9814082b182cc8bf388e682a982e70a97a3924582b582c882ad82c482cd81638163	GAME.BIN:848:41
B00983	837e8354834c817582e282de82f093be82c882a2814981408386836998730a82b782ae82bb82ce82c98177834183628360815b8384817882aa82a082e982ed81490a82bb82b182c995738e9e928582b582dc82b582e582a48149	GAME.BIN:880:90
B00984	83868369817582ed82a982c182bd82ed81498140837e8354834c82bf82e182f18149	GAME.BIN:8F0:34
B00985	837c838a838a815b83698175934782cc8d558c8282aa8e7e82dc82c182bd81638163	GAME.BIN:920:34
B00986	8347838b8369815b817582bb82a482c582b782cb816381630a82c882f182c682a982e282e882b782b282b982bd82e682a482c582b781638163	GAME.BIN:958:57
B00987	837e8354834c817582bf82e582a482c790698d7395fb8cfc82c90a81778363837883658343817882aa82a082e982ed8149	GAME.BIN:9A0:49
B00988	817583868369814081778363837883658343817882c98cfc82a982a482ed82e68149	GAME.BIN:9E0:34
B00989	967b91cc82718260826c82cc8f8094f582aa82c582ab82c482a282dc82b982f1	0.BIN:A10:32
B00990	836f8362834e83418362837682f0914991f082b582c482ad82be82b382a2	0.BIN:1060:30
B00991	837d838b83608376838c83438384815b89e696ca82d6	0.BIN:13E0:22
B00992	959588f382c982e682e88b5a8e679770957389c2	0.BIN:B108:20
B00993	82f08a6c93be82b582bd	0.BIN:B6D8:10
B00994	834e83898393834e834383938f4997b9	0.BIN:E641:16
B00995	838683698140926282a682c482a282ab82dc82b782a98148	0.BIN:15D48:24
B00996	8b408a4289bb92e98d9181458ef19373	0.BIN:16F14:16
B00997	8be289cd81458a4f894692888251	0.BIN:17730:14
B00998	835a815b837582b582dc82b582bd	0.BIN:17E24:14
B00999	835a815b837582b782e98366815b835e82f0914991f082b582c482ad82be82b382a2	0.BIN:17F98:34
B01000	835a815b837582b582dc82b782a98148	0.BIN:1AEAC:16
B01001	837483408343838b8253	0.BIN:1C814:10
B01002	8c6f8cb1926c	0.BIN:20048:6
B01003	83588365815b835e8358	0.BIN:25640:10
B01004	8f9f97988ff08c8f	0.BIN:2677C:8
B01005	959588f382c982e682e88b5a8e679770957389c2	0.BIN:26F2C:20
B01006	82dc82be81408b5a82f08a6f82a682c482a282c882a2	0.BIN:277C8:22
B01007	8347838b83898343839382cc954b8e458b5a8ed788ab82c882e98ed282f08ff289bb82b782e9	0.BIN:2897C:38
B01008	8e67977088ca927582f08e7792e882b582c4836c	0.BIN:37308:20
B01009	926e96ca8140814081408140	0.BIN:379B4:12
B01010	947a9275834c83838389834e835e815b82f0914991f082b582c4836c8140	0.BIN:41814:30
B01011	82f08a6c93be82b582bd	0.BIN:4E8EC:10
B01012	838a8385815b8366834283418175836e83430a82b182bf82e7838a8385815b83668342834181630a82a8948382a295a882c882e78e8482c982dc82a982b982c482cb8149	LONGMAP.BIN:5D54:68
B01013	925482b582c482a282dc82b78163	OMAKE.BIN:45C:14
